Driver,Trip,Week,Treatment,AgeGroup,Gender
1,1,1,0,3,1
1,16,1,0,3,1
1,17,1,0,3,1
1,18,1,0,3,1
1,19,1,0,3,1
1,42,2,0,3,1
1,43,2,0,3,1
1,47,2,0,3,1
1,48,2,0,3,1
1,49,2,0,3,1
1,53,2,0,3,1
1,54,2,0,3,1
1,55,2,0,3,1
1,65,3,1,3,1
1,66,3,1,3,1
1,102,3,1,3,1
1,103,3,1,3,1
1,126,4,1,3,1
1,127,4,1,3,1
1,155,4,1,3,1
1,157,4,1,3,1
1,174,5,1,3,1
1,175,5,1,3,1
1,181,5,1,3,1
1,182,5,1,3,1
1,183,5,1,3,1
2,1,1,0,1,1
2,6,1,0,1,1
2,14,1,0,1,1
2,22,1,0,1,1
2,23,1,0,1,1
2,37,1,0,1,1
2,39,1,0,1,1
2,72,2,0,1,1
2,78,3,1,1,1
2,80,3,1,1,1
2,87,3,1,1,1
2,90,3,1,1,1
2,91,3,1,1,1
2,94,3,1,1,1
2,126,4,1,1,1
2,131,4,1,1,1
2,132,4,1,1,1
2,137,4,1,1,1
2,138,4,1,1,1
2,139,4,1,1,1
2,140,4,1,1,1
2,148,4,1,1,1
2,149,4,1,1,1
2,150,4,1,1,1
2,174,5,1,1,1
2,175,5,1,1,1
2,187,5,1,1,1
2,188,5,1,1,1
2,190,5,1,1,1
2,204,5,1,1,1
2,205,5,1,1,1
2,236,6,1,1,1
2,237,6,1,1,1
2,238,6,1,1,1
2,249,6,1,1,1
2,253,6,1,1,1
2,254,6,1,1,1
2,255,6,1,1,1
2,281,7,1,1,1
2,286,7,1,1,1
3,1,1,0,3,2
3,159,6,1,3,2
3,180,6,1,3,2
4,2,1,0,1,1
4,6,1,0,1,1
4,19,1,0,1,1
4,22,1,0,1,1
4,30,1,0,1,1
4,31,1,0,1,1
4,33,1,0,1,1
4,38,1,0,1,1
4,41,1,0,1,1
4,44,1,0,1,1
4,46,2,0,1,1
4,49,2,0,1,1
4,74,2,0,1,1
4,77,2,0,1,1
4,80,2,0,1,1
4,81,2,0,1,1
4,83,2,0,1,1
4,85,2,0,1,1
4,97,3,1,1,1
4,99,3,1,1,1
4,121,3,1,1,1
4,122,3,1,1,1
4,124,3,1,1,1
4,125,3,1,1,1
4,126,4,1,1,1
4,129,4,1,1,1
4,140,4,1,1,1
4,143,4,1,1,1
4,148,4,1,1,1
4,151,4,1,1,1
4,158,4,1,1,1
4,160,4,1,1,1
4,163,4,1,1,1
4,166,4,1,1,1
4,167,4,1,1,1
4,169,4,1,1,1
4,177,4,1,1,1
4,178,4,1,1,1
4,186,4,1,1,1
4,187,4,1,1,1
4,189,5,1,1,1
4,194,5,1,1,1
4,199,5,1,1,1
4,201,5,1,1,1
4,205,5,1,1,1
4,207,5,1,1,1
4,208,5,1,1,1
4,235,5,1,1,1
4,239,6,1,1,1
4,242,6,1,1,1
4,251,6,1,1,1
4,252,6,1,1,1
4,279,6,1,1,1
4,280,6,1,1,1
4,291,6,1,1,1
4,292,6,1,1,1
4,294,7,1,1,1
4,296,7,1,1,1
5,1,1,0,3,1
5,6,1,0,3,1
5,7,1,0,3,1
5,9,1,0,3,1
5,14,1,0,3,1
5,15,1,0,3,1
5,18,1,0,3,1
5,19,1,0,3,1
5,20,1,0,3,1
5,21,1,0,3,1
5,22,1,0,3,1
5,25,1,0,3,1
5,26,2,0,3,1
5,28,2,0,3,1
5,33,2,0,3,1
5,34,2,0,3,1
5,49,2,0,3,1
5,54,2,0,3,1
5,55,2,0,3,1
5,57,2,0,3,1
5,62,2,0,3,1
5,63,2,0,3,1
5,65,3,1,3,1
5,73,3,1,3,1
5,75,3,1,3,1
5,82,3,1,3,1
5,83,3,1,3,1
5,84,3,1,3,1
5,90,3,1,3,1
5,91,3,1,3,1
5,93,3,1,3,1
5,96,3,1,3,1
5,99,3,1,3,1
5,102,3,1,3,1
5,103,3,1,3,1
5,104,3,1,3,1
5,105,3,1,3,1
5,109,3,1,3,1
5,111,4,1,3,1
5,112,4,1,3,1
5,113,4,1,3,1
5,122,4,1,3,1
5,125,4,1,3,1
5,126,4,1,3,1
5,128,4,1,3,1
5,129,4,1,3,1
5,131,4,1,3,1
5,135,4,1,3,1
5,137,4,1,3,1
5,143,4,1,3,1
5,145,4,1,3,1
5,146,4,1,3,1
5,147,4,1,3,1
5,149,4,1,3,1
5,152,5,1,3,1
5,153,5,1,3,1
5,162,5,1,3,1
5,163,5,1,3,1
5,166,5,1,3,1
5,169,5,1,3,1
5,170,5,1,3,1
5,172,5,1,3,1
5,173,5,1,3,1
5,175,5,1,3,1
5,180,6,1,3,1
5,181,6,1,3,1
5,182,6,1,3,1
5,183,6,1,3,1
5,184,6,1,3,1
5,185,6,1,3,1
5,186,6,1,3,1
5,189,6,1,3,1
5,190,6,1,3,1
5,192,6,1,3,1
5,193,6,1,3,1
5,195,6,1,3,1
5,208,6,1,3,1
5,211,6,1,3,1
5,212,6,1,3,1
5,214,7,1,3,1
5,215,7,1,3,1
6,1,1,0,3,2
6,7,1,0,3,2
6,9,1,0,3,2
6,12,1,0,3,2
6,15,1,0,3,2
6,48,2,0,3,2
6,49,2,0,3,2
6,61,2,0,3,2
6,62,2,0,3,2
6,84,3,1,3,2
6,85,3,1,3,2
6,106,4,1,3,2
6,126,5,1,3,2
6,130,5,1,3,2
6,137,5,1,3,2
6,138,5,1,3,2
6,140,5,1,3,2
6,142,5,1,3,2
6,161,6,1,3,2
6,164,6,1,3,2
6,172,7,1,3,2
7,9,1,0,3,2
7,10,1,0,3,2
7,12,1,0,3,2
7,15,1,0,3,2
7,36,2,0,3,2
7,37,2,0,3,2
7,38,2,0,3,2
7,39,2,0,3,2
7,40,2,0,3,2
7,43,3,1,3,2
7,45,3,1,3,2
7,67,5,1,3,2
7,69,5,1,3,2
7,73,5,1,3,2
7,80,5,1,3,2
7,81,5,1,3,2
7,93,6,1,3,2
8,22,1,0,2,2
8,24,1,0,2,2
8,45,2,0,2,2
8,76,2,0,2,2
8,77,2,0,2,2
8,78,2,0,2,2
8,80,2,0,2,2
8,81,2,0,2,2
8,82,2,0,2,2
8,84,2,0,2,2
8,85,2,0,2,2
8,86,3,1,2,2
8,87,3,1,2,2
8,88,3,1,2,2
8,89,3,1,2,2
8,90,3,1,2,2
8,91,3,1,2,2
8,93,3,1,2,2
8,95,3,1,2,2
8,96,3,1,2,2
8,97,3,1,2,2
8,112,3,1,2,2
8,113,3,1,2,2
8,126,3,1,2,2
8,127,3,1,2,2
8,128,3,1,2,2
8,129,3,1,2,2
8,130,3,1,2,2
8,131,3,1,2,2
8,132,3,1,2,2
8,133,3,1,2,2
8,137,4,1,2,2
8,138,4,1,2,2
8,141,4,1,2,2
8,142,4,1,2,2
8,143,4,1,2,2
8,144,4,1,2,2
8,145,4,1,2,2
8,148,4,1,2,2
8,150,4,1,2,2
8,152,4,1,2,2
8,153,4,1,2,2
8,208,5,1,2,2
8,209,5,1,2,2
10,9,1,0,1,2
10,10,1,0,1,2
10,13,1,0,1,2
10,14,1,0,1,2
10,16,1,0,1,2
10,17,1,0,1,2
10,18,2,0,1,2
10,19,2,0,1,2
10,26,2,0,1,2
10,27,2,0,1,2
10,30,2,0,1,2
10,31,3,1,1,2
10,32,3,1,1,2
10,33,3,1,1,2
10,40,4,1,1,2
10,41,4,1,1,2
10,42,4,1,1,2
10,43,4,1,1,2
10,61,4,1,1,2
10,62,4,1,1,2
10,65,5,1,1,2
10,66,5,1,1,2
10,70,5,1,1,2
10,71,5,1,1,2
10,73,5,1,1,2
10,76,5,1,1,2
10,87,5,1,1,2
10,92,5,1,1,2
10,93,5,1,1,2
10,94,6,1,1,2
10,95,6,1,1,2
10,97,6,1,1,2
10,98,6,1,1,2
10,100,6,1,1,2
10,101,6,1,1,2
10,113,6,1,1,2
11,1,1,0,2,2
11,44,3,1,2,2
11,45,3,1,2,2
11,46,3,1,2,2
11,48,3,1,2,2
11,58,3,1,2,2
11,59,3,1,2,2
11,72,3,1,2,2
11,74,3,1,2,2
11,77,3,1,2,2
11,78,3,1,2,2
11,79,3,1,2,2
11,80,4,1,2,2
11,83,4,1,2,2
11,94,5,1,2,2
11,97,5,1,2,2
11,101,5,1,2,2
11,107,5,1,2,2
11,108,5,1,2,2
11,109,5,1,2,2
11,110,5,1,2,2
11,111,5,1,2,2
11,117,6,1,2,2
11,119,6,1,2,2
11,124,7,1,2,2
12,1,1,0,2,2
12,37,2,0,2,2
12,38,2,0,2,2
12,58,3,1,2,2
12,59,3,1,2,2
12,110,5,1,2,2
12,111,5,1,2,2
12,121,5,1,2,2
12,123,5,1,2,2
12,155,7,1,2,2
13,1,1,0,2,2
13,8,1,0,2,2
13,9,1,0,2,2
13,33,2,0,2,2
13,34,2,0,2,2
13,38,2,0,2,2
13,40,2,0,2,2
13,42,2,0,2,2
13,43,2,0,2,2
13,46,2,0,2,2
13,47,2,0,2,2
13,54,2,0,2,2
13,62,3,1,2,2
13,63,3,1,2,2
13,127,5,1,2,2
13,134,5,1,2,2
13,135,5,1,2,2
13,136,5,1,2,2
13,143,6,1,2,2
14,1,1,0,2,1
14,6,1,0,2,1
14,8,1,0,2,1
14,28,1,0,2,1
14,53,2,0,2,1
14,57,2,0,2,1
14,58,2,0,2,1
14,68,2,0,2,1
14,75,3,1,2,1
14,93,4,1,2,1
14,103,4,1,2,1
14,104,4,1,2,1
14,106,4,1,2,1
14,107,4,1,2,1
14,121,4,1,2,1
14,122,4,1,2,1
14,145,5,1,2,1
14,161,5,1,2,1
14,162,5,1,2,1
14,182,6,1,2,1
14,189,6,1,2,1
14,190,6,1,2,1
14,194,6,1,2,1
14,195,6,1,2,1
14,198,6,1,2,1
14,200,6,1,2,1
14,205,7,1,2,1
15,4,1,0,3,2
15,27,2,0,3,2
15,35,2,0,3,2
15,37,2,0,3,2
15,51,2,0,3,2
15,57,2,0,3,2
15,62,3,1,3,2
15,65,3,1,3,2
15,66,3,1,3,2
15,67,3,1,3,2
15,82,3,1,3,2
15,83,3,1,3,2
15,87,3,1,3,2
15,89,3,1,3,2
15,101,4,1,3,2
15,112,4,1,3,2
15,114,5,1,3,2
15,120,5,1,3,2
15,121,5,1,3,2
15,125,5,1,3,2
15,131,5,1,3,2
15,136,5,1,3,2
15,139,5,1,3,2
15,143,6,1,3,2
15,146,6,1,3,2
15,174,6,1,3,2
15,176,6,1,3,2
16,2,1,0,1,1
16,3,1,0,1,1
16,6,1,0,1,1
16,8,1,0,1,1
16,10,1,0,1,1
16,13,1,0,1,1
16,21,1,0,1,1
16,22,1,0,1,1
16,27,2,0,1,1
16,32,2,0,1,1
16,33,2,0,1,1
16,36,2,0,1,1
16,39,2,0,1,1
16,40,2,0,1,1
16,41,2,0,1,1
16,42,2,0,1,1
16,43,2,0,1,1
16,45,2,0,1,1
16,47,3,1,1,1
16,48,3,1,1,1
16,49,3,1,1,1
16,52,3,1,1,1
16,53,3,1,1,1
16,56,3,1,1,1
16,57,3,1,1,1
16,58,3,1,1,1
16,62,4,1,1,1
16,66,4,1,1,1
16,70,4,1,1,1
16,71,4,1,1,1
16,72,4,1,1,1
16,75,4,1,1,1
16,76,4,1,1,1
16,78,4,1,1,1
16,79,5,1,1,1
16,82,5,1,1,1
16,89,5,1,1,1
16,93,5,1,1,1
16,95,6,1,1,1
16,98,6,1,1,1
16,100,6,1,1,1
16,101,6,1,1,1
16,102,6,1,1,1
16,103,6,1,1,1
16,104,6,1,1,1
16,108,6,1,1,1
16,109,6,1,1,1
16,110,6,1,1,1
16,112,7,1,1,1
16,115,7,1,1,1
17,1,1,0,1,2
17,27,1,0,1,2
17,28,1,0,1,2
17,48,2,0,1,2
17,57,2,0,1,2
17,62,2,0,1,2
17,63,2,0,1,2
17,64,2,0,1,2
17,76,3,1,1,2
17,98,4,1,1,2
17,104,4,1,1,2
17,107,4,1,1,2
17,108,4,1,1,2
17,116,4,1,1,2
17,122,4,1,1,2
17,124,4,1,1,2
17,135,4,1,1,2
17,136,4,1,1,2
17,137,4,1,1,2
17,139,4,1,1,2
17,144,4,1,1,2
17,152,4,1,1,2
17,153,4,1,1,2
17,154,4,1,1,2
17,162,5,1,1,2
17,163,5,1,1,2
17,164,5,1,1,2
17,174,5,1,1,2
17,175,5,1,1,2
17,176,5,1,1,2
17,177,5,1,1,2
17,195,5,1,1,2
17,206,5,1,1,2
17,222,7,1,1,2
18,1,1,0,2,1
18,2,1,0,2,1
18,18,1,0,2,1
18,19,1,0,2,1
18,25,1,0,2,1
18,27,1,0,2,1
18,28,1,0,2,1
18,29,1,0,2,1
18,30,1,0,2,1
18,32,1,0,2,1
18,33,1,0,2,1
18,34,2,0,2,1
18,36,2,0,2,1
18,37,2,0,2,1
18,43,2,0,2,1
18,48,2,0,2,1
18,49,2,0,2,1
18,50,2,0,2,1
18,52,2,0,2,1
18,53,2,0,2,1
18,62,2,0,2,1
18,65,2,0,2,1
18,68,2,0,2,1
18,71,2,0,2,1
18,78,2,0,2,1
18,80,2,0,2,1
18,85,3,1,2,1
18,92,3,1,2,1
18,96,3,1,2,1
18,98,3,1,2,1
18,102,3,1,2,1
18,103,3,1,2,1
18,108,3,1,2,1
18,119,4,1,2,1
18,120,4,1,2,1
18,121,4,1,2,1
18,126,4,1,2,1
18,128,4,1,2,1
18,129,4,1,2,1
18,131,4,1,2,1
18,132,4,1,2,1
18,133,4,1,2,1
18,135,4,1,2,1
18,138,4,1,2,1
18,139,4,1,2,1
18,145,4,1,2,1
18,150,4,1,2,1
18,152,4,1,2,1
18,153,4,1,2,1
18,166,5,1,2,1
18,170,5,1,2,1
18,172,5,1,2,1
18,173,5,1,2,1
18,185,5,1,2,1
18,186,5,1,2,1
18,187,5,1,2,1
18,188,5,1,2,1
18,191,5,1,2,1
18,192,5,1,2,1
18,193,5,1,2,1
18,201,6,1,2,1
18,202,6,1,2,1
18,207,6,1,2,1
18,212,6,1,2,1
18,213,6,1,2,1
18,214,6,1,2,1
18,217,6,1,2,1
18,218,6,1,2,1
18,219,6,1,2,1
18,222,6,1,2,1
18,227,6,1,2,1
18,231,6,1,2,1
18,233,6,1,2,1
18,238,6,1,2,1
18,239,6,1,2,1
18,241,6,1,2,1
18,242,6,1,2,1
18,255,7,1,2,1
18,266,7,1,2,1
18,267,7,1,2,1
18,269,7,1,2,1
18,270,7,1,2,1
19,8,1,0,1,2
19,10,1,0,1,2
19,12,1,0,1,2
19,15,1,0,1,2
19,16,1,0,1,2
19,17,1,0,1,2
19,21,1,0,1,2
19,22,1,0,1,2
19,24,1,0,1,2
19,26,2,0,1,2
19,28,2,0,1,2
19,45,2,0,1,2
19,51,2,0,1,2
19,53,2,0,1,2
19,62,3,1,1,2
19,63,3,1,1,2
19,71,3,1,1,2
19,72,3,1,1,2
19,75,3,1,1,2
19,76,3,1,1,2
19,77,3,1,1,2
19,79,3,1,1,2
19,83,3,1,1,2
19,85,3,1,1,2
19,127,4,1,1,2
19,130,4,1,1,2
19,155,6,1,1,2
19,156,6,1,1,2
19,157,6,1,1,2
19,158,6,1,1,2
19,160,6,1,1,2
19,161,7,1,1,2
20,1,1,0,2,1
20,4,1,0,2,1
20,18,1,0,2,1
20,19,1,0,2,1
20,20,1,0,2,1
20,21,1,0,2,1
20,22,1,0,2,1
20,23,1,0,2,1
20,29,1,0,2,1
20,33,1,0,2,1
20,34,1,0,2,1
20,38,1,0,2,1
20,39,1,0,2,1
20,40,1,0,2,1
20,43,1,0,2,1
20,45,1,0,2,1
20,48,2,0,2,1
20,52,2,0,2,1
20,55,2,0,2,1
20,62,2,0,2,1
20,67,2,0,2,1
20,70,2,0,2,1
20,73,2,0,2,1
20,74,2,0,2,1
20,78,2,0,2,1
20,79,2,0,2,1
20,88,2,0,2,1
20,91,2,0,2,1
20,93,2,0,2,1
20,95,3,1,2,1
20,99,3,1,2,1
20,100,3,1,2,1
20,101,3,1,2,1
20,104,3,1,2,1
20,105,3,1,2,1
20,106,3,1,2,1
20,107,3,1,2,1
20,109,3,1,2,1
20,111,3,1,2,1
20,112,3,1,2,1
20,113,3,1,2,1
20,115,3,1,2,1
20,116,3,1,2,1
20,118,3,1,2,1
20,121,3,1,2,1
20,123,3,1,2,1
20,125,3,1,2,1
20,129,3,1,2,1
20,130,3,1,2,1
20,136,4,1,2,1
20,140,4,1,2,1
20,142,4,1,2,1
20,154,4,1,2,1
20,157,4,1,2,1
20,159,4,1,2,1
20,164,5,1,2,1
20,167,5,1,2,1
20,169,5,1,2,1
20,173,5,1,2,1
20,174,5,1,2,1
20,178,5,1,2,1
20,181,5,1,2,1
20,185,5,1,2,1
20,188,5,1,2,1
20,193,5,1,2,1
20,196,6,1,2,1
20,202,6,1,2,1
20,207,6,1,2,1
20,210,6,1,2,1
20,212,7,1,2,1
20,216,7,1,2,1
20,217,7,1,2,1
21,1,1,0,2,1
21,2,1,0,2,1
21,4,1,0,2,1
21,5,1,0,2,1
21,7,1,0,2,1
21,12,1,0,2,1
21,21,1,0,2,1
21,22,1,0,2,1
21,23,1,0,2,1
21,26,2,0,2,1
21,27,2,0,2,1
21,28,2,0,2,1
21,32,2,0,2,1
21,35,2,0,2,1
21,36,2,0,2,1
21,37,2,0,2,1
21,39,2,0,2,1
21,40,2,0,2,1
21,41,2,0,2,1
21,42,2,0,2,1
21,43,2,0,2,1
21,44,2,0,2,1
21,46,2,0,2,1
21,47,2,0,2,1
21,49,2,0,2,1
21,50,2,0,2,1
21,54,2,0,2,1
21,55,3,1,2,1
21,56,3,1,2,1
21,58,3,1,2,1
21,59,3,1,2,1
21,62,3,1,2,1
21,67,3,1,2,1
21,69,3,1,2,1
21,70,3,1,2,1
21,77,3,1,2,1
21,84,3,1,2,1
21,85,3,1,2,1
21,87,3,1,2,1
21,88,3,1,2,1
21,90,3,1,2,1
21,98,4,1,2,1
21,106,4,1,2,1
21,107,4,1,2,1
21,109,4,1,2,1
21,114,4,1,2,1
21,115,4,1,2,1
21,118,4,1,2,1
21,123,4,1,2,1
21,124,4,1,2,1
21,134,5,1,2,1
21,135,5,1,2,1
21,138,5,1,2,1
21,139,5,1,2,1
21,142,5,1,2,1
21,143,5,1,2,1
21,144,5,1,2,1
21,145,5,1,2,1
21,148,5,1,2,1
21,149,5,1,2,1
21,151,5,1,2,1
21,152,5,1,2,1
21,153,5,1,2,1
21,155,5,1,2,1
21,158,5,1,2,1
21,159,5,1,2,1
21,161,5,1,2,1
21,169,5,1,2,1
21,171,5,1,2,1
21,177,5,1,2,1
21,180,5,1,2,1
21,182,5,1,2,1
21,183,5,1,2,1
21,185,5,1,2,1
21,187,5,1,2,1
21,194,6,1,2,1
21,195,6,1,2,1
21,196,6,1,2,1
21,204,6,1,2,1
21,205,6,1,2,1
21,206,6,1,2,1
21,209,6,1,2,1
21,210,6,1,2,1
21,211,6,1,2,1
21,214,6,1,2,1
21,216,6,1,2,1
21,218,6,1,2,1
21,221,6,1,2,1
21,222,6,1,2,1
21,224,6,1,2,1
21,228,6,1,2,1
21,238,6,1,2,1
21,243,6,1,2,1
22,1,1,0,2,2
22,3,1,0,2,2
22,5,1,0,2,2
22,8,1,0,2,2
22,13,1,0,2,2
22,16,2,0,2,2
22,17,2,0,2,2
22,18,2,0,2,2
22,22,2,0,2,2
22,27,2,0,2,2
22,29,2,0,2,2
22,31,2,0,2,2
22,33,2,0,2,2
22,37,2,0,2,2
22,41,2,0,2,2
22,43,2,0,2,2
22,44,2,0,2,2
22,46,2,0,2,2
22,47,2,0,2,2
22,49,3,1,2,2
22,50,3,1,2,2
22,53,3,1,2,2
22,54,3,1,2,2
22,56,3,1,2,2
22,57,3,1,2,2
22,59,3,1,2,2
22,60,3,1,2,2
22,61,3,1,2,2
22,65,3,1,2,2
22,66,3,1,2,2
22,70,3,1,2,2
22,71,3,1,2,2
22,74,4,1,2,2
22,78,4,1,2,2
22,81,4,1,2,2
22,82,4,1,2,2
22,83,4,1,2,2
22,84,4,1,2,2
22,86,4,1,2,2
22,87,4,1,2,2
22,89,4,1,2,2
22,92,4,1,2,2
22,95,4,1,2,2
22,96,4,1,2,2
22,98,5,1,2,2
22,105,5,1,2,2
22,107,5,1,2,2
22,108,5,1,2,2
22,109,5,1,2,2
22,110,5,1,2,2
22,111,5,1,2,2
22,121,5,1,2,2
22,123,5,1,2,2
22,124,5,1,2,2
22,131,5,1,2,2
22,132,6,1,2,2
22,136,6,1,2,2
22,138,6,1,2,2
22,139,6,1,2,2
22,141,6,1,2,2
22,142,6,1,2,2
22,144,6,1,2,2
22,145,6,1,2,2
22,146,6,1,2,2
22,149,6,1,2,2
22,152,6,1,2,2
22,153,6,1,2,2
22,154,6,1,2,2
22,155,7,1,2,2
23,1,1,0,2,2
23,5,1,0,2,2
23,6,1,0,2,2
23,19,1,0,2,2
23,21,1,0,2,2
23,38,2,0,2,2
23,40,2,0,2,2
23,50,2,0,2,2
23,62,3,1,2,2
23,63,3,1,2,2
23,84,3,1,2,2
23,86,3,1,2,2
23,90,4,1,2,2
23,91,4,1,2,2
23,95,4,1,2,2
23,101,4,1,2,2
23,102,4,1,2,2
23,113,5,1,2,2
23,122,5,1,2,2
23,143,6,1,2,2
23,157,6,1,2,2
23,159,6,1,2,2
23,160,6,1,2,2
23,161,6,1,2,2
23,162,6,1,2,2
23,163,6,1,2,2
23,169,6,1,2,2
23,171,7,1,2,2
25,4,1,0,1,1
25,9,1,0,1,1
25,10,1,0,1,1
25,11,1,0,1,1
25,13,1,0,1,1
25,15,1,0,1,1
25,25,1,0,1,1
25,33,1,0,1,1
25,37,1,0,1,1
25,45,1,0,1,1
25,80,1,0,1,1
25,92,2,0,1,1
25,100,2,0,1,1
25,113,2,0,1,1
25,114,2,0,1,1
25,116,2,0,1,1
25,119,2,0,1,1
25,142,2,0,1,1
25,143,2,0,1,1
25,152,2,0,1,1
25,153,2,0,1,1
25,156,2,0,1,1
25,158,2,0,1,1
25,161,3,1,1,1
25,163,3,1,1,1
25,164,3,1,1,1
25,168,3,1,1,1
25,173,3,1,1,1
25,176,3,1,1,1
25,177,3,1,1,1
25,186,3,1,1,1
25,188,3,1,1,1
25,189,3,1,1,1
25,196,3,1,1,1
25,197,3,1,1,1
25,199,3,1,1,1
25,200,3,1,1,1
25,202,3,1,1,1
25,204,3,1,1,1
25,210,3,1,1,1
25,211,3,1,1,1
25,212,3,1,1,1
25,217,3,1,1,1
25,220,3,1,1,1
25,223,3,1,1,1
25,227,4,1,1,1
25,242,4,1,1,1
25,249,4,1,1,1
25,251,4,1,1,1
25,253,4,1,1,1
25,254,4,1,1,1
25,256,4,1,1,1
25,257,4,1,1,1
25,258,4,1,1,1
25,260,4,1,1,1
25,269,4,1,1,1
25,270,4,1,1,1
25,276,4,1,1,1
25,280,4,1,1,1
25,292,4,1,1,1
25,293,4,1,1,1
25,301,5,1,1,1
25,303,5,1,1,1
25,308,5,1,1,1
25,315,5,1,1,1
25,320,5,1,1,1
25,322,5,1,1,1
25,327,5,1,1,1
25,331,5,1,1,1
25,333,5,1,1,1
25,335,5,1,1,1
25,338,5,1,1,1
25,344,5,1,1,1
25,346,5,1,1,1
25,347,5,1,1,1
25,348,5,1,1,1
25,349,5,1,1,1
25,350,5,1,1,1
25,359,5,1,1,1
25,360,5,1,1,1
25,370,6,1,1,1
25,376,6,1,1,1
25,382,6,1,1,1
25,383,6,1,1,1
25,384,6,1,1,1
25,387,6,1,1,1
25,388,6,1,1,1
25,395,6,1,1,1
25,404,6,1,1,1
25,405,6,1,1,1
25,410,6,1,1,1
25,411,6,1,1,1
25,413,6,1,1,1
25,430,7,1,1,1
27,1,1,0,2,2
27,4,1,0,2,2
27,5,1,0,2,2
27,6,1,0,2,2
27,7,1,0,2,2
27,8,1,0,2,2
27,10,1,0,2,2
27,11,1,0,2,2
27,12,1,0,2,2
27,13,2,0,2,2
27,15,2,0,2,2
27,17,2,0,2,2
27,18,2,0,2,2
27,19,2,0,2,2
27,20,2,0,2,2
27,21,2,0,2,2
27,25,2,0,2,2
27,26,2,0,2,2
27,27,2,0,2,2
27,28,2,0,2,2
27,29,2,0,2,2
27,30,2,0,2,2
27,31,3,1,2,2
27,33,3,1,2,2
27,34,3,1,2,2
27,35,3,1,2,2
27,36,3,1,2,2
27,38,3,1,2,2
27,39,3,1,2,2
27,42,3,1,2,2
27,43,4,1,2,2
27,44,4,1,2,2
27,46,4,1,2,2
27,47,4,1,2,2
27,48,4,1,2,2
27,49,4,1,2,2
27,50,4,1,2,2
27,51,4,1,2,2
27,53,4,1,2,2
27,54,4,1,2,2
27,55,5,1,2,2
27,56,5,1,2,2
27,57,5,1,2,2
27,58,5,1,2,2
27,59,5,1,2,2
27,60,5,1,2,2
27,61,5,1,2,2
27,62,5,1,2,2
27,65,5,1,2,2
27,69,6,1,2,2
27,70,6,1,2,2
27,71,6,1,2,2
27,72,6,1,2,2
27,74,6,1,2,2
27,75,6,1,2,2
27,76,6,1,2,2
27,77,6,1,2,2
27,78,6,1,2,2
27,79,6,1,2,2
27,82,6,1,2,2
27,83,6,1,2,2
27,84,6,1,2,2
27,85,6,1,2,2
27,86,7,1,2,2
28,1,1,0,2,2
28,4,1,0,2,2
28,5,1,0,2,2
28,13,1,0,2,2
28,14,1,0,2,2
28,19,1,0,2,2
28,21,1,0,2,2
28,23,2,0,2,2
28,24,2,0,2,2
28,27,2,0,2,2
28,30,2,0,2,2
28,33,2,0,2,2
28,35,2,0,2,2
28,38,2,0,2,2
28,39,2,0,2,2
28,42,2,0,2,2
28,43,2,0,2,2
28,48,2,0,2,2
28,49,2,0,2,2
28,54,2,0,2,2
28,55,3,1,2,2
28,57,3,1,2,2
28,59,3,1,2,2
28,61,3,1,2,2
28,62,3,1,2,2
28,63,3,1,2,2
28,64,3,1,2,2
28,65,3,1,2,2
28,68,3,1,2,2
28,71,3,1,2,2
28,72,3,1,2,2
28,73,3,1,2,2
28,74,3,1,2,2
28,76,3,1,2,2
28,77,3,1,2,2
28,78,3,1,2,2
28,81,4,1,2,2
28,84,4,1,2,2
28,85,4,1,2,2
28,87,4,1,2,2
28,88,4,1,2,2
28,89,4,1,2,2
28,92,4,1,2,2
28,93,4,1,2,2
28,94,4,1,2,2
28,95,4,1,2,2
28,96,4,1,2,2
28,97,4,1,2,2
28,101,4,1,2,2
28,102,4,1,2,2
28,105,4,1,2,2
28,106,4,1,2,2
28,107,4,1,2,2
28,109,4,1,2,2
28,112,4,1,2,2
28,115,5,1,2,2
28,116,5,1,2,2
28,117,5,1,2,2
28,118,5,1,2,2
28,120,5,1,2,2
28,123,5,1,2,2
28,124,5,1,2,2
28,125,5,1,2,2
28,128,5,1,2,2
28,132,5,1,2,2
28,133,5,1,2,2
28,135,5,1,2,2
28,136,5,1,2,2
28,137,5,1,2,2
28,146,5,1,2,2
28,147,5,1,2,2
28,148,5,1,2,2
28,149,6,1,2,2
28,150,6,1,2,2
28,163,6,1,2,2
28,164,6,1,2,2
28,165,6,1,2,2
28,166,6,1,2,2
28,168,6,1,2,2
28,169,6,1,2,2
28,172,6,1,2,2
28,173,6,1,2,2
28,174,6,1,2,2
28,177,7,1,2,2
29,2,1,0,2,1
29,3,1,0,2,1
29,4,1,0,2,1
29,6,1,0,2,1
29,7,1,0,2,1
29,13,1,0,2,1
29,16,1,0,2,1
29,21,1,0,2,1
29,23,1,0,2,1
29,46,2,0,2,1
29,48,2,0,2,1
29,54,2,0,2,1
29,59,2,0,2,1
29,62,2,0,2,1
29,63,2,0,2,1
29,64,2,0,2,1
29,68,2,0,2,1
29,69,2,0,2,1
29,85,3,1,2,1
29,86,3,1,2,1
29,87,3,1,2,1
29,91,3,1,2,1
29,92,3,1,2,1
29,93,3,1,2,1
29,101,3,1,2,1
29,105,3,1,2,1
29,107,3,1,2,1
29,116,3,1,2,1
29,117,3,1,2,1
29,118,3,1,2,1
29,119,3,1,2,1
29,147,4,1,2,1
29,148,4,1,2,1
29,156,4,1,2,1
29,168,4,1,2,1
29,169,4,1,2,1
29,202,5,1,2,1
29,203,5,1,2,1
29,211,5,1,2,1
29,215,6,1,2,1
29,247,6,1,2,1
29,255,6,1,2,1
29,256,6,1,2,1
30,1,1,0,2,2
30,3,1,0,2,2
30,4,1,0,2,2
30,13,1,0,2,2
30,20,1,0,2,2
30,23,1,0,2,2
30,30,1,0,2,2
30,57,2,0,2,2
30,58,2,0,2,2
30,69,2,0,2,2
30,70,2,0,2,2
30,72,2,0,2,2
30,74,3,1,2,2
30,83,3,1,2,2
30,89,3,1,2,2
30,106,3,1,2,2
30,110,3,1,2,2
30,111,3,1,2,2
30,120,4,1,2,2
30,126,4,1,2,2
30,127,4,1,2,2
30,128,4,1,2,2
30,133,4,1,2,2
30,134,4,1,2,2
30,135,4,1,2,2
30,145,4,1,2,2
30,146,4,1,2,2
30,165,4,1,2,2
30,167,4,1,2,2
30,171,5,1,2,2
30,173,5,1,2,2
30,178,5,1,2,2
30,191,5,1,2,2
30,192,5,1,2,2
30,194,5,1,2,2
30,195,5,1,2,2
30,199,5,1,2,2
30,211,5,1,2,2
30,214,5,1,2,2
30,233,6,1,2,2
30,237,6,1,2,2
30,239,6,1,2,2
30,242,6,1,2,2
30,249,6,1,2,2
30,257,6,1,2,2
30,259,6,1,2,2
30,269,6,1,2,2
30,272,6,1,2,2
30,273,6,1,2,2
30,274,6,1,2,2
30,285,7,1,2,2
31,1,1,0,2,1
31,2,1,0,2,1
31,9,1,0,2,1
31,11,1,0,2,1
31,12,1,0,2,1
31,13,1,0,2,1
31,17,1,0,2,1
31,18,1,0,2,1
31,19,1,0,2,1
31,20,1,0,2,1
31,24,2,0,2,1
31,25,2,0,2,1
31,28,2,0,2,1
31,30,2,0,2,1
31,34,2,0,2,1
31,35,2,0,2,1
31,36,2,0,2,1
31,37,2,0,2,1
31,39,2,0,2,1
31,40,2,0,2,1
31,42,2,0,2,1
31,43,2,0,2,1
31,48,2,0,2,1
31,49,3,1,2,1
31,57,3,1,2,1
31,58,3,1,2,1
31,63,5,1,2,1
31,64,5,1,2,1
31,67,5,1,2,1
31,68,5,1,2,1
31,72,5,1,2,1
31,73,5,1,2,1
31,76,5,1,2,1
31,77,5,1,2,1
31,83,5,1,2,1
31,86,6,1,2,1
31,87,6,1,2,1
31,89,6,1,2,1
31,95,6,1,2,1
31,96,6,1,2,1
31,100,6,1,2,1
31,101,6,1,2,1
31,102,6,1,2,1
31,103,6,1,2,1
31,108,6,1,2,1
31,109,6,1,2,1
31,112,6,1,2,1
31,113,6,1,2,1
31,115,6,1,2,1
31,117,7,1,2,1
31,118,7,1,2,1
32,1,1,0,1,1
32,20,1,0,1,1
32,57,1,0,1,1
32,59,1,0,1,1
32,68,1,0,1,1
32,69,1,0,1,1
32,85,1,0,1,1
32,98,1,0,1,1
32,118,2,0,1,1
32,119,2,0,1,1
32,123,2,0,1,1
32,127,2,0,1,1
32,136,2,0,1,1
32,137,2,0,1,1
32,147,2,0,1,1
32,148,2,0,1,1
32,152,2,0,1,1
32,158,2,0,1,1
32,164,2,0,1,1
32,172,2,0,1,1
32,176,2,0,1,1
32,183,3,1,1,1
32,186,3,1,1,1
32,192,3,1,1,1
32,200,3,1,1,1
32,203,3,1,1,1
32,210,3,1,1,1
32,217,3,1,1,1
32,220,3,1,1,1
32,222,3,1,1,1
32,227,3,1,1,1
32,229,3,1,1,1
32,236,3,1,1,1
32,237,3,1,1,1
32,264,3,1,1,1
32,265,3,1,1,1
32,286,4,1,1,1
32,288,4,1,1,1
32,291,4,1,1,1
32,292,4,1,1,1
32,296,4,1,1,1
32,309,4,1,1,1
32,315,4,1,1,1
32,316,4,1,1,1
32,324,4,1,1,1
32,325,4,1,1,1
32,332,4,1,1,1
32,334,4,1,1,1
32,346,5,1,1,1
32,349,5,1,1,1
32,350,5,1,1,1
32,355,5,1,1,1
32,356,5,1,1,1
32,359,5,1,1,1
32,361,5,1,1,1
32,364,5,1,1,1
32,365,5,1,1,1
32,373,5,1,1,1
32,375,5,1,1,1
32,376,5,1,1,1
32,387,5,1,1,1
32,396,5,1,1,1
32,408,5,1,1,1
32,410,5,1,1,1
32,414,5,1,1,1
32,420,5,1,1,1
32,423,5,1,1,1
32,438,6,1,1,1
32,440,6,1,1,1
32,442,6,1,1,1
32,447,6,1,1,1
32,448,6,1,1,1
32,449,6,1,1,1
32,450,6,1,1,1
32,456,6,1,1,1
32,459,6,1,1,1
32,461,6,1,1,1
32,477,6,1,1,1
32,490,6,1,1,1
32,494,6,1,1,1
32,495,6,1,1,1
32,507,6,1,1,1
32,518,7,1,1,1
32,519,7,1,1,1
32,524,7,1,1,1
33,1,1,0,1,1
33,21,1,0,1,1
33,22,1,0,1,1
33,30,1,0,1,1
33,31,1,0,1,1
33,39,1,0,1,1
33,55,1,0,1,1
33,57,1,0,1,1
33,95,2,0,1,1
33,102,2,0,1,1
33,103,2,0,1,1
33,105,2,0,1,1
33,189,3,1,1,1
33,218,4,1,1,1
33,219,4,1,1,1
33,270,5,1,1,1
33,296,5,1,1,1
33,298,5,1,1,1
33,299,5,1,1,1
33,310,5,1,1,1
33,312,5,1,1,1
33,316,5,1,1,1
33,322,5,1,1,1
33,326,5,1,1,1
33,328,6,1,1,1
33,349,6,1,1,1
33,354,6,1,1,1
33,362,6,1,1,1
33,366,6,1,1,1
33,398,6,1,1,1
33,400,6,1,1,1
33,401,6,1,1,1
33,403,6,1,1,1
33,406,6,1,1,1
33,407,6,1,1,1
34,1,1,0,1,1
34,30,1,0,1,1
34,33,1,0,1,1
34,38,1,0,1,1
34,39,1,0,1,1
34,51,1,0,1,1
34,53,1,0,1,1
34,55,1,0,1,1
34,57,1,0,1,1
34,104,1,0,1,1
34,107,1,0,1,1
34,153,2,0,1,1
34,154,2,0,1,1
34,198,2,0,1,1
34,205,2,0,1,1
34,220,2,0,1,1
34,244,3,1,1,1
34,253,3,1,1,1
34,273,3,1,1,1
34,274,3,1,1,1
34,283,3,1,1,1
34,284,3,1,1,1
34,289,3,1,1,1
34,290,3,1,1,1
34,300,3,1,1,1
34,309,3,1,1,1
34,323,3,1,1,1
34,329,3,1,1,1
34,370,4,1,1,1
34,371,4,1,1,1
34,381,4,1,1,1
34,402,4,1,1,1
34,415,4,1,1,1
34,416,4,1,1,1
34,436,4,1,1,1
34,439,4,1,1,1
34,451,5,1,1,1
34,453,5,1,1,1
34,477,5,1,1,1
34,488,5,1,1,1
34,551,6,1,1,1
34,552,6,1,1,1
34,555,6,1,1,1
34,561,6,1,1,1
34,562,6,1,1,1
34,566,6,1,1,1
34,567,6,1,1,1
34,571,6,1,1,1
34,572,6,1,1,1
34,574,6,1,1,1
34,611,6,1,1,1
34,618,6,1,1,1
34,636,6,1,1,1
34,638,7,1,1,1
34,652,7,1,1,1
34,657,7,1,1,1
34,658,7,1,1,1
34,665,7,1,1,1
35,1,1,0,1,2
35,8,1,0,1,2
35,26,1,0,1,2
35,29,1,0,1,2
35,35,2,0,1,2
35,44,2,0,1,2
35,45,2,0,1,2
35,58,3,1,1,2
35,59,3,1,1,2
35,61,3,1,1,2
35,70,3,1,1,2
35,71,3,1,1,2
35,72,3,1,1,2
35,76,3,1,1,2
35,99,4,1,1,2
35,111,4,1,1,2
35,117,4,1,1,2
35,132,4,1,1,2
35,139,5,1,1,2
35,146,5,1,1,2
35,151,5,1,1,2
35,162,6,1,1,2
35,164,6,1,1,2
35,166,6,1,1,2
35,174,6,1,1,2
36,1,1,0,2,1
36,2,1,0,2,1
36,4,1,0,2,1
36,5,1,0,2,1
36,9,1,0,2,1
36,13,1,0,2,1
36,14,1,0,2,1
36,15,1,0,2,1
36,20,1,0,2,1
36,21,1,0,2,1
36,22,1,0,2,1
36,23,1,0,2,1
36,24,1,0,2,1
36,25,1,0,2,1
36,26,1,0,2,1
36,27,2,0,2,1
36,28,2,0,2,1
36,29,2,0,2,1
36,30,2,0,2,1
36,32,2,0,2,1
36,33,2,0,2,1
36,35,2,0,2,1
36,36,2,0,2,1
36,37,2,0,2,1
36,39,2,0,2,1
36,43,2,0,2,1
36,44,2,0,2,1
36,45,2,0,2,1
36,46,2,0,2,1
36,47,2,0,2,1
36,48,2,0,2,1
36,50,2,0,2,1
36,51,2,0,2,1
36,52,2,0,2,1
36,53,2,0,2,1
36,54,2,0,2,1
36,55,2,0,2,1
36,56,3,1,2,1
36,58,3,1,2,1
36,59,3,1,2,1
36,60,3,1,2,1
36,61,3,1,2,1
36,68,3,1,2,1
36,69,3,1,2,1
36,71,3,1,2,1
36,72,3,1,2,1
36,73,3,1,2,1
36,74,3,1,2,1
36,77,3,1,2,1
36,79,3,1,2,1
36,81,3,1,2,1
36,82,3,1,2,1
36,83,3,1,2,1
36,84,3,1,2,1
36,85,3,1,2,1
36,86,3,1,2,1
36,89,3,1,2,1
36,90,3,1,2,1
36,99,3,1,2,1
36,100,3,1,2,1
36,101,3,1,2,1
36,102,3,1,2,1
36,103,3,1,2,1
36,105,3,1,2,1
36,106,3,1,2,1
36,107,3,1,2,1
36,108,3,1,2,1
36,109,3,1,2,1
36,110,4,1,2,1
36,111,4,1,2,1
36,113,4,1,2,1
36,114,4,1,2,1
36,116,4,1,2,1
36,117,4,1,2,1
36,118,4,1,2,1
36,119,4,1,2,1
36,121,4,1,2,1
36,122,4,1,2,1
36,123,4,1,2,1
36,124,4,1,2,1
36,125,4,1,2,1
36,127,4,1,2,1
36,128,4,1,2,1
36,130,4,1,2,1
36,131,4,1,2,1
36,132,4,1,2,1
36,133,4,1,2,1
36,136,4,1,2,1
36,137,4,1,2,1
36,138,4,1,2,1
36,139,4,1,2,1
36,141,4,1,2,1
36,142,4,1,2,1
36,144,4,1,2,1
36,145,4,1,2,1
36,146,5,1,2,1
36,148,5,1,2,1
36,150,5,1,2,1
36,151,5,1,2,1
36,153,5,1,2,1
36,154,5,1,2,1
36,156,5,1,2,1
36,157,5,1,2,1
36,158,5,1,2,1
36,159,5,1,2,1
36,160,5,1,2,1
36,163,5,1,2,1
36,164,5,1,2,1
36,166,5,1,2,1
36,167,5,1,2,1
36,169,5,1,2,1
36,170,5,1,2,1
36,171,5,1,2,1
36,173,5,1,2,1
36,174,6,1,2,1
36,175,6,1,2,1
36,176,6,1,2,1
36,177,6,1,2,1
36,179,6,1,2,1
36,180,6,1,2,1
36,181,6,1,2,1
36,182,6,1,2,1
36,187,6,1,2,1
36,188,6,1,2,1
36,189,6,1,2,1
36,190,6,1,2,1
36,191,6,1,2,1
36,194,6,1,2,1
36,195,6,1,2,1
36,196,6,1,2,1
36,199,6,1,2,1
36,200,6,1,2,1
36,201,6,1,2,1
36,202,7,1,2,1
36,203,7,1,2,1
36,204,7,1,2,1
36,207,7,1,2,1
36,208,7,1,2,1
37,1,1,0,1,2
37,6,1,0,1,2
37,8,1,0,1,2
37,11,1,0,1,2
37,12,1,0,1,2
37,13,1,0,1,2
37,14,1,0,1,2
37,25,1,0,1,2
37,27,1,0,1,2
37,30,1,0,1,2
37,32,1,0,1,2
37,45,1,0,1,2
37,56,2,0,1,2
37,74,2,0,1,2
37,80,2,0,1,2
37,87,2,0,1,2
37,88,2,0,1,2
37,101,2,0,1,2
37,106,2,0,1,2
37,135,3,1,1,2
37,136,3,1,1,2
37,143,3,1,1,2
37,149,3,1,1,2
37,158,3,1,1,2
37,161,3,1,1,2
37,175,4,1,1,2
37,193,4,1,1,2
37,194,4,1,1,2
37,196,4,1,1,2
37,208,4,1,1,2
37,214,4,1,1,2
37,223,4,1,1,2
37,260,5,1,1,2
37,267,5,1,1,2
37,279,5,1,1,2
37,282,6,1,1,2
37,308,6,1,1,2
37,309,6,1,1,2
37,319,6,1,1,2
37,325,6,1,1,2
37,326,6,1,1,2
37,327,6,1,1,2
37,332,7,1,1,2
37,337,7,1,1,2
37,340,7,1,1,2
38,60,1,0,2,1
38,61,1,0,2,1
38,63,1,0,2,1
38,65,1,0,2,1
38,66,1,0,2,1
38,67,1,0,2,1
38,68,1,0,2,1
38,69,1,0,2,1
38,70,1,0,2,1
38,71,1,0,2,1
38,72,1,0,2,1
38,78,1,0,2,1
38,83,2,0,2,1
38,87,2,0,2,1
38,88,2,0,2,1
38,91,2,0,2,1
38,93,2,0,2,1
38,99,2,0,2,1
38,100,2,0,2,1
38,104,3,1,2,1
38,109,3,1,2,1
38,111,3,1,2,1
38,114,3,1,2,1
38,116,3,1,2,1
38,118,3,1,2,1
38,124,4,1,2,1
38,125,4,1,2,1
38,131,4,1,2,1
38,136,4,1,2,1
38,137,4,1,2,1
38,138,4,1,2,1
38,142,4,1,2,1
38,143,4,1,2,1
38,148,5,1,2,1
38,149,5,1,2,1
38,151,5,1,2,1
38,152,5,1,2,1
38,154,5,1,2,1
38,157,5,1,2,1
38,164,5,1,2,1
38,165,5,1,2,1
38,174,6,1,2,1
38,175,6,1,2,1
38,176,6,1,2,1
38,179,6,1,2,1
38,180,6,1,2,1
38,182,6,1,2,1
39,1,1,0,2,2
39,12,1,0,2,2
39,15,1,0,2,2
39,16,1,0,2,2
39,17,1,0,2,2
39,20,1,0,2,2
39,26,1,0,2,2
39,27,1,0,2,2
39,32,1,0,2,2
39,33,2,0,2,2
39,34,2,0,2,2
39,35,2,0,2,2
39,43,2,0,2,2
39,44,2,0,2,2
39,52,2,0,2,2
39,56,2,0,2,2
39,57,2,0,2,2
39,74,3,1,2,2
39,86,3,1,2,2
39,92,3,1,2,2
39,99,4,1,2,2
39,106,4,1,2,2
39,107,4,1,2,2
39,109,4,1,2,2
39,112,4,1,2,2
39,113,4,1,2,2
39,114,4,1,2,2
39,120,4,1,2,2
39,121,4,1,2,2
39,122,4,1,2,2
39,123,4,1,2,2
39,125,4,1,2,2
39,140,4,1,2,2
39,143,5,1,2,2
39,144,5,1,2,2
39,145,5,1,2,2
39,148,5,1,2,2
39,149,5,1,2,2
39,150,5,1,2,2
39,154,5,1,2,2
39,155,5,1,2,2
39,156,5,1,2,2
39,157,5,1,2,2
39,158,5,1,2,2
39,159,5,1,2,2
39,161,5,1,2,2
39,165,5,1,2,2
39,169,5,1,2,2
39,181,6,1,2,2
39,185,6,1,2,2
39,195,6,1,2,2
39,205,7,1,2,2
40,1,1,0,2,2
40,5,1,0,2,2
40,6,1,0,2,2
40,8,1,0,2,2
40,16,1,0,2,2
40,21,1,0,2,2
40,25,1,0,2,2
40,26,1,0,2,2
40,32,1,0,2,2
40,34,1,0,2,2
40,37,1,0,2,2
40,39,1,0,2,2
40,41,1,0,2,2
40,46,2,0,2,2
40,47,2,0,2,2
40,49,2,0,2,2
40,53,2,0,2,2
40,54,2,0,2,2
40,55,2,0,2,2
40,63,2,0,2,2
40,64,2,0,2,2
40,65,2,0,2,2
40,66,2,0,2,2
40,70,3,1,2,2
40,73,3,1,2,2
40,75,3,1,2,2
40,76,3,1,2,2
40,77,3,1,2,2
40,80,3,1,2,2
40,95,3,1,2,2
40,100,3,1,2,2
40,106,4,1,2,2
40,127,4,1,2,2
40,128,4,1,2,2
40,129,4,1,2,2
40,131,4,1,2,2
40,136,4,1,2,2
40,137,4,1,2,2
40,139,4,1,2,2
40,140,4,1,2,2
40,144,4,1,2,2
40,145,4,1,2,2
40,154,4,1,2,2
40,155,4,1,2,2
40,156,4,1,2,2
40,165,5,1,2,2
40,166,5,1,2,2
40,168,5,1,2,2
40,175,5,1,2,2
40,176,5,1,2,2
40,178,5,1,2,2
40,179,5,1,2,2
40,182,5,1,2,2
40,183,5,1,2,2
40,184,5,1,2,2
40,185,5,1,2,2
40,186,5,1,2,2
40,203,5,1,2,2
40,206,5,1,2,2
40,207,6,1,2,2
40,208,6,1,2,2
40,209,6,1,2,2
40,211,6,1,2,2
40,214,6,1,2,2
40,215,6,1,2,2
40,217,6,1,2,2
40,219,6,1,2,2
40,220,6,1,2,2
40,221,6,1,2,2
40,222,6,1,2,2
40,232,6,1,2,2
40,233,6,1,2,2
40,234,6,1,2,2
40,251,7,1,2,2
41,3,1,0,1,1
41,65,2,0,1,1
41,66,2,0,1,1
41,67,2,0,1,1
41,69,2,0,1,1
41,70,2,0,1,1
41,72,2,0,1,1
41,189,5,1,1,1
41,198,5,1,1,1
41,202,5,1,1,1
41,246,7,1,1,1
42,1,1,0,2,2
42,2,1,0,2,2
42,11,1,0,2,2
42,14,1,0,2,2
42,15,1,0,2,2
42,17,1,0,2,2
42,23,1,0,2,2
42,25,1,0,2,2
42,27,1,0,2,2
42,38,2,0,2,2
42,39,2,0,2,2
42,40,2,0,2,2
42,41,2,0,2,2
42,43,2,0,2,2
42,45,2,0,2,2
42,54,3,1,2,2
42,55,3,1,2,2
42,60,3,1,2,2
42,61,3,1,2,2
42,64,3,1,2,2
42,66,3,1,2,2
42,73,3,1,2,2
42,75,3,1,2,2
42,79,3,1,2,2
42,80,4,1,2,2
42,81,4,1,2,2
42,93,4,1,2,2
42,96,4,1,2,2
42,102,4,1,2,2
42,103,4,1,2,2
42,104,4,1,2,2
42,106,4,1,2,2
42,107,4,1,2,2
42,108,4,1,2,2
42,110,4,1,2,2
42,111,4,1,2,2
42,114,4,1,2,2
42,116,4,1,2,2
42,123,5,1,2,2
42,126,5,1,2,2
42,128,6,1,2,2
42,129,6,1,2,2
42,132,6,1,2,2
42,135,6,1,2,2
42,139,6,1,2,2
42,143,6,1,2,2
42,148,6,1,2,2
42,149,6,1,2,2
42,151,6,1,2,2
42,152,6,1,2,2
42,153,6,1,2,2
42,154,6,1,2,2
42,157,7,1,2,2
43,1,1,0,1,2
43,3,1,0,1,2
43,4,1,0,1,2
43,6,1,0,1,2
43,8,1,0,1,2
43,9,1,0,1,2
43,15,1,0,1,2
43,18,1,0,1,2
43,19,1,0,1,2
43,20,1,0,1,2
43,24,1,0,1,2
43,25,1,0,1,2
43,26,1,0,1,2
43,27,1,0,1,2
43,28,1,0,1,2
43,32,1,0,1,2
43,33,1,0,1,2
43,34,1,0,1,2
43,35,1,0,1,2
43,36,1,0,1,2
43,37,1,0,1,2
43,41,2,0,1,2
43,42,2,0,1,2
43,44,2,0,1,2
43,47,2,0,1,2
43,51,2,0,1,2
43,52,2,0,1,2
43,53,2,0,1,2
43,56,2,0,1,2
43,57,2,0,1,2
43,61,2,0,1,2
43,64,3,1,1,2
43,66,3,1,1,2
43,67,3,1,1,2
43,71,3,1,1,2
43,72,3,1,1,2
43,73,3,1,1,2
43,74,3,1,1,2
43,75,3,1,1,2
43,78,3,1,1,2
43,79,3,1,1,2
43,84,3,1,1,2
43,88,3,1,1,2
43,89,3,1,1,2
43,93,3,1,1,2
43,98,3,1,1,2
43,99,3,1,1,2
43,101,3,1,1,2
43,103,3,1,1,2
43,107,3,1,1,2
43,109,3,1,1,2
43,110,4,1,1,2
43,113,4,1,1,2
43,115,4,1,1,2
43,117,4,1,1,2
43,118,4,1,1,2
43,119,4,1,1,2
43,122,4,1,1,2
43,124,4,1,1,2
43,128,4,1,1,2
43,130,4,1,1,2
43,131,4,1,1,2
43,134,4,1,1,2
43,135,4,1,1,2
43,136,4,1,1,2
43,137,4,1,1,2
43,138,4,1,1,2
43,139,4,1,1,2
43,145,4,1,1,2
43,148,5,1,1,2
43,149,5,1,1,2
43,154,5,1,1,2
43,156,5,1,1,2
43,157,5,1,1,2
43,158,5,1,1,2
43,160,5,1,1,2
43,161,5,1,1,2
43,162,5,1,1,2
43,163,5,1,1,2
43,169,5,1,1,2
43,171,5,1,1,2
43,173,5,1,1,2
43,174,5,1,1,2
43,175,5,1,1,2
43,179,5,1,1,2
43,182,5,1,1,2
43,183,5,1,1,2
43,187,6,1,1,2
43,188,6,1,1,2
43,189,6,1,1,2
43,190,6,1,1,2
43,193,6,1,1,2
43,195,6,1,1,2
43,201,6,1,1,2
43,202,6,1,1,2
43,203,6,1,1,2
43,208,6,1,1,2
43,212,6,1,1,2
43,214,6,1,1,2
43,216,6,1,1,2
43,220,6,1,1,2
43,221,6,1,1,2
43,223,6,1,1,2
43,224,6,1,1,2
43,225,7,1,1,2
43,226,7,1,1,2
43,229,7,1,1,2
44,1,1,0,1,2
44,44,1,0,1,2
44,45,1,0,1,2
44,85,2,0,1,2
44,109,3,1,1,2
44,114,3,1,1,2
44,137,3,1,1,2
44,143,3,1,1,2
44,146,4,1,1,2
44,240,5,1,1,2
44,265,5,1,1,2
44,286,5,1,1,2
44,287,5,1,1,2
44,290,5,1,1,2
44,296,6,1,1,2
44,312,6,1,1,2
44,330,6,1,1,2
44,332,6,1,1,2
44,340,6,1,1,2
44,341,6,1,1,2
45,1,1,0,2,1
45,5,1,0,2,1
45,6,1,0,2,1
45,13,1,0,2,1
45,16,1,0,2,1
45,17,1,0,2,1
45,18,1,0,2,1
45,19,1,0,2,1
45,20,1,0,2,1
45,21,2,0,2,1
45,24,2,0,2,1
45,25,2,0,2,1
45,32,2,0,2,1
45,34,2,0,2,1
45,35,2,0,2,1
45,36,3,1,2,1
45,40,3,1,2,1
45,42,3,1,2,1
45,44,3,1,2,1
45,45,3,1,2,1
45,47,3,1,2,1
45,48,3,1,2,1
45,49,4,1,2,1
45,51,4,1,2,1
45,53,4,1,2,1
45,56,4,1,2,1
45,57,4,1,2,1
45,59,4,1,2,1
45,60,4,1,2,1
45,61,4,1,2,1
45,62,4,1,2,1
45,65,4,1,2,1
45,70,4,1,2,1
45,73,5,1,2,1
45,74,5,1,2,1
45,75,5,1,2,1
45,77,5,1,2,1
45,80,5,1,2,1
45,81,5,1,2,1
45,82,5,1,2,1
45,85,5,1,2,1
45,88,5,1,2,1
45,89,5,1,2,1
45,93,6,1,2,1
45,94,6,1,2,1
45,96,6,1,2,1
45,97,6,1,2,1
45,99,6,1,2,1
45,103,6,1,2,1
45,104,6,1,2,1
45,105,6,1,2,1
45,108,6,1,2,1
45,114,6,1,2,1
45,115,6,1,2,1
45,117,6,1,2,1
45,122,7,1,2,1
47,1,1,0,3,2
47,15,1,0,3,2
47,17,1,0,3,2
47,21,1,0,3,2
47,22,1,0,3,2
47,34,1,0,3,2
47,42,2,0,3,2
47,43,2,0,3,2
47,49,2,0,3,2
47,63,2,0,3,2
47,64,2,0,3,2
47,79,2,0,3,2
47,81,2,0,3,2
47,82,2,0,3,2
47,83,2,0,3,2
47,94,2,0,3,2
47,95,3,1,3,2
47,96,3,1,3,2
47,98,3,1,3,2
47,100,3,1,3,2
47,101,3,1,3,2
47,102,3,1,3,2
47,105,3,1,3,2
47,106,3,1,3,2
47,130,3,1,3,2
47,131,3,1,3,2
47,134,3,1,3,2
47,147,3,1,3,2
47,149,3,1,3,2
47,174,4,1,3,2
47,179,4,1,3,2
47,180,4,1,3,2
47,185,4,1,3,2
47,186,4,1,3,2
47,199,4,1,3,2
47,200,4,1,3,2
47,208,4,1,3,2
47,223,5,1,3,2
47,224,5,1,3,2
47,227,5,1,3,2
47,228,5,1,3,2
47,237,5,1,3,2
47,238,5,1,3,2
47,254,5,1,3,2
47,255,6,1,3,2
47,264,6,1,3,2
47,266,6,1,3,2
47,267,6,1,3,2
47,291,7,1,3,2
48,1,1,0,3,1
48,52,2,0,3,1
48,53,2,0,3,1
48,72,3,1,3,1
48,74,3,1,3,1
48,100,4,1,3,1
48,101,4,1,3,1
48,102,4,1,3,1
48,105,4,1,3,1
48,106,4,1,3,1
48,110,4,1,3,1
48,111,4,1,3,1
48,115,4,1,3,1
48,116,4,1,3,1
48,161,5,1,3,1
48,162,5,1,3,1
48,164,5,1,3,1
48,165,5,1,3,1
48,199,7,1,3,1
49,4,1,0,3,2
49,21,1,0,3,2
49,26,1,0,3,2
49,27,1,0,3,2
49,44,2,0,3,2
49,45,2,0,3,2
49,48,3,1,3,2
49,61,3,1,3,2
49,91,4,1,3,2
49,92,4,1,3,2
49,94,4,1,3,2
49,116,5,1,3,2
49,117,5,1,3,2
49,118,5,1,3,2
49,119,5,1,3,2
49,127,5,1,3,2
49,129,5,1,3,2
49,131,5,1,3,2
49,145,6,1,3,2
49,154,6,1,3,2
49,155,6,1,3,2
49,163,6,1,3,2
49,165,6,1,3,2
49,171,7,1,3,2
50,1,1,0,3,2
50,3,1,0,3,2
50,6,1,0,3,2
50,7,1,0,3,2
50,19,1,0,3,2
50,20,1,0,3,2
50,36,1,0,3,2
50,37,1,0,3,2
50,50,1,0,3,2
50,54,1,0,3,2
50,58,1,0,3,2
50,59,1,0,3,2
50,60,1,0,3,2
50,61,1,0,3,2
50,71,2,0,3,2
50,72,2,0,3,2
50,77,2,0,3,2
50,78,2,0,3,2
50,79,2,0,3,2
50,80,2,0,3,2
50,81,2,0,3,2
50,82,2,0,3,2
50,83,2,0,3,2
50,88,2,0,3,2
50,90,2,0,3,2
50,91,2,0,3,2
50,135,3,1,3,2
50,136,3,1,3,2
50,137,3,1,3,2
50,138,3,1,3,2
50,139,3,1,3,2
50,143,3,1,3,2
50,144,3,1,3,2
50,146,3,1,3,2
50,158,3,1,3,2
50,165,3,1,3,2
50,167,3,1,3,2
50,169,4,1,3,2
50,174,4,1,3,2
50,192,4,1,3,2
50,193,4,1,3,2
50,195,4,1,3,2
50,200,4,1,3,2
50,203,4,1,3,2
50,210,4,1,3,2
50,213,4,1,3,2
50,228,4,1,3,2
50,229,4,1,3,2
50,230,4,1,3,2
50,232,4,1,3,2
50,238,4,1,3,2
50,240,4,1,3,2
50,241,4,1,3,2
50,242,4,1,3,2
50,244,4,1,3,2
50,246,4,1,3,2
50,247,5,1,3,2
50,248,5,1,3,2
50,251,5,1,3,2
50,254,5,1,3,2
50,256,5,1,3,2
50,257,5,1,3,2
50,265,5,1,3,2
50,273,5,1,3,2
50,274,5,1,3,2
50,277,5,1,3,2
50,278,5,1,3,2
50,300,5,1,3,2
50,301,5,1,3,2
50,304,5,1,3,2
50,306,5,1,3,2
50,309,6,1,3,2
50,312,6,1,3,2
50,315,6,1,3,2
50,316,6,1,3,2
50,317,6,1,3,2
50,320,6,1,3,2
50,335,6,1,3,2
50,337,6,1,3,2
50,341,6,1,3,2
50,343,6,1,3,2
50,362,6,1,3,2
50,363,6,1,3,2
50,367,6,1,3,2
51,1,1,0,3,1
51,3,1,0,3,1
51,7,1,0,3,1
51,10,1,0,3,1
51,13,1,0,3,1
51,14,1,0,3,1
51,31,2,0,3,1
51,49,2,0,3,1
51,75,3,1,3,1
51,90,4,1,3,1
51,91,4,1,3,1
51,100,4,1,3,1
51,101,4,1,3,1
51,119,5,1,3,1
51,120,5,1,3,1
51,140,6,1,3,1
51,152,6,1,3,1
52,3,1,0,2,2
52,6,1,0,2,2
52,10,1,0,2,2
52,30,1,0,2,2
52,32,1,0,2,2
52,39,1,0,2,2
52,40,1,0,2,2
52,43,2,0,2,2
52,48,2,0,2,2
52,59,2,0,2,2
52,61,2,0,2,2
52,63,2,0,2,2
52,70,2,0,2,2
52,71,2,0,2,2
52,86,3,1,2,2
52,89,3,1,2,2
52,97,3,1,2,2
52,98,3,1,2,2
52,99,3,1,2,2
52,101,3,1,2,2
52,102,3,1,2,2
52,104,3,1,2,2
52,114,4,1,2,2
52,117,4,1,2,2
52,130,4,1,2,2
52,146,4,1,2,2
52,148,4,1,2,2
52,151,4,1,2,2
52,152,4,1,2,2
52,154,4,1,2,2
52,155,4,1,2,2
52,171,5,1,2,2
52,172,5,1,2,2
52,184,5,1,2,2
52,194,5,1,2,2
52,201,6,1,2,2
52,202,6,1,2,2
52,205,6,1,2,2
52,221,6,1,2,2
52,224,6,1,2,2
52,229,6,1,2,2
52,230,6,1,2,2
52,231,6,1,2,2
52,232,6,1,2,2
52,239,6,1,2,2
52,242,6,1,2,2
52,244,6,1,2,2
53,10,1,0,2,1
53,19,1,0,2,1
53,22,1,0,2,1
53,25,1,0,2,1
53,28,1,0,2,1
53,29,1,0,2,1
53,30,1,0,2,1
53,31,1,0,2,1
53,38,1,0,2,1
53,81,2,0,2,1
53,84,2,0,2,1
53,90,2,0,2,1
53,103,3,1,2,1
53,109,3,1,2,1
53,110,3,1,2,1
53,114,3,1,2,1
53,115,3,1,2,1
53,119,3,1,2,1
53,120,3,1,2,1
53,125,3,1,2,1
53,126,3,1,2,1
53,130,3,1,2,1
53,131,3,1,2,1
53,134,3,1,2,1
53,135,3,1,2,1
53,142,4,1,2,1
53,143,4,1,2,1
53,166,4,1,2,1
53,167,4,1,2,1
53,171,4,1,2,1
53,172,4,1,2,1
53,177,4,1,2,1
53,183,4,1,2,1
53,184,4,1,2,1
53,186,4,1,2,1
53,187,4,1,2,1
53,201,5,1,2,1
53,203,5,1,2,1
53,207,5,1,2,1
53,208,5,1,2,1
53,209,5,1,2,1
53,216,5,1,2,1
53,217,5,1,2,1
53,225,5,1,2,1
53,227,5,1,2,1
53,228,5,1,2,1
53,234,5,1,2,1
53,235,5,1,2,1
53,240,5,1,2,1
53,241,5,1,2,1
53,244,5,1,2,1
53,246,5,1,2,1
53,247,5,1,2,1
53,248,5,1,2,1
53,251,5,1,2,1
53,253,5,1,2,1
53,254,5,1,2,1
53,255,5,1,2,1
53,257,5,1,2,1
53,270,6,1,2,1
53,285,6,1,2,1
53,290,6,1,2,1
53,305,6,1,2,1
53,306,6,1,2,1
53,319,6,1,2,1
53,325,6,1,2,1
53,327,6,1,2,1
54,12,1,0,3,1
54,13,1,0,3,1
54,14,1,0,3,1
54,29,3,1,3,1
54,30,3,1,3,1
54,31,3,1,3,1
54,36,3,1,3,1
54,37,3,1,3,1
54,42,4,1,3,1
54,45,4,1,3,1
54,59,5,1,3,1
56,1,1,0,3,1
56,7,1,0,3,1
56,8,1,0,3,1
56,12,1,0,3,1
56,13,1,0,3,1
56,25,2,0,3,1
56,26,2,0,3,1
56,27,2,0,3,1
56,29,2,0,3,1
56,30,2,0,3,1
56,31,2,0,3,1
56,32,2,0,3,1
56,33,2,0,3,1
56,42,2,0,3,1
56,44,2,0,3,1
56,46,3,1,3,1
56,48,3,1,3,1
56,49,3,1,3,1
56,52,3,1,3,1
56,54,3,1,3,1
56,58,3,1,3,1
56,61,3,1,3,1
56,62,3,1,3,1
56,64,3,1,3,1
56,65,3,1,3,1
56,71,4,1,3,1
56,79,4,1,3,1
56,80,4,1,3,1
56,83,4,1,3,1
56,84,4,1,3,1
56,93,5,1,3,1
56,94,5,1,3,1
56,95,5,1,3,1
56,96,5,1,3,1
56,105,5,1,3,1
56,108,5,1,3,1
56,109,5,1,3,1
56,110,5,1,3,1
56,112,5,1,3,1
56,113,5,1,3,1
56,119,6,1,3,1
56,120,6,1,3,1
56,126,6,1,3,1
56,127,6,1,3,1
56,140,7,1,3,1
57,373,2,0,3,1
57,382,2,0,3,1
57,384,2,0,3,1
57,503,4,1,3,1
57,508,4,1,3,1
57,669,6,1,3,1
57,676,6,1,3,1
58,1,1,0,3,1
58,2,1,0,3,1
58,4,1,0,3,1
58,5,1,0,3,1
58,7,1,0,3,1
58,12,1,0,3,1
58,14,1,0,3,1
58,19,2,0,3,1
58,23,2,0,3,1
58,27,2,0,3,1
58,28,2,0,3,1
58,34,2,0,3,1
58,37,2,0,3,1
58,38,2,0,3,1
58,42,2,0,3,1
58,43,2,0,3,1
58,47,2,0,3,1
58,48,2,0,3,1
58,50,2,0,3,1
58,51,3,1,3,1
58,52,3,1,3,1
58,53,3,1,3,1
58,54,3,1,3,1
58,59,3,1,3,1
58,60,3,1,3,1
58,73,3,1,3,1
58,74,3,1,3,1
58,75,3,1,3,1
58,76,4,1,3,1
58,77,4,1,3,1
58,80,4,1,3,1
58,81,4,1,3,1
58,83,4,1,3,1
58,84,4,1,3,1
58,85,4,1,3,1
58,86,4,1,3,1
58,87,4,1,3,1
58,90,4,1,3,1
58,91,4,1,3,1
58,93,4,1,3,1
58,98,4,1,3,1
58,104,4,1,3,1
58,106,4,1,3,1
58,107,4,1,3,1
58,108,4,1,3,1
58,109,4,1,3,1
58,110,4,1,3,1
58,112,4,1,3,1
58,114,5,1,3,1
58,115,5,1,3,1
58,120,5,1,3,1
58,121,5,1,3,1
58,123,5,1,3,1
58,125,5,1,3,1
58,126,5,1,3,1
58,127,5,1,3,1
58,128,5,1,3,1
58,129,5,1,3,1
58,132,5,1,3,1
58,133,5,1,3,1
58,135,5,1,3,1
58,137,5,1,3,1
58,138,5,1,3,1
58,143,5,1,3,1
58,152,5,1,3,1
58,153,5,1,3,1
58,154,5,1,3,1
58,157,6,1,3,1
58,158,6,1,3,1
58,160,6,1,3,1
58,163,6,1,3,1
58,164,6,1,3,1
58,167,6,1,3,1
58,168,6,1,3,1
58,174,6,1,3,1
58,175,6,1,3,1
58,176,6,1,3,1
58,177,6,1,3,1
58,179,6,1,3,1
58,180,6,1,3,1
58,186,6,1,3,1
58,187,6,1,3,1
58,192,6,1,3,1
58,193,6,1,3,1
58,196,6,1,3,1
58,197,6,1,3,1
58,198,7,1,3,1
59,1,1,0,3,2
59,6,1,0,3,2
59,10,1,0,3,2
59,16,1,0,3,2
59,18,1,0,3,2
59,19,1,0,3,2
59,20,1,0,3,2
59,21,2,0,3,2
59,22,2,0,3,2
59,27,2,0,3,2
59,30,2,0,3,2
59,31,2,0,3,2
59,33,2,0,3,2
59,35,2,0,3,2
59,43,2,0,3,2
59,44,2,0,3,2
59,46,2,0,3,2
59,50,2,0,3,2
59,51,2,0,3,2
59,55,2,0,3,2
59,56,2,0,3,2
59,57,2,0,3,2
59,58,2,0,3,2
59,59,2,0,3,2
59,60,3,1,3,2
59,62,3,1,3,2
59,63,3,1,3,2
59,65,3,1,3,2
59,67,3,1,3,2
59,70,3,1,3,2
59,71,3,1,3,2
59,72,3,1,3,2
59,74,3,1,3,2
59,80,3,1,3,2
59,83,3,1,3,2
59,85,3,1,3,2
59,86,4,1,3,2
59,90,4,1,3,2
59,93,4,1,3,2
59,98,4,1,3,2
59,101,4,1,3,2
59,103,4,1,3,2
59,105,4,1,3,2
59,107,4,1,3,2
59,108,4,1,3,2
59,109,4,1,3,2
59,112,4,1,3,2
59,113,4,1,3,2
59,115,4,1,3,2
59,116,4,1,3,2
59,120,4,1,3,2
59,122,4,1,3,2
59,123,4,1,3,2
59,125,4,1,3,2
59,128,5,1,3,2
59,131,5,1,3,2
59,133,5,1,3,2
59,135,5,1,3,2
59,136,5,1,3,2
59,137,5,1,3,2
59,138,5,1,3,2
59,141,5,1,3,2
59,143,5,1,3,2
59,147,5,1,3,2
59,151,5,1,3,2
59,154,5,1,3,2
59,155,5,1,3,2
59,159,5,1,3,2
59,161,5,1,3,2
59,167,5,1,3,2
59,169,5,1,3,2
59,170,5,1,3,2
59,172,6,1,3,2
59,174,6,1,3,2
59,184,6,1,3,2
59,194,6,1,3,2
59,200,7,1,3,2
60,151,3,1,3,2
60,152,3,1,3,2
60,153,3,1,3,2
60,155,3,1,3,2
60,156,3,1,3,2
60,157,3,1,3,2
60,161,3,1,3,2
60,169,3,1,3,2
60,171,3,1,3,2
60,172,3,1,3,2
60,304,7,1,3,2
61,1,1,0,3,1
61,7,1,0,3,1
61,12,1,0,3,1
61,14,1,0,3,1
61,37,2,0,3,1
61,40,2,0,3,1
61,44,2,0,3,1
61,45,2,0,3,1
61,50,2,0,3,1
61,52,2,0,3,1
61,55,2,0,3,1
61,71,3,1,3,1
61,72,3,1,3,1
61,73,3,1,3,1
61,74,3,1,3,1
61,102,4,1,3,1
61,104,4,1,3,1
61,127,5,1,3,1
61,143,5,1,3,1
61,146,5,1,3,1
61,152,5,1,3,1
61,188,6,1,3,1
61,190,6,1,3,1
61,193,7,1,3,1
62,398,1,0,2,1
62,403,1,0,2,1
62,404,1,0,2,1
62,405,1,0,2,1
62,407,1,0,2,1
62,428,2,0,2,1
62,429,2,0,2,1
62,431,2,0,2,1
62,435,2,0,2,1
62,437,2,0,2,1
62,438,2,0,2,1
62,439,2,0,2,1
62,443,2,0,2,1
62,446,2,0,2,1
62,452,2,0,2,1
62,458,2,0,2,1
62,478,3,1,2,1
62,479,3,1,2,1
62,484,3,1,2,1
62,485,3,1,2,1
62,487,3,1,2,1
62,494,3,1,2,1
62,498,3,1,2,1
62,501,3,1,2,1
62,502,3,1,2,1
62,505,3,1,2,1
62,509,3,1,2,1
62,517,3,1,2,1
62,524,4,1,2,1
62,532,4,1,2,1
62,533,4,1,2,1
62,537,4,1,2,1
62,546,4,1,2,1
62,549,4,1,2,1
62,550,4,1,2,1
62,559,4,1,2,1
62,562,4,1,2,1
62,575,5,1,2,1
62,576,5,1,2,1
62,577,5,1,2,1
62,578,5,1,2,1
62,579,5,1,2,1
62,582,5,1,2,1
62,590,5,1,2,1
62,617,6,1,2,1
62,623,6,1,2,1
62,626,6,1,2,1
62,627,6,1,2,1
62,633,6,1,2,1
62,638,6,1,2,1
62,640,6,1,2,1
62,647,6,1,2,1
62,654,6,1,2,1
63,4,1,0,1,2
63,5,1,0,1,2
63,12,1,0,1,2
63,13,1,0,1,2
63,35,2,0,1,2
63,36,2,0,1,2
63,54,3,1,1,2
63,83,4,1,1,2
63,84,4,1,1,2
63,91,5,1,1,2
63,92,5,1,1,2
63,97,5,1,1,2
63,98,5,1,1,2
63,102,5,1,1,2
63,103,5,1,1,2
63,136,6,1,1,2
63,138,6,1,1,2
64,7,1,0,2,1
64,9,1,0,2,1
64,10,1,0,2,1
64,15,1,0,2,1
64,18,1,0,2,1
64,32,1,0,2,1
64,34,1,0,2,1
64,35,1,0,2,1
64,36,1,0,2,1
64,39,1,0,2,1
64,40,1,0,2,1
64,41,1,0,2,1
64,42,1,0,2,1
64,48,2,0,2,1
64,51,2,0,2,1
64,60,2,0,2,1
64,61,2,0,2,1
64,66,2,0,2,1
64,67,2,0,2,1
64,71,2,0,2,1
64,75,2,0,2,1
64,82,2,0,2,1
64,85,2,0,2,1
64,87,2,0,2,1
64,94,3,1,2,1
64,95,3,1,2,1
64,98,3,1,2,1
64,99,3,1,2,1
64,103,3,1,2,1
64,104,3,1,2,1
64,106,3,1,2,1
64,109,3,1,2,1
64,126,4,1,2,1
64,129,4,1,2,1
64,142,4,1,2,1
64,148,4,1,2,1
64,153,4,1,2,1
64,166,4,1,2,1
64,167,4,1,2,1
64,171,5,1,2,1
64,172,5,1,2,1
64,182,5,1,2,1
64,183,5,1,2,1
64,185,5,1,2,1
64,190,5,1,2,1
64,210,6,1,2,1
64,213,6,1,2,1
64,217,6,1,2,1
64,225,6,1,2,1
64,228,6,1,2,1
64,234,6,1,2,1
64,235,6,1,2,1
64,237,6,1,2,1
64,238,6,1,2,1
64,248,7,1,2,1
65,1,1,0,1,2
65,4,1,0,1,2
65,5,1,0,1,2
65,11,1,0,1,2
65,12,1,0,1,2
65,18,1,0,1,2
65,19,1,0,1,2
65,20,1,0,1,2
65,21,1,0,1,2
65,22,1,0,1,2
65,23,1,0,1,2
65,28,1,0,1,2
65,29,1,0,1,2
65,31,1,0,1,2
65,33,1,0,1,2
65,34,1,0,1,2
65,35,1,0,1,2
65,44,2,0,1,2
65,49,2,0,1,2
65,56,2,0,1,2
65,57,2,0,1,2
65,58,2,0,1,2
65,61,2,0,1,2
65,64,2,0,1,2
65,66,2,0,1,2
65,67,2,0,1,2
65,68,2,0,1,2
65,70,2,0,1,2
65,74,2,0,1,2
65,76,2,0,1,2
65,77,2,0,1,2
65,79,2,0,1,2
65,80,2,0,1,2
65,87,2,0,1,2
65,92,3,1,1,2
65,93,3,1,1,2
65,97,3,1,1,2
65,98,3,1,1,2
65,102,3,1,1,2
65,103,3,1,1,2
65,105,3,1,1,2
65,107,3,1,1,2
65,110,3,1,1,2
65,111,3,1,1,2
65,113,3,1,1,2
65,114,3,1,1,2
65,121,4,1,1,2
65,122,4,1,1,2
65,131,4,1,1,2
65,135,4,1,1,2
65,137,4,1,1,2
65,138,4,1,1,2
65,139,4,1,1,2
65,143,4,1,1,2
65,144,4,1,1,2
65,145,4,1,1,2
65,146,4,1,1,2
65,148,4,1,1,2
65,150,4,1,1,2
65,155,4,1,1,2
65,156,4,1,1,2
65,164,4,1,1,2
65,165,4,1,1,2
65,171,5,1,1,2
65,172,5,1,1,2
65,174,5,1,1,2
65,175,5,1,1,2
65,177,5,1,1,2
65,178,5,1,1,2
65,179,5,1,1,2
65,182,5,1,1,2
65,185,5,1,1,2
65,191,5,1,1,2
65,192,5,1,1,2
65,196,5,1,1,2
65,197,5,1,1,2
65,199,5,1,1,2
65,201,5,1,1,2
65,204,5,1,1,2
65,207,5,1,1,2
65,222,5,1,1,2
65,224,6,1,1,2
65,225,6,1,1,2
65,228,6,1,1,2
65,230,6,1,1,2
65,231,6,1,1,2
65,233,6,1,1,2
65,236,6,1,1,2
65,243,6,1,1,2
65,245,6,1,1,2
65,247,6,1,1,2
65,258,6,1,1,2
65,261,6,1,1,2
65,267,6,1,1,2
65,268,6,1,1,2
65,282,7,1,1,2
65,283,7,1,1,2
65,284,7,1,1,2
65,285,7,1,1,2
66,1,1,0,1,2
66,10,1,0,1,2
66,11,1,0,1,2
66,17,1,0,1,2
66,18,1,0,1,2
66,25,2,0,1,2
66,27,2,0,1,2
66,37,2,0,1,2
66,38,2,0,1,2
66,39,2,0,1,2
66,42,2,0,1,2
66,43,2,0,1,2
66,51,2,0,1,2
66,52,3,1,1,2
66,57,3,1,1,2
66,58,3,1,1,2
66,65,3,1,1,2
66,68,3,1,1,2
66,69,3,1,1,2
66,70,3,1,1,2
66,76,4,1,1,2
66,77,4,1,1,2
66,83,4,1,1,2
66,84,4,1,1,2
66,85,4,1,1,2
66,100,4,1,1,2
66,101,4,1,1,2
66,105,4,1,1,2
66,106,4,1,1,2
66,113,5,1,1,2
66,115,5,1,1,2
66,120,5,1,1,2
66,122,5,1,1,2
66,127,5,1,1,2
66,128,5,1,1,2
66,131,5,1,1,2
66,132,5,1,1,2
66,143,6,1,1,2
66,144,6,1,1,2
66,145,6,1,1,2
66,149,6,1,1,2
66,156,6,1,1,2
66,169,6,1,1,2
66,170,6,1,1,2
66,178,7,1,1,2
66,179,7,1,1,2
66,181,7,1,1,2
66,182,7,1,1,2
66,188,7,1,1,2
67,1,1,0,3,1
67,5,1,0,3,1
67,6,1,0,3,1
67,7,1,0,3,1
67,8,1,0,3,1
67,11,1,0,3,1
67,14,1,0,3,1
67,15,1,0,3,1
67,20,1,0,3,1
67,21,1,0,3,1
67,26,1,0,3,1
67,29,1,0,3,1
67,30,2,0,3,1
67,31,2,0,3,1
67,33,2,0,3,1
67,38,2,0,3,1
67,44,2,0,3,1
67,46,2,0,3,1
67,49,2,0,3,1
67,50,2,0,3,1
67,51,2,0,3,1
67,60,2,0,3,1
67,64,2,0,3,1
67,67,2,0,3,1
67,69,3,1,3,1
67,70,3,1,3,1
67,72,3,1,3,1
67,75,3,1,3,1
67,79,3,1,3,1
67,81,3,1,3,1
67,82,3,1,3,1
67,86,3,1,3,1
67,87,3,1,3,1
67,91,3,1,3,1
67,95,3,1,3,1
67,97,3,1,3,1
67,99,4,1,3,1
67,100,4,1,3,1
67,101,4,1,3,1
67,108,4,1,3,1
67,110,4,1,3,1
67,112,4,1,3,1
67,116,4,1,3,1
67,121,4,1,3,1
67,122,4,1,3,1
67,124,4,1,3,1
67,125,4,1,3,1
67,130,4,1,3,1
67,136,4,1,3,1
67,138,4,1,3,1
67,140,4,1,3,1
67,144,5,1,3,1
67,155,5,1,3,1
67,159,5,1,3,1
67,164,5,1,3,1
67,166,5,1,3,1
67,167,5,1,3,1
67,168,5,1,3,1
67,169,5,1,3,1
67,171,5,1,3,1
67,174,5,1,3,1
67,177,5,1,3,1
67,181,5,1,3,1
67,184,5,1,3,1
67,186,5,1,3,1
67,187,5,1,3,1
67,191,6,1,3,1
67,193,6,1,3,1
67,195,6,1,3,1
67,197,6,1,3,1
67,201,6,1,3,1
67,203,6,1,3,1
67,205,6,1,3,1
67,207,6,1,3,1
67,213,6,1,3,1
67,222,6,1,3,1
67,223,6,1,3,1
67,227,6,1,3,1
67,229,6,1,3,1
67,231,6,1,3,1
67,234,6,1,3,1
67,237,6,1,3,1
67,240,6,1,3,1
67,242,6,1,3,1
67,243,6,1,3,1
67,248,7,1,3,1
67,249,7,1,3,1
68,1,1,0,1,2
68,2,1,0,1,2
68,3,1,0,1,2
68,13,1,0,1,2
68,14,1,0,1,2
68,15,1,0,1,2
68,18,1,0,1,2
68,19,1,0,1,2
68,21,1,0,1,2
68,22,2,0,1,2
68,33,2,0,1,2
68,35,2,0,1,2
68,36,2,0,1,2
68,39,2,0,1,2
68,40,2,0,1,2
68,41,3,1,1,2
68,42,3,1,1,2
68,44,3,1,1,2
68,45,3,1,1,2
68,49,3,1,1,2
68,51,3,1,1,2
68,55,3,1,1,2
68,56,3,1,1,2
68,58,3,1,1,2
68,59,3,1,1,2
68,60,3,1,1,2
68,63,3,1,1,2
68,64,4,1,1,2
68,68,4,1,1,2
68,69,4,1,1,2
68,72,4,1,1,2
68,73,4,1,1,2
68,78,4,1,1,2
68,79,4,1,1,2
68,80,4,1,1,2
68,81,4,1,1,2
68,83,5,1,1,2
68,86,5,1,1,2
68,87,5,1,1,2
68,93,5,1,1,2
68,96,5,1,1,2
68,97,5,1,1,2
68,102,5,1,1,2
68,103,5,1,1,2
68,106,5,1,1,2
68,108,5,1,1,2
68,109,6,1,1,2
68,113,6,1,1,2
68,114,6,1,1,2
68,117,6,1,1,2
68,118,6,1,1,2
68,119,6,1,1,2
68,121,6,1,1,2
68,122,6,1,1,2
68,124,6,1,1,2
68,128,6,1,1,2
68,130,6,1,1,2
68,131,6,1,1,2
68,132,6,1,1,2
68,134,6,1,1,2
68,137,6,1,1,2
68,138,6,1,1,2
68,139,6,1,1,2
68,140,6,1,1,2
68,141,6,1,1,2
68,143,7,1,1,2
68,144,7,1,1,2
68,145,7,1,1,2
68,146,7,1,1,2
69,2,1,0,3,2
69,23,2,0,3,2
69,42,3,1,3,2
69,110,6,1,3,2
69,129,7,1,3,2
69,130,7,1,3,2
70,1,1,0,3,1
70,2,1,0,3,1
70,5,1,0,3,1
70,8,1,0,3,1
70,9,1,0,3,1
70,11,1,0,3,1
70,14,1,0,3,1
70,16,1,0,3,1
70,21,1,0,3,1
70,22,1,0,3,1
70,24,1,0,3,1
70,27,1,0,3,1
70,29,1,0,3,1
70,30,1,0,3,1
70,31,1,0,3,1
70,33,1,0,3,1
70,34,1,0,3,1
70,35,1,0,3,1
70,39,1,0,3,1
70,43,1,0,3,1
70,44,1,0,3,1
70,45,1,0,3,1
70,46,1,0,3,1
70,47,2,0,3,1
70,49,2,0,3,1
70,50,2,0,3,1
70,51,2,0,3,1
70,63,2,0,3,1
70,66,2,0,3,1
70,74,2,0,3,1
70,76,2,0,3,1
70,81,2,0,3,1
70,82,2,0,3,1
70,89,2,0,3,1
70,91,2,0,3,1
70,92,2,0,3,1
70,94,2,0,3,1
70,95,2,0,3,1
70,97,3,1,3,1
70,102,3,1,3,1
70,105,3,1,3,1
70,118,3,1,3,1
70,121,3,1,3,1
70,126,3,1,3,1
70,127,3,1,3,1
70,128,3,1,3,1
70,129,3,1,3,1
70,135,4,1,3,1
70,137,4,1,3,1
70,142,4,1,3,1
70,146,4,1,3,1
70,150,4,1,3,1
70,153,4,1,3,1
70,155,4,1,3,1
70,156,4,1,3,1
70,157,4,1,3,1
70,158,4,1,3,1
70,163,4,1,3,1
70,180,4,1,3,1
70,185,4,1,3,1
70,187,4,1,3,1
70,191,4,1,3,1
70,193,4,1,3,1
70,196,5,1,3,1
70,197,5,1,3,1
70,203,5,1,3,1
70,205,5,1,3,1
70,209,5,1,3,1
70,210,5,1,3,1
70,211,5,1,3,1
70,222,5,1,3,1
70,253,5,1,3,1
70,255,5,1,3,1
70,256,5,1,3,1
70,257,5,1,3,1
70,258,5,1,3,1
70,263,5,1,3,1
70,264,5,1,3,1
70,267,5,1,3,1
70,274,6,1,3,1
70,278,6,1,3,1
70,279,6,1,3,1
70,281,6,1,3,1
70,282,6,1,3,1
70,283,6,1,3,1
70,284,6,1,3,1
70,287,6,1,3,1
70,288,6,1,3,1
70,290,6,1,3,1
70,294,6,1,3,1
70,295,6,1,3,1
70,296,6,1,3,1
70,297,6,1,3,1
70,302,6,1,3,1
70,304,6,1,3,1
70,307,6,1,3,1
70,308,6,1,3,1
70,311,6,1,3,1
70,312,6,1,3,1
70,314,6,1,3,1
70,315,6,1,3,1
70,316,6,1,3,1
70,319,7,1,3,1
70,320,7,1,3,1
70,321,7,1,3,1
70,322,7,1,3,1
70,323,7,1,3,1
71,1,1,0,3,2
71,5,1,0,3,2
71,7,1,0,3,2
71,23,1,0,3,2
71,24,1,0,3,2
71,36,1,0,3,2
71,37,1,0,3,2
71,53,2,0,3,2
71,70,2,0,3,2
71,78,2,0,3,2
71,110,3,1,3,2
71,120,4,1,3,2
71,142,4,1,3,2
71,143,4,1,3,2
71,157,4,1,3,2
71,161,4,1,3,2
71,162,4,1,3,2
71,170,5,1,3,2
71,192,5,1,3,2
71,206,5,1,3,2
71,207,5,1,3,2
71,212,6,1,3,2
71,214,6,1,3,2
71,222,6,1,3,2
71,223,6,1,3,2
71,247,6,1,3,2
72,1,1,0,2,2
72,2,1,0,2,2
72,3,1,0,2,2
72,11,1,0,2,2
72,13,1,0,2,2
72,14,1,0,2,2
72,15,1,0,2,2
72,17,1,0,2,2
72,19,1,0,2,2
72,20,1,0,2,2
72,21,1,0,2,2
72,22,2,0,2,2
72,23,2,0,2,2
72,24,2,0,2,2
72,26,2,0,2,2
72,32,2,0,2,2
72,33,2,0,2,2
72,35,2,0,2,2
72,36,2,0,2,2
72,37,2,0,2,2
72,38,3,1,2,2
72,40,3,1,2,2
72,41,3,1,2,2
72,46,3,1,2,2
72,47,3,1,2,2
72,49,3,1,2,2
72,50,3,1,2,2
72,52,3,1,2,2
72,53,3,1,2,2
72,54,3,1,2,2
72,55,3,1,2,2
72,56,4,1,2,2
72,57,4,1,2,2
72,60,4,1,2,2
72,62,4,1,2,2
72,63,4,1,2,2
72,65,4,1,2,2
72,66,4,1,2,2
72,67,4,1,2,2
72,70,4,1,2,2
72,71,4,1,2,2
72,72,5,1,2,2
72,73,5,1,2,2
72,74,5,1,2,2
72,75,5,1,2,2
72,76,5,1,2,2
72,79,5,1,2,2
72,82,5,1,2,2
72,83,5,1,2,2
72,86,5,1,2,2
72,91,5,1,2,2
72,92,5,1,2,2
72,93,6,1,2,2
72,95,6,1,2,2
72,99,6,1,2,2
72,125,6,1,2,2
72,127,6,1,2,2
72,128,6,1,2,2
72,132,6,1,2,2
72,133,6,1,2,2
72,134,6,1,2,2
72,141,6,1,2,2
72,143,6,1,2,2
72,144,6,1,2,2
72,146,6,1,2,2
72,149,6,1,2,2
72,150,6,1,2,2
73,1,1,0,3,1
73,14,1,0,3,1
73,15,1,0,3,1
73,27,1,0,3,1
73,47,2,0,3,1
73,49,2,0,3,1
73,51,2,0,3,1
73,52,2,0,3,1
73,70,2,0,3,1
73,71,2,0,3,1
73,73,2,0,3,1
73,74,2,0,3,1
73,78,2,0,3,1
73,111,3,1,3,1
73,112,3,1,3,1
73,189,4,1,3,1
73,191,4,1,3,1
73,192,4,1,3,1
73,193,4,1,3,1
73,206,5,1,3,1
73,209,5,1,3,1
73,210,5,1,3,1
73,213,5,1,3,1
73,225,5,1,3,1
73,245,5,1,3,1
73,247,5,1,3,1
73,248,5,1,3,1
73,265,6,1,3,1
73,266,6,1,3,1
73,314,7,1,3,1
74,1,1,0,1,1
74,7,1,0,1,1
74,8,1,0,1,1
74,10,1,0,1,1
74,13,1,0,1,1
74,16,1,0,1,1
74,19,1,0,1,1
74,22,1,0,1,1
74,23,1,0,1,1
74,26,1,0,1,1
74,28,1,0,1,1
74,29,1,0,1,1
74,34,2,0,1,1
74,35,2,0,1,1
74,46,2,0,1,1
74,49,2,0,1,1
74,51,2,0,1,1
74,52,2,0,1,1
74,54,2,0,1,1
74,57,2,0,1,1
74,60,3,1,1,1
74,63,3,1,1,1
74,64,3,1,1,1
74,67,3,1,1,1
74,74,3,1,1,1
74,77,3,1,1,1
74,82,3,1,1,1
74,83,3,1,1,1
74,90,3,1,1,1
74,92,3,1,1,1
74,95,3,1,1,1
74,96,3,1,1,1
74,100,4,1,1,1
74,101,4,1,1,1
74,102,4,1,1,1
74,106,4,1,1,1
74,109,4,1,1,1
74,115,4,1,1,1
74,161,4,1,1,1
74,162,5,1,1,1
74,172,5,1,1,1
74,173,5,1,1,1
74,176,5,1,1,1
74,177,5,1,1,1
74,181,5,1,1,1
74,185,5,1,1,1
74,186,5,1,1,1
74,187,5,1,1,1
74,196,5,1,1,1
74,198,5,1,1,1
74,201,5,1,1,1
74,202,5,1,1,1
74,205,6,1,1,1
74,206,6,1,1,1
74,211,6,1,1,1
74,212,6,1,1,1
74,213,6,1,1,1
74,214,6,1,1,1
74,215,6,1,1,1
74,217,6,1,1,1
74,218,6,1,1,1
74,225,6,1,1,1
74,226,6,1,1,1
74,228,6,1,1,1
74,230,6,1,1,1
74,231,6,1,1,1
75,3,1,0,1,2
75,62,2,0,1,2
75,65,2,0,1,2
75,102,3,1,1,2
75,122,3,1,1,2
75,123,3,1,1,2
75,134,4,1,1,2
75,136,4,1,1,2
75,172,6,1,1,2
75,173,6,1,1,2
75,187,7,1,1,2
76,3,1,0,3,1
76,5,1,0,3,1
76,6,1,0,3,1
76,7,1,0,3,1
76,36,2,0,3,1
76,37,2,0,3,1
76,41,2,0,3,1
76,43,2,0,3,1
76,47,2,0,3,1
76,49,2,0,3,1
76,50,2,0,3,1
76,59,2,0,3,1
76,60,2,0,3,1
76,65,3,1,3,1
76,75,3,1,3,1
76,77,3,1,3,1
76,84,3,1,3,1
76,85,3,1,3,1
76,88,3,1,3,1
76,92,4,1,3,1
76,93,4,1,3,1
76,98,4,1,3,1
76,101,4,1,3,1
76,121,4,1,3,1
76,132,4,1,3,1
76,134,5,1,3,1
76,137,5,1,3,1
76,138,5,1,3,1
76,140,5,1,3,1
76,141,5,1,3,1
76,143,5,1,3,1
76,145,5,1,3,1
76,158,5,1,3,1
76,159,5,1,3,1
76,160,5,1,3,1
76,161,5,1,3,1
76,164,5,1,3,1
76,165,5,1,3,1
76,166,5,1,3,1
76,172,6,1,3,1
76,173,6,1,3,1
76,177,6,1,3,1
76,183,6,1,3,1
76,199,7,1,3,1
77,3,1,0,3,2
77,18,1,0,3,2
77,24,1,0,3,2
77,38,1,0,3,2
77,39,1,0,3,2
77,43,1,0,3,2
77,45,1,0,3,2
77,62,2,0,3,2
77,65,2,0,3,2
77,71,2,0,3,2
77,72,2,0,3,2
77,78,2,0,3,2
77,82,2,0,3,2
77,90,2,0,3,2
77,91,2,0,3,2
77,93,2,0,3,2
77,101,3,1,3,2
77,108,3,1,3,2
77,109,3,1,3,2
77,111,3,1,3,2
77,112,3,1,3,2
77,115,3,1,3,2
77,118,3,1,3,2
77,124,3,1,3,2
77,126,3,1,3,2
77,127,3,1,3,2
77,129,3,1,3,2
77,130,3,1,3,2
77,131,3,1,3,2
77,132,3,1,3,2
77,136,3,1,3,2
77,137,3,1,3,2
77,144,3,1,3,2
77,145,3,1,3,2
77,146,3,1,3,2
77,147,3,1,3,2
77,148,3,1,3,2
77,176,4,1,3,2
77,177,4,1,3,2
77,182,4,1,3,2
77,183,4,1,3,2
77,185,4,1,3,2
77,188,4,1,3,2
77,189,4,1,3,2
77,190,4,1,3,2
77,191,4,1,3,2
77,200,5,1,3,2
77,203,5,1,3,2
77,207,5,1,3,2
77,233,6,1,3,2
77,239,6,1,3,2
77,262,6,1,3,2
77,264,6,1,3,2
77,265,6,1,3,2
77,266,6,1,3,2
77,269,6,1,3,2
77,271,6,1,3,2
77,287,6,1,3,2
77,295,7,1,3,2
78,1,1,0,1,2
78,6,1,0,1,2
78,7,1,0,1,2
78,12,1,0,1,2
78,13,1,0,1,2
78,14,1,0,1,2
78,15,1,0,1,2
78,16,1,0,1,2
78,22,1,0,1,2
78,35,1,0,1,2
78,36,1,0,1,2
78,38,1,0,1,2
78,39,1,0,1,2
78,41,1,0,1,2
78,50,2,0,1,2
78,51,2,0,1,2
78,52,2,0,1,2
78,53,2,0,1,2
78,55,2,0,1,2
78,59,2,0,1,2
78,60,2,0,1,2
78,61,2,0,1,2
78,65,2,0,1,2
78,72,2,0,1,2
78,73,2,0,1,2
78,74,2,0,1,2
78,88,3,1,1,2
78,90,3,1,1,2
78,95,3,1,1,2
78,96,3,1,1,2
78,100,3,1,1,2
78,102,4,1,1,2
78,107,4,1,1,2
78,108,4,1,1,2
78,138,4,1,1,2
78,139,4,1,1,2
78,140,4,1,1,2
78,144,4,1,1,2
78,156,4,1,1,2
78,163,4,1,1,2
78,167,4,1,1,2
78,170,5,1,1,2
78,179,5,1,1,2
78,182,5,1,1,2
78,184,5,1,1,2
78,187,5,1,1,2
78,189,5,1,1,2
78,191,5,1,1,2
78,196,5,1,1,2
78,201,5,1,1,2
78,204,6,1,1,2
78,205,6,1,1,2
78,207,6,1,1,2
78,210,6,1,1,2
78,212,6,1,1,2
78,223,6,1,1,2
78,224,6,1,1,2
78,225,6,1,1,2
78,230,6,1,1,2
78,242,6,1,1,2
78,247,7,1,1,2
79,1,1,0,1,1
79,14,1,0,1,1
79,23,1,0,1,1
79,67,3,1,1,1
79,112,5,1,1,1
79,118,5,1,1,1
79,158,6,1,1,1
79,160,6,1,1,1
79,161,6,1,1,1
79,166,6,1,1,1
79,167,6,1,1,1
79,185,6,1,1,1
79,194,7,1,1,1
80,1,1,0,1,1
80,4,1,0,1,1
80,7,1,0,1,1
80,21,1,0,1,1
80,29,2,0,1,1
80,35,2,0,1,1
80,38,2,0,1,1
80,39,2,0,1,1
80,40,2,0,1,1
80,53,2,0,1,1
80,54,2,0,1,1
80,64,4,1,1,1
80,65,4,1,1,1
80,67,4,1,1,1
80,68,4,1,1,1
80,71,4,1,1,1
80,72,4,1,1,1
80,73,4,1,1,1
80,74,4,1,1,1
80,78,5,1,1,1
80,79,5,1,1,1
80,81,5,1,1,1
80,82,5,1,1,1
80,87,5,1,1,1
80,94,5,1,1,1
80,98,5,1,1,1
80,99,5,1,1,1
80,105,6,1,1,1
80,106,6,1,1,1
80,108,6,1,1,1
80,113,6,1,1,1
80,126,6,1,1,1
80,127,6,1,1,1
80,128,6,1,1,1
80,136,7,1,1,1
81,1,1,0,1,2
81,9,1,0,1,2
81,12,1,0,1,2
81,16,1,0,1,2
81,29,1,0,1,2
81,34,1,0,1,2
81,35,1,0,1,2
81,36,1,0,1,2
81,40,1,0,1,2
81,41,1,0,1,2
81,45,1,0,1,2
81,48,1,0,1,2
81,52,1,0,1,2
81,54,2,0,1,2
81,55,2,0,1,2
81,56,2,0,1,2
81,57,2,0,1,2
81,59,2,0,1,2
81,70,2,0,1,2
81,79,2,0,1,2
81,81,2,0,1,2
81,82,2,0,1,2
81,85,2,0,1,2
81,86,2,0,1,2
81,91,2,0,1,2
81,92,2,0,1,2
81,96,2,0,1,2
81,99,2,0,1,2
81,104,2,0,1,2
81,110,2,0,1,2
81,113,3,1,1,2
81,114,3,1,1,2
81,115,3,1,1,2
81,117,3,1,1,2
81,132,3,1,1,2
81,138,3,1,1,2
81,142,4,1,1,2
81,147,4,1,1,2
81,152,4,1,1,2
81,153,4,1,1,2
81,154,4,1,1,2
81,162,4,1,1,2
81,163,4,1,1,2
81,164,4,1,1,2
81,167,4,1,1,2
81,173,4,1,1,2
81,174,4,1,1,2
81,176,4,1,1,2
81,180,5,1,1,2
81,182,5,1,1,2
81,184,5,1,1,2
81,188,5,1,1,2
81,194,5,1,1,2
81,195,5,1,1,2
81,201,5,1,1,2
81,206,5,1,1,2
81,209,6,1,1,2
81,215,6,1,1,2
81,218,6,1,1,2
81,220,6,1,1,2
81,222,6,1,1,2
81,227,6,1,1,2
81,229,6,1,1,2
81,230,6,1,1,2
81,234,6,1,1,2
81,235,6,1,1,2
81,237,6,1,1,2
81,239,6,1,1,2
81,244,6,1,1,2
81,245,6,1,1,2
81,247,6,1,1,2
81,253,6,1,1,2
81,255,7,1,1,2
82,2,1,0,1,2
82,5,1,0,1,2
82,7,1,0,1,2
82,21,1,0,1,2
82,26,1,0,1,2
82,28,1,0,1,2
82,35,1,0,1,2
82,54,2,0,1,2
82,57,3,1,1,2
82,60,3,1,1,2
82,69,3,1,1,2
82,73,3,1,1,2
82,79,3,1,1,2
82,80,3,1,1,2
82,81,4,1,1,2
82,82,4,1,1,2
82,83,4,1,1,2
82,101,4,1,1,2
82,106,4,1,1,2
82,109,4,1,1,2
82,111,4,1,1,2
82,115,4,1,1,2
82,116,4,1,1,2
82,117,4,1,1,2
82,118,4,1,1,2
82,122,4,1,1,2
82,123,4,1,1,2
82,125,5,1,1,2
82,126,5,1,1,2
82,127,5,1,1,2
82,128,5,1,1,2
82,129,5,1,1,2
82,133,5,1,1,2
82,136,5,1,1,2
82,138,5,1,1,2
82,139,5,1,1,2
82,142,5,1,1,2
82,148,5,1,1,2
82,149,5,1,1,2
82,150,6,1,1,2
82,154,6,1,1,2
82,155,6,1,1,2
82,156,6,1,1,2
82,159,6,1,1,2
82,162,6,1,1,2
82,163,6,1,1,2
82,166,6,1,1,2
82,167,6,1,1,2
82,171,6,1,1,2
82,180,6,1,1,2
82,181,6,1,1,2
82,183,7,1,1,2
83,1,1,0,1,2
83,13,1,0,1,2
83,14,1,0,1,2
83,16,1,0,1,2
83,17,1,0,1,2
83,22,2,0,1,2
83,24,2,0,1,2
83,25,2,0,1,2
83,26,2,0,1,2
83,28,2,0,1,2
83,30,2,0,1,2
83,31,2,0,1,2
83,32,2,0,1,2
83,47,3,1,1,2
83,53,3,1,1,2
83,54,3,1,1,2
83,58,3,1,1,2
83,59,3,1,1,2
83,61,3,1,1,2
83,62,3,1,1,2
83,65,3,1,1,2
83,67,4,1,1,2
83,70,4,1,1,2
83,72,4,1,1,2
83,73,4,1,1,2
83,76,4,1,1,2
83,85,5,1,1,2
83,86,5,1,1,2
83,87,5,1,1,2
83,88,5,1,1,2
83,91,5,1,1,2
83,92,5,1,1,2
83,100,5,1,1,2
83,101,6,1,1,2
83,103,6,1,1,2
83,109,6,1,1,2
83,127,7,1,1,2
84,1,1,0,2,2
84,3,1,0,2,2
84,5,1,0,2,2
84,6,1,0,2,2
84,7,1,0,2,2
84,8,1,0,2,2
84,9,1,0,2,2
84,12,1,0,2,2
84,13,1,0,2,2
84,17,1,0,2,2
84,18,1,0,2,2
84,20,1,0,2,2
84,21,1,0,2,2
84,22,1,0,2,2
84,23,1,0,2,2
84,24,1,0,2,2
84,26,2,0,2,2
84,29,2,0,2,2
84,30,2,0,2,2
84,31,2,0,2,2
84,32,2,0,2,2
84,34,2,0,2,2
84,36,2,0,2,2
84,37,2,0,2,2
84,38,2,0,2,2
84,39,2,0,2,2
84,40,2,0,2,2
84,42,2,0,2,2
84,43,2,0,2,2
84,44,2,0,2,2
84,45,2,0,2,2
84,46,3,1,2,2
84,48,3,1,2,2
84,50,3,1,2,2
84,51,3,1,2,2
84,52,3,1,2,2
84,53,3,1,2,2
84,56,3,1,2,2
84,58,3,1,2,2
84,61,3,1,2,2
84,62,3,1,2,2
84,63,3,1,2,2
84,65,4,1,2,2
84,66,4,1,2,2
84,67,4,1,2,2
84,68,4,1,2,2
84,69,4,1,2,2
84,70,4,1,2,2
84,71,4,1,2,2
84,72,4,1,2,2
84,73,4,1,2,2
84,74,4,1,2,2
84,75,4,1,2,2
84,76,4,1,2,2
84,77,4,1,2,2
84,81,4,1,2,2
84,82,4,1,2,2
84,83,4,1,2,2
84,84,4,1,2,2
84,87,4,1,2,2
84,88,5,1,2,2
84,91,5,1,2,2
84,93,5,1,2,2
84,95,5,1,2,2
84,96,5,1,2,2
84,99,5,1,2,2
84,100,5,1,2,2
84,101,5,1,2,2
84,102,5,1,2,2
84,103,5,1,2,2
84,105,5,1,2,2
84,106,5,1,2,2
84,109,5,1,2,2
84,110,6,1,2,2
84,111,6,1,2,2
84,112,6,1,2,2
84,113,6,1,2,2
84,114,6,1,2,2
84,115,6,1,2,2
84,116,6,1,2,2
84,117,6,1,2,2
84,118,6,1,2,2
84,119,6,1,2,2
84,120,6,1,2,2
84,121,6,1,2,2
84,122,6,1,2,2
84,126,7,1,2,2
84,128,7,1,2,2
85,52,1,0,1,1
85,54,1,0,1,1
85,55,1,0,1,1
85,56,1,0,1,1
85,57,1,0,1,1
85,58,2,0,1,1
85,59,2,0,1,1
85,60,2,0,1,1
85,61,2,0,1,1
85,62,2,0,1,1
85,63,2,0,1,1
85,65,2,0,1,1
85,66,2,0,1,1
85,67,2,0,1,1
85,71,2,0,1,1
85,75,2,0,1,1
85,76,2,0,1,1
85,77,3,1,1,1
85,79,3,1,1,1
85,80,3,1,1,1
85,83,3,1,1,1
85,87,3,1,1,1
85,89,4,1,1,1
85,90,4,1,1,1
85,91,4,1,1,1
85,92,4,1,1,1
85,93,4,1,1,1
85,94,4,1,1,1
85,95,4,1,1,1
85,96,4,1,1,1
85,98,4,1,1,1
85,99,4,1,1,1
85,100,4,1,1,1
85,102,4,1,1,1
85,103,4,1,1,1
85,105,4,1,1,1
85,106,5,1,1,1
85,107,5,1,1,1
85,110,5,1,1,1
85,111,5,1,1,1
85,113,5,1,1,1
85,118,5,1,1,1
85,119,5,1,1,1
85,121,5,1,1,1
85,122,6,1,1,1
85,123,6,1,1,1
85,124,6,1,1,1
85,125,6,1,1,1
85,126,6,1,1,1
85,127,6,1,1,1
85,128,6,1,1,1
85,132,6,1,1,1
85,133,6,1,1,1
85,134,6,1,1,1
85,135,7,1,1,1
85,137,7,1,1,1
85,139,7,1,1,1
85,140,7,1,1,1
85,141,7,1,1,1
86,2,1,0,2,1
86,4,1,0,2,1
86,5,1,0,2,1
86,6,1,0,2,1
86,7,1,0,2,1
86,8,1,0,2,1
86,9,1,0,2,1
86,10,1,0,2,1
86,11,1,0,2,1
86,12,1,0,2,1
86,19,1,0,2,1
86,20,1,0,2,1
86,22,1,0,2,1
86,23,1,0,2,1
86,24,1,0,2,1
86,25,1,0,2,1
86,26,1,0,2,1
86,27,1,0,2,1
86,29,1,0,2,1
86,30,1,0,2,1
86,32,1,0,2,1
86,33,1,0,2,1
86,36,1,0,2,1
86,41,1,0,2,1
86,42,2,0,2,1
86,44,2,0,2,1
86,45,2,0,2,1
86,46,2,0,2,1
86,47,2,0,2,1
86,48,2,0,2,1
86,49,2,0,2,1
86,50,2,0,2,1
86,52,2,0,2,1
86,53,2,0,2,1
86,54,2,0,2,1
86,56,2,0,2,1
86,57,2,0,2,1
86,58,2,0,2,1
86,61,2,0,2,1
86,62,2,0,2,1
86,63,2,0,2,1
86,64,2,0,2,1
86,65,2,0,2,1
86,66,2,0,2,1
86,67,2,0,2,1
86,69,3,1,2,1
86,70,3,1,2,1
86,72,3,1,2,1
86,73,3,1,2,1
86,74,3,1,2,1
86,77,3,1,2,1
86,78,3,1,2,1
86,79,3,1,2,1
86,82,3,1,2,1
86,83,3,1,2,1
86,84,3,1,2,1
86,85,3,1,2,1
86,86,3,1,2,1
86,87,3,1,2,1
86,90,3,1,2,1
86,91,3,1,2,1
86,92,3,1,2,1
86,93,3,1,2,1
86,96,3,1,2,1
86,97,4,1,2,1
86,98,4,1,2,1
86,100,4,1,2,1
86,102,4,1,2,1
86,103,4,1,2,1
86,104,4,1,2,1
86,107,4,1,2,1
86,108,4,1,2,1
86,109,4,1,2,1
86,112,4,1,2,1
86,114,4,1,2,1
86,115,4,1,2,1
86,121,4,1,2,1
86,122,4,1,2,1
86,124,4,1,2,1
86,130,4,1,2,1
86,132,4,1,2,1
86,133,4,1,2,1
86,134,4,1,2,1
86,135,5,1,2,1
86,136,5,1,2,1
86,137,5,1,2,1
86,138,5,1,2,1
86,139,5,1,2,1
86,140,5,1,2,1
86,141,5,1,2,1
86,142,5,1,2,1
86,145,5,1,2,1
86,146,5,1,2,1
86,147,5,1,2,1
86,148,5,1,2,1
86,149,5,1,2,1
86,150,5,1,2,1
86,151,5,1,2,1
86,152,5,1,2,1
86,153,5,1,2,1
86,156,5,1,2,1
86,161,5,1,2,1
86,163,6,1,2,1
86,167,6,1,2,1
86,168,6,1,2,1
86,169,6,1,2,1
86,170,6,1,2,1
86,171,6,1,2,1
86,175,6,1,2,1
86,176,6,1,2,1
86,177,6,1,2,1
86,180,6,1,2,1
86,181,6,1,2,1
86,182,6,1,2,1
86,183,6,1,2,1
86,184,6,1,2,1
86,192,6,1,2,1
86,193,6,1,2,1
86,195,6,1,2,1
86,196,6,1,2,1
86,198,6,1,2,1
86,200,6,1,2,1
86,201,6,1,2,1
86,202,6,1,2,1
86,206,6,1,2,1
86,211,6,1,2,1
86,212,6,1,2,1
86,213,6,1,2,1
86,215,7,1,2,1
86,216,7,1,2,1
87,1,1,0,1,2
87,2,1,0,1,2
87,9,1,0,1,2
87,10,1,0,1,2
87,43,1,0,1,2
87,59,1,0,1,2
87,64,1,0,1,2
87,65,1,0,1,2
87,66,1,0,1,2
87,79,2,0,1,2
87,82,2,0,1,2
87,89,2,0,1,2
87,90,2,0,1,2
87,93,2,0,1,2
87,94,2,0,1,2
87,108,2,0,1,2
87,112,2,0,1,2
87,114,2,0,1,2
87,117,2,0,1,2
87,126,2,0,1,2
87,130,2,0,1,2
87,132,2,0,1,2
87,134,2,0,1,2
87,136,2,0,1,2
87,143,3,1,1,2
87,147,3,1,1,2
87,220,3,1,1,2
87,222,3,1,1,2
87,248,3,1,1,2
87,260,4,1,1,2
87,263,4,1,1,2
87,331,4,1,1,2
87,336,5,1,1,2
87,337,5,1,1,2
87,350,5,1,1,2
87,366,5,1,1,2
87,367,5,1,1,2
87,377,5,1,1,2
87,378,5,1,1,2
87,380,5,1,1,2
87,382,5,1,1,2
87,384,5,1,1,2
87,386,5,1,1,2
87,387,5,1,1,2
87,388,5,1,1,2
87,390,5,1,1,2
87,407,5,1,1,2
87,408,5,1,1,2
87,409,5,1,1,2
87,413,5,1,1,2
87,421,6,1,1,2
87,431,6,1,1,2
87,434,6,1,1,2
87,438,6,1,1,2
87,441,6,1,1,2
87,445,6,1,1,2
87,454,6,1,1,2
87,458,6,1,1,2
87,466,6,1,1,2
87,468,6,1,1,2
87,473,7,1,1,2
87,475,7,1,1,2
87,493,7,1,1,2
87,500,7,1,1,2
87,501,7,1,1,2
87,507,7,1,1,2
87,520,7,1,1,2
87,521,7,1,1,2
87,522,7,1,1,2
87,526,7,1,1,2
88,1,1,0,2,2
88,5,1,0,2,2
88,9,1,0,2,2
88,23,1,0,2,2
88,24,1,0,2,2
88,29,1,0,2,2
88,46,2,0,2,2
88,47,2,0,2,2
88,51,2,0,2,2
88,52,2,0,2,2
88,56,2,0,2,2
88,57,2,0,2,2
88,63,2,0,2,2
88,64,3,1,2,2
88,70,3,1,2,2
88,71,3,1,2,2
88,74,3,1,2,2
88,75,3,1,2,2
88,86,3,1,2,2
88,87,3,1,2,2
88,88,3,1,2,2
88,107,4,1,2,2
88,109,4,1,2,2
88,113,4,1,2,2
88,114,4,1,2,2
88,119,4,1,2,2
88,120,4,1,2,2
88,121,4,1,2,2
88,128,4,1,2,2
88,130,4,1,2,2
88,135,4,1,2,2
88,137,4,1,2,2
88,138,4,1,2,2
88,139,4,1,2,2
88,140,4,1,2,2
88,146,4,1,2,2
88,149,4,1,2,2
88,151,5,1,2,2
88,152,5,1,2,2
88,158,5,1,2,2
88,159,5,1,2,2
88,165,5,1,2,2
88,167,5,1,2,2
88,171,5,1,2,2
88,172,5,1,2,2
88,174,5,1,2,2
88,180,5,1,2,2
88,183,5,1,2,2
88,185,5,1,2,2
88,189,5,1,2,2
88,190,6,1,2,2
88,191,6,1,2,2
88,192,6,1,2,2
88,199,6,1,2,2
88,200,6,1,2,2
88,206,6,1,2,2
88,207,6,1,2,2
88,213,6,1,2,2
88,218,6,1,2,2
88,219,6,1,2,2
88,248,7,1,2,2
89,1,1,0,3,2
89,24,2,0,3,2
89,25,2,0,3,2
89,27,2,0,3,2
89,45,3,1,3,2
89,46,3,1,3,2
89,47,3,1,3,2
89,54,4,1,3,2
89,56,4,1,3,2
89,58,4,1,3,2
89,84,5,1,3,2
89,85,5,1,3,2
89,102,6,1,3,2
89,103,6,1,3,2
89,117,7,1,3,2
90,1,1,0,2,2
90,2,1,0,2,2
90,48,1,0,2,2
90,53,1,0,2,2
90,71,2,0,2,2
90,72,2,0,2,2
90,92,2,0,2,2
90,97,2,0,2,2
90,107,2,0,2,2
90,111,2,0,2,2
90,197,4,1,2,2
90,198,4,1,2,2
90,331,6,1,2,2
90,332,6,1,2,2
90,341,7,1,2,2
91,57,2,0,3,2
91,89,3,1,3,2
91,91,3,1,3,2
91,119,3,1,3,2
91,126,3,1,3,2
91,129,3,1,3,2
91,135,4,1,3,2
91,142,4,1,3,2
91,143,4,1,3,2
91,150,4,1,3,2
91,185,5,1,3,2
91,191,5,1,3,2
91,192,5,1,3,2
91,206,5,1,3,2
91,228,5,1,3,2
91,229,5,1,3,2
91,248,5,1,3,2
91,279,6,1,3,2
91,280,6,1,3,2
91,292,6,1,3,2
92,1,1,0,1,1
92,6,1,0,1,1
92,8,1,0,1,1
92,10,1,0,1,1
92,22,1,0,1,1
92,25,1,0,1,1
92,34,2,0,1,1
92,42,2,0,1,1
92,47,2,0,1,1
92,49,2,0,1,1
92,64,3,1,1,1
92,70,3,1,1,1
92,73,3,1,1,1
92,75,3,1,1,1
92,78,3,1,1,1
92,79,3,1,1,1
92,88,3,1,1,1
92,92,4,1,1,1
92,96,4,1,1,1
92,103,4,1,1,1
92,108,4,1,1,1
92,110,4,1,1,1
92,111,4,1,1,1
92,112,4,1,1,1
92,116,4,1,1,1
92,118,4,1,1,1
92,119,4,1,1,1
92,126,4,1,1,1
92,129,4,1,1,1
92,131,5,1,1,1
92,132,5,1,1,1
92,133,5,1,1,1
92,134,5,1,1,1
92,138,5,1,1,1
92,143,5,1,1,1
92,144,5,1,1,1
92,149,5,1,1,1
92,152,5,1,1,1
92,153,5,1,1,1
92,159,5,1,1,1
92,163,5,1,1,1
92,164,5,1,1,1
92,165,6,1,1,1
92,168,6,1,1,1
92,170,6,1,1,1
92,171,6,1,1,1
92,172,6,1,1,1
92,175,6,1,1,1
92,176,6,1,1,1
92,184,6,1,1,1
92,186,6,1,1,1
92,187,6,1,1,1
92,190,6,1,1,1
92,191,6,1,1,1
92,192,6,1,1,1
92,195,6,1,1,1
92,196,7,1,1,1
92,203,7,1,1,1
92,206,7,1,1,1
93,1,1,0,1,1
93,4,1,0,1,1
93,5,1,0,1,1
93,7,1,0,1,1
93,9,1,0,1,1
93,10,1,0,1,1
93,12,1,0,1,1
93,13,1,0,1,1
93,21,1,0,1,1
93,22,1,0,1,1
93,25,1,0,1,1
93,26,1,0,1,1
93,27,1,0,1,1
93,29,1,0,1,1
93,33,1,0,1,1
93,35,1,0,1,1
93,38,1,0,1,1
93,45,1,0,1,1
93,48,1,0,1,1
93,54,1,0,1,1
93,65,2,0,1,1
93,67,2,0,1,1
93,73,2,0,1,1
93,77,2,0,1,1
93,79,2,0,1,1
93,80,2,0,1,1
93,84,2,0,1,1
93,85,2,0,1,1
93,86,2,0,1,1
93,88,2,0,1,1
93,89,2,0,1,1
93,90,2,0,1,1
93,94,2,0,1,1
93,95,2,0,1,1
93,104,2,0,1,1
93,106,2,0,1,1
93,112,2,0,1,1
93,114,2,0,1,1
93,115,2,0,1,1
93,122,2,0,1,1
93,123,2,0,1,1
93,124,3,1,1,1
93,126,3,1,1,1
93,128,3,1,1,1
93,135,3,1,1,1
93,136,3,1,1,1
93,141,3,1,1,1
93,142,3,1,1,1
93,146,3,1,1,1
93,147,3,1,1,1
93,148,3,1,1,1
93,150,3,1,1,1
93,151,3,1,1,1
93,152,3,1,1,1
93,153,3,1,1,1
93,154,3,1,1,1
93,155,3,1,1,1
93,158,3,1,1,1
93,167,3,1,1,1
93,171,3,1,1,1
93,173,3,1,1,1
93,176,3,1,1,1
93,177,3,1,1,1
93,178,3,1,1,1
93,180,3,1,1,1
93,182,3,1,1,1
93,185,3,1,1,1
93,188,3,1,1,1
93,192,4,1,1,1
93,196,4,1,1,1
93,197,4,1,1,1
93,205,4,1,1,1
93,206,4,1,1,1
93,210,4,1,1,1
93,211,4,1,1,1
93,218,4,1,1,1
93,221,4,1,1,1
93,222,4,1,1,1
93,223,4,1,1,1
93,224,4,1,1,1
93,225,4,1,1,1
93,226,4,1,1,1
93,227,4,1,1,1
93,231,4,1,1,1
93,234,4,1,1,1
93,246,4,1,1,1
93,248,4,1,1,1
93,249,4,1,1,1
93,255,4,1,1,1
93,257,4,1,1,1
93,259,4,1,1,1
93,264,4,1,1,1
93,265,4,1,1,1
93,267,4,1,1,1
93,269,4,1,1,1
93,272,4,1,1,1
93,274,4,1,1,1
93,276,5,1,1,1
93,282,5,1,1,1
93,283,5,1,1,1
93,285,5,1,1,1
93,286,5,1,1,1
93,294,5,1,1,1
93,295,5,1,1,1
93,299,5,1,1,1
93,300,5,1,1,1
93,301,5,1,1,1
93,303,5,1,1,1
93,305,5,1,1,1
93,307,5,1,1,1
93,308,5,1,1,1
93,311,5,1,1,1
93,312,5,1,1,1
93,314,5,1,1,1
93,316,5,1,1,1
93,318,5,1,1,1
93,319,5,1,1,1
93,321,5,1,1,1
93,322,5,1,1,1
93,328,5,1,1,1
93,336,5,1,1,1
93,338,5,1,1,1
93,343,5,1,1,1
93,345,5,1,1,1
93,352,6,1,1,1
93,353,6,1,1,1
93,358,6,1,1,1
93,359,6,1,1,1
93,360,6,1,1,1
93,369,6,1,1,1
93,371,6,1,1,1
93,378,6,1,1,1
93,381,6,1,1,1
93,390,6,1,1,1
93,391,6,1,1,1
93,394,6,1,1,1
93,404,6,1,1,1
93,405,6,1,1,1
93,414,6,1,1,1
93,415,6,1,1,1
93,424,6,1,1,1
93,425,6,1,1,1
93,427,6,1,1,1
93,428,6,1,1,1
93,430,6,1,1,1
93,431,6,1,1,1
93,432,6,1,1,1
93,434,6,1,1,1
93,439,7,1,1,1
95,2,1,0,3,1
95,25,1,0,3,1
95,32,1,0,3,1
95,60,2,0,3,1
95,95,3,1,3,1
95,98,3,1,3,1
95,101,3,1,3,1
95,115,3,1,3,1
95,116,3,1,3,1
95,117,3,1,3,1
95,120,3,1,3,1
95,121,3,1,3,1
95,123,3,1,3,1
95,124,3,1,3,1
95,125,3,1,3,1
95,126,3,1,3,1
95,127,3,1,3,1
95,129,3,1,3,1
95,130,3,1,3,1
95,160,3,1,3,1
95,169,4,1,3,1
95,170,4,1,3,1
95,171,4,1,3,1
95,172,4,1,3,1
95,173,4,1,3,1
95,176,4,1,3,1
95,201,4,1,3,1
95,213,4,1,3,1
95,217,4,1,3,1
95,224,5,1,3,1
95,228,5,1,3,1
95,236,5,1,3,1
95,237,5,1,3,1
95,263,5,1,3,1
95,287,6,1,3,1
95,288,6,1,3,1
95,319,6,1,3,1
95,321,6,1,3,1
95,354,7,1,3,1
96,1,1,0,1,1
96,2,1,0,1,1
96,8,1,0,1,1
96,9,1,0,1,1
96,10,1,0,1,1
96,12,1,0,1,1
96,13,1,0,1,1
96,14,1,0,1,1
96,15,1,0,1,1
96,16,1,0,1,1
96,17,1,0,1,1
96,19,1,0,1,1
96,23,1,0,1,1
96,29,1,0,1,1
96,31,1,0,1,1
96,32,1,0,1,1
96,33,1,0,1,1
96,36,1,0,1,1
96,37,2,0,1,1
96,38,2,0,1,1
96,39,2,0,1,1
96,40,2,0,1,1
96,41,2,0,1,1
96,43,2,0,1,1
96,44,2,0,1,1
96,47,2,0,1,1
96,48,2,0,1,1
96,51,2,0,1,1
96,52,2,0,1,1
96,53,2,0,1,1
96,54,3,1,1,1
96,55,3,1,1,1
96,57,3,1,1,1
96,58,3,1,1,1
96,59,3,1,1,1
96,60,3,1,1,1
96,61,3,1,1,1
96,63,3,1,1,1
96,64,3,1,1,1
96,65,3,1,1,1
96,67,3,1,1,1
96,68,3,1,1,1
96,69,3,1,1,1
96,71,3,1,1,1
96,73,3,1,1,1
96,74,3,1,1,1
96,75,3,1,1,1
96,77,3,1,1,1
96,78,3,1,1,1
96,79,3,1,1,1
96,80,3,1,1,1
96,83,3,1,1,1
96,84,3,1,1,1
96,85,3,1,1,1
96,86,4,1,1,1
96,87,4,1,1,1
96,88,4,1,1,1
96,89,4,1,1,1
96,91,4,1,1,1
96,94,4,1,1,1
96,97,4,1,1,1
96,127,4,1,1,1
96,128,4,1,1,1
96,129,4,1,1,1
96,131,4,1,1,1
96,132,4,1,1,1
96,133,4,1,1,1
96,134,4,1,1,1
96,135,4,1,1,1
96,136,4,1,1,1
96,137,4,1,1,1
96,138,4,1,1,1
96,139,4,1,1,1
96,140,4,1,1,1
96,141,4,1,1,1
96,144,4,1,1,1
96,147,4,1,1,1
96,148,4,1,1,1
96,149,4,1,1,1
96,150,5,1,1,1
96,151,5,1,1,1
96,153,5,1,1,1
96,154,5,1,1,1
96,156,5,1,1,1
96,158,5,1,1,1
96,159,5,1,1,1
96,160,5,1,1,1
96,162,5,1,1,1
96,164,5,1,1,1
96,165,5,1,1,1
96,166,5,1,1,1
96,167,5,1,1,1
96,168,6,1,1,1
96,170,6,1,1,1
96,171,6,1,1,1
96,172,6,1,1,1
96,175,6,1,1,1
96,177,6,1,1,1
96,178,6,1,1,1
96,179,6,1,1,1
96,180,6,1,1,1
96,181,6,1,1,1
96,182,6,1,1,1
96,183,6,1,1,1
96,184,6,1,1,1
96,185,6,1,1,1
96,186,6,1,1,1
96,187,6,1,1,1
96,189,6,1,1,1
96,191,6,1,1,1
96,193,6,1,1,1
96,195,6,1,1,1
96,196,6,1,1,1
96,198,6,1,1,1
96,199,7,1,1,1
98,1,1,0,1,2
98,2,1,0,1,2
98,16,1,0,1,2
98,20,1,0,1,2
98,23,1,0,1,2
98,25,1,0,1,2
98,26,1,0,1,2
98,30,1,0,1,2
98,31,1,0,1,2
98,32,1,0,1,2
98,39,2,0,1,2
98,41,2,0,1,2
98,46,2,0,1,2
98,48,2,0,1,2
98,61,3,1,1,2
98,64,3,1,1,2
98,67,3,1,1,2
98,84,3,1,1,2
98,85,3,1,1,2
98,88,3,1,1,2
98,89,3,1,1,2
98,90,3,1,1,2
98,91,3,1,1,2
98,92,3,1,1,2
98,93,3,1,1,2
98,97,3,1,1,2
98,98,3,1,1,2
98,101,4,1,1,2
98,104,4,1,1,2
98,105,4,1,1,2
98,107,4,1,1,2
98,112,4,1,1,2
98,113,4,1,1,2
98,119,4,1,1,2
98,122,4,1,1,2
98,132,5,1,1,2
98,137,5,1,1,2
98,139,5,1,1,2
98,142,5,1,1,2
98,145,5,1,1,2
98,152,5,1,1,2
98,155,5,1,1,2
98,160,6,1,1,2
98,168,6,1,1,2
98,171,6,1,1,2
98,172,6,1,1,2
98,173,6,1,1,2
98,175,6,1,1,2
98,185,6,1,1,2
98,186,6,1,1,2
98,187,6,1,1,2
98,193,6,1,1,2
98,194,6,1,1,2
98,195,7,1,1,2
99,1,1,0,3,2
99,2,1,0,3,2
99,5,1,0,3,2
99,11,1,0,3,2
99,12,1,0,3,2
99,24,2,0,3,2
99,25,2,0,3,2
99,26,2,0,3,2
99,27,2,0,3,2
99,29,2,0,3,2
99,30,2,0,3,2
99,36,2,0,3,2
99,38,2,0,3,2
99,40,2,0,3,2
99,42,2,0,3,2
99,44,2,0,3,2
99,45,2,0,3,2
99,56,3,1,3,2
99,57,3,1,3,2
99,60,3,1,3,2
99,64,3,1,3,2
99,66,4,1,3,2
99,71,4,1,3,2
99,72,4,1,3,2
99,81,4,1,3,2
99,83,4,1,3,2
99,84,4,1,3,2
99,89,5,1,3,2
99,91,5,1,3,2
99,96,5,1,3,2
99,101,5,1,3,2
99,103,5,1,3,2
99,104,5,1,3,2
99,105,5,1,3,2
99,107,5,1,3,2
99,108,5,1,3,2
99,115,5,1,3,2
99,121,5,1,3,2
99,125,6,1,3,2
99,126,6,1,3,2
99,127,6,1,3,2
99,131,6,1,3,2
99,138,6,1,3,2
99,139,6,1,3,2
99,141,6,1,3,2
99,143,6,1,3,2
99,144,6,1,3,2
99,146,6,1,3,2
99,148,6,1,3,2
99,151,6,1,3,2
99,152,6,1,3,2
99,156,7,1,3,2
100,2,1,0,1,1
100,3,1,0,1,1
100,4,1,0,1,1
100,6,1,0,1,1
100,7,1,0,1,1
100,9,1,0,1,1
100,13,1,0,1,1
100,14,1,0,1,1
100,16,1,0,1,1
100,19,1,0,1,1
100,22,1,0,1,1
100,23,1,0,1,1
100,34,1,0,1,1
100,35,1,0,1,1
100,37,1,0,1,1
100,39,2,0,1,1
100,42,2,0,1,1
100,43,2,0,1,1
100,52,2,0,1,1
100,53,2,0,1,1
100,62,2,0,1,1
100,63,2,0,1,1
100,71,3,1,1,1
100,72,3,1,1,1
100,75,3,1,1,1
100,76,3,1,1,1
100,88,3,1,1,1
100,90,3,1,1,1
100,107,4,1,1,1
100,108,4,1,1,1
100,109,4,1,1,1
100,112,4,1,1,1
100,121,4,1,1,1
100,122,4,1,1,1
100,136,5,1,1,1
100,138,5,1,1,1
100,153,5,1,1,1
100,154,5,1,1,1
100,189,6,1,1,1
100,190,6,1,1,1
100,195,6,1,1,1
100,215,6,1,1,1
101,1,1,0,1,1
101,5,1,0,1,1
101,6,1,0,1,1
101,20,1,0,1,1
101,22,1,0,1,1
101,26,1,0,1,1
101,28,1,0,1,1
101,46,1,0,1,1
101,48,1,0,1,1
101,54,2,0,1,1
101,57,2,0,1,1
101,66,2,0,1,1
101,67,2,0,1,1
101,82,3,1,1,1
101,84,3,1,1,1
101,85,3,1,1,1
101,86,3,1,1,1
101,92,3,1,1,1
101,103,3,1,1,1
101,104,3,1,1,1
101,108,3,1,1,1
101,110,3,1,1,1
101,111,3,1,1,1
101,112,3,1,1,1
101,114,3,1,1,1
101,119,3,1,1,1
101,129,4,1,1,1
101,141,4,1,1,1
101,143,4,1,1,1
101,164,4,1,1,1
101,166,4,1,1,1
101,167,4,1,1,1
101,168,4,1,1,1
101,169,4,1,1,1
101,186,5,1,1,1
101,194,5,1,1,1
101,238,7,1,1,1
102,1,1,0,3,2
102,263,7,1,3,2
103,1,1,0,1,1
103,5,1,0,1,1
103,7,1,0,1,1
103,13,2,0,1,1
103,14,2,0,1,1
103,15,2,0,1,1
103,16,2,0,1,1
103,20,2,0,1,1
103,22,2,0,1,1
103,24,2,0,1,1
103,33,2,0,1,1
103,34,2,0,1,1
103,35,2,0,1,1
103,36,2,0,1,1
103,37,2,0,1,1
103,47,3,1,1,1
103,49,3,1,1,1
103,53,3,1,1,1
103,55,3,1,1,1
103,59,3,1,1,1
103,60,3,1,1,1
103,66,3,1,1,1
103,67,3,1,1,1
103,68,3,1,1,1
103,69,3,1,1,1
103,72,3,1,1,1
103,74,3,1,1,1
103,77,3,1,1,1
103,78,3,1,1,1
103,80,3,1,1,1
103,85,4,1,1,1
103,86,4,1,1,1
103,94,4,1,1,1
103,96,4,1,1,1
103,97,4,1,1,1
103,99,4,1,1,1
103,102,4,1,1,1
103,104,4,1,1,1
103,106,4,1,1,1
103,112,4,1,1,1
103,113,4,1,1,1
103,114,4,1,1,1
103,118,4,1,1,1
103,120,5,1,1,1
103,127,5,1,1,1
103,128,5,1,1,1
103,130,5,1,1,1
103,136,5,1,1,1
103,139,5,1,1,1
103,144,5,1,1,1
103,147,5,1,1,1
103,150,5,1,1,1
103,151,5,1,1,1
103,153,5,1,1,1
103,157,6,1,1,1
103,158,6,1,1,1
103,160,6,1,1,1
103,161,6,1,1,1
103,165,6,1,1,1
103,166,6,1,1,1
103,170,6,1,1,1
103,174,6,1,1,1
104,11,1,0,3,1
104,13,1,0,3,1
104,14,1,0,3,1
104,16,1,0,3,1
104,19,1,0,3,1
104,20,1,0,3,1
104,32,2,0,3,1
104,37,2,0,3,1
104,39,2,0,3,1
104,42,2,0,3,1
104,47,2,0,3,1
104,48,2,0,3,1
104,49,2,0,3,1
104,50,2,0,3,1
104,59,3,1,3,1
104,60,3,1,3,1
104,61,3,1,3,1
104,67,3,1,3,1
104,69,3,1,3,1
104,75,3,1,3,1
104,84,3,1,3,1
104,87,3,1,3,1
104,101,3,1,3,1
104,102,4,1,3,1
104,104,4,1,3,1
104,114,4,1,3,1
104,115,4,1,3,1
104,128,4,1,3,1
104,129,4,1,3,1
104,131,4,1,3,1
104,132,4,1,3,1
104,133,4,1,3,1
104,134,4,1,3,1
104,135,4,1,3,1
104,145,5,1,3,1
104,146,5,1,3,1
104,151,5,1,3,1
104,152,5,1,3,1
104,161,5,1,3,1
104,162,5,1,3,1
104,168,5,1,3,1
104,169,5,1,3,1
104,172,5,1,3,1
104,182,5,1,3,1
104,183,5,1,3,1
104,185,5,1,3,1
104,186,6,1,3,1
104,187,6,1,3,1
104,190,6,1,3,1
104,207,6,1,3,1
105,1,1,0,2,2
105,20,1,0,2,2
105,21,1,0,2,2
105,23,1,0,2,2
105,35,2,0,2,2
105,41,2,0,2,2
105,58,2,0,2,2
105,64,2,0,2,2
105,65,3,1,2,2
105,66,3,1,2,2
105,72,3,1,2,2
105,81,3,1,2,2
105,86,3,1,2,2
105,90,3,1,2,2
105,99,4,1,2,2
105,101,4,1,2,2
105,107,4,1,2,2
105,108,4,1,2,2
105,113,4,1,2,2
105,125,4,1,2,2
105,127,4,1,2,2
105,128,4,1,2,2
105,129,4,1,2,2
105,130,4,1,2,2
105,133,4,1,2,2
105,141,5,1,2,2
105,145,5,1,2,2
105,148,5,1,2,2
105,150,5,1,2,2
105,151,5,1,2,2
105,154,5,1,2,2
105,159,5,1,2,2
105,160,5,1,2,2
105,185,6,1,2,2
105,186,6,1,2,2
105,187,6,1,2,2
105,194,6,1,2,2
105,209,7,1,2,2
106,1,1,0,3,1
106,11,1,0,3,1
106,13,1,0,3,1
106,16,1,0,3,1
106,19,1,0,3,1
106,20,1,0,3,1
106,27,1,0,3,1
106,35,2,0,3,1
106,41,2,0,3,1
106,42,2,0,3,1
106,44,2,0,3,1
106,45,2,0,3,1
106,47,2,0,3,1
106,50,2,0,3,1
106,51,2,0,3,1
106,56,2,0,3,1
106,57,2,0,3,1
106,58,2,0,3,1
106,60,2,0,3,1
106,62,3,1,3,1
106,65,3,1,3,1
106,70,3,1,3,1
106,99,4,1,3,1
106,100,4,1,3,1
106,107,4,1,3,1
106,109,4,1,3,1
106,111,5,1,3,1
106,123,5,1,3,1
106,124,5,1,3,1
106,125,5,1,3,1
106,136,5,1,3,1
106,137,5,1,3,1
106,139,5,1,3,1
106,141,5,1,3,1
106,143,5,1,3,1
106,144,5,1,3,1
106,150,6,1,3,1
106,151,6,1,3,1
106,159,7,1,3,1
106,160,7,1,3,1
106,161,7,1,3,1
107,52,2,0,3,1
107,72,4,1,3,1
107,147,6,1,3,1
107,148,6,1,3,1
108,1,1,0,2,1
108,2,1,0,2,1
108,14,1,0,2,1
108,15,1,0,2,1
108,20,1,0,2,1
108,24,1,0,2,1
108,27,1,0,2,1
108,28,1,0,2,1
108,40,1,0,2,1
108,42,1,0,2,1
108,46,2,0,2,1
108,47,2,0,2,1
108,50,2,0,2,1
108,51,2,0,2,1
108,56,2,0,2,1
108,57,2,0,2,1
108,66,2,0,2,1
108,67,2,0,2,1
108,70,2,0,2,1
108,73,2,0,2,1
108,75,2,0,2,1
108,76,2,0,2,1
108,90,3,1,2,1
108,91,3,1,2,1
108,93,3,1,2,1
108,94,3,1,2,1
108,98,3,1,2,1
108,99,3,1,2,1
108,103,3,1,2,1
108,104,3,1,2,1
108,118,3,1,2,1
108,131,3,1,2,1
108,135,3,1,2,1
108,138,4,1,2,1
108,139,4,1,2,1
108,155,4,1,2,1
108,156,4,1,2,1
108,158,4,1,2,1
108,159,4,1,2,1
108,160,4,1,2,1
108,165,4,1,2,1
108,166,4,1,2,1
108,167,5,1,2,1
108,169,5,1,2,1
108,180,5,1,2,1
108,181,5,1,2,1
108,187,5,1,2,1
108,191,5,1,2,1
108,197,5,1,2,1
108,213,6,1,2,1
108,215,6,1,2,1
108,224,6,1,2,1
108,226,6,1,2,1
108,233,7,1,2,1
108,234,7,1,2,1
109,1,1,0,2,1
109,4,1,0,2,1
109,5,1,0,2,1
109,10,1,0,2,1
109,14,1,0,2,1
109,17,1,0,2,1
109,18,1,0,2,1
109,21,1,0,2,1
109,24,1,0,2,1
109,27,1,0,2,1
109,30,1,0,2,1
109,37,1,0,2,1
109,38,1,0,2,1
109,52,1,0,2,1
109,53,1,0,2,1
109,61,1,0,2,1
109,64,2,0,2,1
109,65,2,0,2,1
109,68,2,0,2,1
109,70,2,0,2,1
109,71,2,0,2,1
109,72,2,0,2,1
109,76,2,0,2,1
109,80,2,0,2,1
109,82,2,0,2,1
109,83,2,0,2,1
109,87,2,0,2,1
109,89,2,0,2,1
109,90,2,0,2,1
109,91,2,0,2,1
109,93,2,0,2,1
109,96,2,0,2,1
109,97,2,0,2,1
109,102,2,0,2,1
109,103,2,0,2,1
109,104,2,0,2,1
109,107,3,1,2,1
109,108,3,1,2,1
109,112,3,1,2,1
109,117,3,1,2,1
109,118,3,1,2,1
109,124,3,1,2,1
109,127,3,1,2,1
109,129,3,1,2,1
109,139,3,1,2,1
109,140,3,1,2,1
109,143,3,1,2,1
109,146,3,1,2,1
109,149,3,1,2,1
109,153,3,1,2,1
109,154,4,1,2,1
109,160,4,1,2,1
109,162,4,1,2,1
109,163,4,1,2,1
109,167,4,1,2,1
109,168,4,1,2,1
109,174,4,1,2,1
109,176,4,1,2,1
109,183,4,1,2,1
109,186,4,1,2,1
109,188,4,1,2,1
109,190,4,1,2,1
109,194,4,1,2,1
109,199,4,1,2,1
109,200,4,1,2,1
109,203,4,1,2,1
109,205,4,1,2,1
109,206,4,1,2,1
109,209,4,1,2,1
109,210,5,1,2,1
109,211,5,1,2,1
109,212,5,1,2,1
109,213,5,1,2,1
109,218,5,1,2,1
109,219,5,1,2,1
109,220,5,1,2,1
109,225,5,1,2,1
109,229,5,1,2,1
109,235,5,1,2,1
109,236,5,1,2,1
109,238,5,1,2,1
109,239,5,1,2,1
109,240,5,1,2,1
109,241,5,1,2,1
109,242,5,1,2,1
109,248,5,1,2,1
109,251,5,1,2,1
109,253,5,1,2,1
109,255,5,1,2,1
109,259,5,1,2,1
109,263,5,1,2,1
109,265,6,1,2,1
109,276,6,1,2,1
109,280,6,1,2,1
109,282,6,1,2,1
109,283,6,1,2,1
109,285,6,1,2,1
109,288,6,1,2,1
109,289,6,1,2,1
109,301,6,1,2,1
109,302,6,1,2,1
109,307,6,1,2,1
109,309,6,1,2,1
109,314,6,1,2,1
109,316,6,1,2,1
109,319,6,1,2,1
109,320,6,1,2,1
109,321,6,1,2,1
109,322,6,1,2,1
109,324,6,1,2,1
109,336,6,1,2,1
109,337,7,1,2,1
109,338,7,1,2,1
109,340,7,1,2,1
109,342,7,1,2,1
110,1,1,0,2,1
110,2,1,0,2,1
110,5,1,0,2,1
110,9,1,0,2,1
110,17,1,0,2,1
110,18,1,0,2,1
110,19,1,0,2,1
110,20,1,0,2,1
110,21,1,0,2,1
110,26,1,0,2,1
110,38,2,0,2,1
110,43,2,0,2,1
110,64,2,0,2,1
110,84,2,0,2,1
110,85,2,0,2,1
110,88,2,0,2,1
110,89,2,0,2,1
110,92,3,1,2,1
110,94,3,1,2,1
110,95,3,1,2,1
110,96,3,1,2,1
110,97,3,1,2,1
110,98,3,1,2,1
110,109,3,1,2,1
110,114,3,1,2,1
110,122,3,1,2,1
110,123,3,1,2,1
110,127,3,1,2,1
110,141,4,1,2,1
110,142,4,1,2,1
110,143,4,1,2,1
110,144,4,1,2,1
110,149,4,1,2,1
110,151,4,1,2,1
110,160,4,1,2,1
110,162,4,1,2,1
110,182,5,1,2,1
110,185,5,1,2,1
110,198,5,1,2,1
110,202,5,1,2,1
110,204,5,1,2,1
110,212,5,1,2,1
110,214,5,1,2,1
110,215,5,1,2,1
110,216,5,1,2,1
110,224,5,1,2,1
110,228,6,1,2,1
110,232,6,1,2,1
110,260,6,1,2,1
110,266,6,1,2,1
110,267,6,1,2,1
110,281,6,1,2,1
110,284,7,1,2,1
110,285,7,1,2,1
110,287,7,1,2,1
110,288,7,1,2,1
110,289,7,1,2,1
111,5,1,0,2,1
111,10,1,0,2,1
111,11,1,0,2,1
111,12,1,0,2,1
111,17,1,0,2,1
111,18,1,0,2,1
111,19,1,0,2,1
111,20,1,0,2,1
111,21,1,0,2,1
111,22,1,0,2,1
111,25,2,0,2,1
111,30,2,0,2,1
111,31,2,0,2,1
111,32,2,0,2,1
111,33,2,0,2,1
111,34,2,0,2,1
111,35,2,0,2,1
111,42,2,0,2,1
111,43,2,0,2,1
111,48,3,1,2,1
111,49,3,1,2,1
111,50,3,1,2,1
111,51,3,1,2,1
111,52,3,1,2,1
111,61,3,1,2,1
111,62,3,1,2,1
111,63,3,1,2,1
111,70,3,1,2,1
111,72,3,1,2,1
111,73,4,1,2,1
111,74,4,1,2,1
111,78,4,1,2,1
111,81,4,1,2,1
111,87,4,1,2,1
111,101,5,1,2,1
111,102,5,1,2,1
111,104,5,1,2,1
111,105,5,1,2,1
111,106,5,1,2,1
111,107,5,1,2,1
111,115,6,1,2,1
111,117,6,1,2,1
111,121,6,1,2,1
111,122,6,1,2,1
111,127,7,1,2,1
111,128,7,1,2,1
111,131,7,1,2,1
111,133,7,1,2,1
112,18,1,0,3,1
112,19,1,0,3,1
112,41,1,0,3,1
112,42,1,0,3,1
112,60,2,0,3,1
112,62,2,0,3,1
112,87,2,0,3,1
112,90,3,1,3,1
112,91,3,1,3,1
112,103,3,1,3,1
112,106,3,1,3,1
112,107,3,1,3,1
112,120,3,1,3,1
112,122,3,1,3,1
112,125,3,1,3,1
112,136,3,1,3,1
112,140,4,1,3,1
112,147,4,1,3,1
112,148,4,1,3,1
112,156,4,1,3,1
112,179,4,1,3,1
112,180,4,1,3,1
112,196,4,1,3,1
112,197,4,1,3,1
112,213,5,1,3,1
112,214,5,1,3,1
112,252,5,1,3,1
112,253,5,1,3,1
112,270,5,1,3,1
112,271,5,1,3,1
112,290,6,1,3,1
112,291,6,1,3,1
112,299,6,1,3,1
112,322,6,1,3,1
112,325,6,1,3,1
112,337,6,1,3,1
112,338,6,1,3,1
112,345,6,1,3,1
112,346,6,1,3,1
112,350,7,1,3,1
112,352,7,1,3,1
114,20,1,0,3,2
114,21,1,0,3,2
114,23,1,0,3,2
114,24,1,0,3,2
114,25,1,0,3,2
114,36,1,0,3,2
114,38,1,0,3,2
114,41,2,0,3,2
114,42,2,0,3,2
114,43,2,0,3,2
114,44,2,0,3,2
114,48,2,0,3,2
114,51,2,0,3,2
114,55,2,0,3,2
114,63,3,1,3,2
114,64,3,1,3,2
114,65,3,1,3,2
114,80,3,1,3,2
114,81,3,1,3,2
114,82,3,1,3,2
114,83,3,1,3,2
114,87,3,1,3,2
114,97,4,1,3,2
114,102,4,1,3,2
114,109,5,1,3,2
114,110,5,1,3,2
114,112,5,1,3,2
114,113,5,1,3,2
114,115,5,1,3,2
114,128,6,1,3,2
114,129,6,1,3,2
114,131,6,1,3,2
114,134,6,1,3,2
114,135,6,1,3,2
114,136,6,1,3,2
114,137,6,1,3,2
115,55,1,0,2,1
115,56,1,0,2,1
115,57,1,0,2,1
115,58,1,0,2,1
115,63,1,0,2,1
115,65,1,0,2,1
115,69,1,0,2,1
115,70,1,0,2,1
115,71,1,0,2,1
115,74,1,0,2,1
115,78,1,0,2,1
115,82,1,0,2,1
115,98,1,0,2,1
115,99,1,0,2,1
115,100,2,0,2,1
115,101,2,0,2,1
115,102,2,0,2,1
115,107,2,0,2,1
115,108,2,0,2,1
115,109,2,0,2,1
115,110,2,0,2,1
115,114,2,0,2,1
115,115,2,0,2,1
115,117,2,0,2,1
115,120,2,0,2,1
115,138,3,1,2,1
115,139,3,1,2,1
115,141,3,1,2,1
115,142,3,1,2,1
115,147,3,1,2,1
115,151,3,1,2,1
115,152,3,1,2,1
115,153,3,1,2,1
115,160,3,1,2,1
115,161,3,1,2,1
115,163,3,1,2,1
115,178,4,1,2,1
115,184,4,1,2,1
115,187,4,1,2,1
115,192,4,1,2,1
115,195,4,1,2,1
115,201,4,1,2,1
115,202,4,1,2,1
115,205,4,1,2,1
115,207,4,1,2,1
115,209,4,1,2,1
115,215,5,1,2,1
115,219,5,1,2,1
115,220,5,1,2,1
115,231,5,1,2,1
115,233,5,1,2,1
115,237,5,1,2,1
115,240,5,1,2,1
115,241,5,1,2,1
115,246,5,1,2,1
115,249,5,1,2,1
115,251,5,1,2,1
115,253,5,1,2,1
115,254,5,1,2,1
115,256,5,1,2,1
115,257,5,1,2,1
115,264,6,1,2,1
115,266,6,1,2,1
115,267,6,1,2,1
115,273,6,1,2,1
115,274,6,1,2,1
115,283,6,1,2,1
115,284,6,1,2,1
115,286,6,1,2,1
115,287,6,1,2,1
115,291,6,1,2,1
115,292,6,1,2,1
115,294,6,1,2,1
115,297,6,1,2,1
115,298,6,1,2,1
115,300,7,1,2,1
117,2,1,0,3,2
117,71,3,1,3,2
117,160,5,1,3,2
117,161,5,1,3,2
117,214,7,1,3,2
