Driver,Trip,Week,Cluster
1,1,1,0
1,2,1,0
1,3,1,0
1,4,1,0
1,5,1,0
1,6,1,0
1,7,1,0
1,8,1,1
1,9,1,1
1,10,1,1
1,11,1,0
1,12,1,0
1,13,1,0
1,14,1,0
1,15,1,0
1,16,1,1
1,17,1,0
1,18,1,0
1,19,1,0
1,20,1,1
1,21,1,0
1,22,1,0
1,23,1,0
1,24,1,0
1,25,1,0
1,26,1,0
1,27,1,0
1,28,1,0
1,29,1,1
1,30,1,0
1,31,1,0
1,32,1,0
1,33,1,0
1,34,1,0
1,35,1,0
1,36,1,0
1,37,1,0
1,38,1,0
1,39,1,0
1,40,1,0
1,41,1,0
1,42,1,0
1,43,1,0
1,44,2,0
1,45,2,0
1,46,2,0
1,47,2,0
1,48,2,0
1,49,2,0
1,50,2,0
1,51,2,0
1,52,2,0
1,53,2,0
1,54,2,1
1,55,2,0
1,56,2,1
1,57,2,0
1,58,2,1
1,59,2,0
1,60,2,0
1,61,2,0
1,62,2,0
1,63,2,0
1,64,2,0
1,65,2,0
1,66,2,0
1,67,2,0
1,68,2,0
1,69,2,1
1,70,2,0
1,71,2,0
1,72,2,0
1,73,2,0
1,74,2,0
1,75,2,0
1,76,2,0
1,77,2,1
1,78,2,0
1,79,2,1
1,80,2,0
1,81,2,0
1,82,2,0
1,107,4,0
1,108,4,0
1,109,4,0
1,110,4,0
1,111,4,0
1,112,4,0
1,113,4,0
1,114,4,0
1,115,4,0
1,116,4,0
1,117,4,0
1,118,4,0
1,119,4,1
1,120,4,0
1,121,4,0
1,122,4,0
1,123,4,1
1,124,4,0
1,125,4,0
1,126,4,0
1,127,4,0
1,128,4,0
1,129,4,0
1,130,5,0
1,131,5,0
1,132,5,1
1,133,5,1
1,134,5,1
1,135,5,0
1,136,5,0
1,137,5,0
1,138,5,0
1,139,5,0
1,140,5,0
1,141,5,0
1,142,5,0
1,143,5,0
1,144,5,1
1,145,5,0
1,146,5,1
1,147,5,0
1,148,5,0
1,149,5,0
1,150,5,0
1,151,5,0
1,152,5,0
1,153,5,0
1,154,5,0
1,155,5,0
1,156,5,0
1,157,5,0
1,158,5,0
1,159,5,1
1,160,5,0
1,161,5,0
1,162,5,0
1,163,6,0
1,164,6,0
1,165,6,0
1,166,6,0
1,167,6,0
1,168,6,0
1,169,6,0
1,170,6,0
1,171,6,0
1,172,6,0
1,173,6,0
1,174,6,0
1,175,6,0
1,176,6,0
1,177,6,0
1,178,6,0
1,179,6,0
1,180,6,0
1,181,6,0
1,182,6,0
1,183,6,0
1,184,7,0
1,185,7,0
1,186,7,0
1,187,7,0
1,188,7,0
1,189,7,0
1,190,7,0
1,191,7,0
1,192,7,0
1,193,7,0
1,194,7,0
1,195,7,0
1,196,7,0
1,197,7,0
1,198,7,0
1,199,7,0
1,200,7,0
1,201,7,0
1,202,7,0
1,203,7,0
1,204,7,0
1,205,7,0
1,206,7,0
1,207,7,0
1,208,7,0
1,209,7,0
1,210,7,0
1,211,7,0
1,212,7,0
1,213,7,0
1,214,7,0
1,215,7,0
1,216,7,0
1,217,7,0
1,218,7,0
1,219,7,0
1,220,7,0
1,221,7,0
1,222,7,0
1,223,7,0
1,224,7,0
1,225,7,0
1,226,7,0
1,227,7,0
1,228,7,0
1,229,7,0
2,1,1,1
2,2,1,0
2,3,1,0
2,4,1,1
2,5,1,0
2,6,1,1
2,7,1,0
2,8,1,0
2,9,1,0
2,10,1,0
2,11,1,0
2,12,1,0
2,13,1,0
2,14,1,0
2,15,1,0
2,16,1,0
2,17,1,1
2,18,1,1
2,19,1,0
2,20,1,1
2,21,1,0
2,22,1,0
2,23,1,1
2,24,1,0
2,25,1,0
2,26,1,0
2,27,1,1
2,28,1,1
2,29,1,1
2,30,1,1
2,31,1,0
2,32,1,0
2,33,1,0
2,34,2,1
2,35,2,0
2,36,2,0
2,37,2,0
2,38,2,1
2,39,2,0
2,40,2,0
2,41,2,0
2,42,2,0
2,43,2,0
2,44,2,1
2,45,2,1
2,46,2,0
2,47,2,0
2,48,2,0
2,49,2,0
2,50,2,1
2,60,2,0
2,61,2,1
2,62,2,1
2,63,2,1
2,64,2,0
2,65,2,0
2,66,2,1
2,67,2,0
2,68,2,1
2,94,4,1
2,95,4,0
2,96,4,0
2,97,4,1
2,98,4,0
2,99,4,0
2,100,4,0
2,101,4,0
2,102,4,1
2,103,4,1
2,104,4,1
2,105,4,0
2,106,4,0
2,107,4,0
2,108,4,1
2,109,4,1
2,110,4,1
2,111,4,0
2,112,4,0
2,113,4,0
2,114,4,1
2,115,5,1
2,116,5,0
2,117,5,0
2,118,5,0
2,119,5,1
2,120,5,0
2,121,5,1
2,122,5,1
2,123,5,1
2,124,5,0
2,125,5,0
2,126,5,1
2,127,5,1
2,128,5,0
2,129,5,1
2,130,5,0
2,131,5,0
2,132,5,0
2,133,5,0
2,134,5,0
2,135,6,1
2,136,6,1
2,137,6,1
2,138,6,1
2,139,6,0
2,140,6,0
2,141,6,1
2,142,6,0
2,143,6,1
2,144,6,0
2,145,7,1
2,146,7,0
2,147,7,1
2,148,7,0
2,149,7,0
2,150,7,1
2,151,7,0
2,152,7,1
2,153,7,0
2,154,7,1
2,155,7,1
2,156,7,0
2,157,7,0
2,158,7,1
2,159,7,1
2,160,7,0
2,161,7,0
2,162,7,1
2,163,7,0
3,1,1,0
3,2,1,1
3,3,1,0
3,4,1,0
3,5,1,0
3,6,1,0
3,7,1,0
3,8,1,0
3,9,1,0
3,10,1,0
3,11,1,0
3,12,1,0
3,13,1,0
3,14,1,0
3,15,1,0
3,16,1,0
3,17,1,0
3,18,1,0
3,19,1,0
3,20,1,0
3,21,1,0
3,22,1,0
3,23,1,0
3,24,1,0
3,25,1,0
3,26,1,1
3,27,1,1
3,28,1,0
3,29,1,0
3,30,1,0
3,31,1,0
3,32,1,0
3,33,1,0
3,34,1,0
3,35,1,0
3,36,1,0
3,37,1,0
3,38,1,0
3,39,1,0
3,40,1,0
3,41,1,0
3,42,1,1
3,43,1,0
3,44,1,0
3,45,1,0
3,46,1,0
3,47,1,0
3,48,2,0
3,49,2,0
3,50,2,0
3,51,2,0
3,52,2,0
3,53,2,0
3,54,2,0
3,55,2,0
3,56,2,0
3,57,2,1
3,58,2,0
3,59,2,0
3,60,2,0
3,61,2,0
3,62,2,0
3,63,2,0
3,64,2,0
3,65,2,0
3,66,2,0
3,67,2,0
3,68,2,0
3,69,2,1
3,70,2,1
3,71,2,0
3,72,2,0
3,73,2,0
3,74,2,0
3,75,2,0
3,76,2,0
3,77,2,0
3,78,2,0
3,79,2,0
3,80,2,0
3,129,4,0
3,130,4,0
3,131,4,0
3,132,4,0
3,133,4,0
3,134,4,0
3,135,4,0
3,136,4,0
3,137,4,0
3,138,4,0
3,139,4,0
3,140,5,0
3,141,5,0
3,142,5,0
3,143,5,0
3,144,5,0
3,145,5,0
3,146,5,0
3,147,5,0
3,148,5,0
3,149,5,0
3,150,5,0
3,151,5,0
3,152,5,0
3,153,5,0
3,154,5,0
3,155,5,0
3,156,5,0
3,157,6,0
3,158,6,0
3,159,6,0
3,160,6,0
3,161,6,0
3,162,6,0
3,163,6,0
3,164,6,1
3,165,6,0
3,166,6,0
3,167,6,0
3,168,6,0
3,169,6,0
3,170,6,0
3,171,6,0
3,172,6,0
3,173,6,0
3,174,7,0
3,175,7,0
3,176,7,0
3,177,7,0
3,178,7,0
3,179,7,0
3,180,7,0
3,181,7,0
3,182,7,0
3,183,7,0
3,184,7,0
3,185,7,0
3,186,7,0
3,187,7,0
3,188,7,0
3,189,7,0
4,1,1,0
4,2,1,0
4,3,1,0
4,4,1,0
4,5,1,0
4,6,1,0
4,7,1,0
4,8,1,0
4,9,1,0
4,10,1,0
4,11,1,0
4,12,1,0
4,13,1,0
4,14,1,0
4,15,1,0
4,16,1,0
4,17,1,1
4,18,1,0
4,19,1,1
4,20,1,0
4,21,1,0
4,22,1,0
4,23,1,0
4,24,1,0
4,25,1,0
4,26,1,0
4,27,1,0
4,28,1,0
4,29,1,0
4,30,1,0
4,31,1,0
4,32,1,0
4,33,1,0
4,34,1,0
4,35,1,0
4,36,1,0
4,37,1,0
4,38,1,0
4,39,1,0
4,40,1,0
4,41,1,0
4,42,1,1
4,43,1,0
4,44,1,0
4,45,1,0
4,46,1,0
4,47,1,0
4,48,1,0
4,49,1,0
4,50,1,0
4,51,1,0
4,52,1,0
4,53,1,0
4,54,1,0
4,55,1,0
4,56,1,0
4,57,1,0
4,58,2,0
4,59,2,0
4,60,2,0
4,61,2,0
4,62,2,0
4,63,2,0
4,64,2,1
4,65,2,0
4,66,2,0
4,67,2,0
4,68,2,0
4,69,2,0
4,70,2,0
4,71,2,0
4,72,2,0
4,73,2,0
4,74,2,0
4,75,2,0
4,76,2,0
4,77,2,0
4,78,2,0
4,79,2,0
4,80,2,1
4,81,2,0
4,82,2,1
4,83,2,0
4,84,2,0
4,85,2,0
4,86,2,0
4,87,2,0
4,88,2,0
4,89,2,0
4,90,2,1
4,91,2,0
4,92,2,0
4,93,2,0
4,94,2,0
4,95,2,0
4,96,2,0
4,97,2,0
4,98,2,0
4,99,2,0
4,100,2,0
4,101,2,0
4,102,2,1
4,103,2,0
4,104,2,0
4,105,2,0
4,106,2,1
4,107,2,0
4,108,2,0
4,109,2,0
4,110,2,0
4,111,2,0
4,112,2,1
4,113,2,0
4,114,2,0
4,115,2,0
4,116,2,0
4,117,2,0
4,157,4,0
4,158,4,0
4,159,4,0
4,160,4,0
4,161,4,0
4,162,4,0
4,163,4,0
4,164,4,0
4,165,4,0
4,166,4,0
4,167,4,0
4,168,4,0
4,169,4,0
4,170,4,0
4,171,4,0
4,172,4,0
4,173,4,0
4,174,4,1
4,175,4,0
4,176,4,0
4,177,4,0
4,178,4,0
4,179,4,0
4,180,4,0
4,181,4,0
4,182,4,0
4,183,4,0
4,184,4,0
4,185,4,1
4,188,4,0
4,189,4,0
4,190,4,0
4,191,4,0
4,192,4,1
4,193,4,0
4,194,4,0
4,195,4,0
4,196,4,0
4,197,4,0
4,198,4,0
4,199,4,0
4,200,5,0
4,201,5,0
4,202,5,0
4,203,5,0
4,204,5,0
4,205,5,0
4,206,5,0
4,207,5,0
4,208,5,0
4,209,5,0
4,210,5,0
4,211,5,0
4,212,5,0
4,213,5,0
4,214,5,0
4,215,5,0
4,216,5,0
4,217,5,0
4,218,5,0
4,219,5,0
4,220,5,0
4,221,5,0
4,222,5,0
4,223,5,0
4,224,5,0
4,225,5,0
4,226,5,0
4,227,5,0
4,228,5,0
4,229,5,1
4,230,5,0
4,231,5,1
4,232,5,0
4,233,5,1
4,234,5,0
4,235,5,1
4,236,5,1
4,237,5,0
4,238,5,0
4,239,5,0
4,240,5,0
4,241,5,0
4,242,6,0
4,243,6,0
4,244,6,0
4,245,6,0
4,246,6,0
4,247,6,0
4,248,6,0
4,249,6,0
4,250,6,0
4,251,6,1
4,252,6,1
4,253,6,0
4,254,6,0
4,255,6,1
4,256,6,0
4,257,6,0
4,258,6,0
4,259,6,0
4,260,6,0
4,261,6,0
4,262,7,0
4,263,7,0
4,264,7,0
4,265,7,0
4,266,7,1
4,267,7,0
4,268,7,0
4,269,7,0
4,270,7,0
4,271,7,0
4,272,7,0
4,273,7,0
4,274,7,0
4,275,7,0
4,276,7,0
4,277,7,0
4,278,7,0
4,279,7,0
4,280,7,0
4,281,7,0
4,282,7,0
4,283,7,0
4,284,7,0
4,285,7,0
4,286,7,0
4,287,7,0
4,288,7,0
4,289,7,0
4,290,7,0
4,291,7,0
4,292,7,1
4,293,7,1
4,294,7,0
4,295,7,0
4,296,7,0
4,297,7,0
4,298,7,1
5,1,1,1
5,2,1,0
5,3,1,0
5,4,1,0
5,5,1,0
5,6,1,0
5,7,1,0
5,8,1,0
5,9,1,0
5,10,1,0
5,11,1,0
5,12,1,0
5,13,1,0
5,14,1,0
5,15,1,0
5,16,1,0
5,17,1,0
5,18,1,0
5,19,1,0
5,20,1,0
5,21,1,0
5,22,1,0
5,23,1,0
5,24,1,0
5,25,1,0
5,26,1,0
5,27,1,0
5,28,1,0
5,29,2,0
5,30,2,0
5,31,2,0
5,32,2,0
5,33,2,0
5,34,2,0
5,35,2,0
5,36,2,0
5,37,2,0
5,38,2,0
5,39,2,0
5,40,2,0
5,41,2,0
5,42,2,0
5,43,2,0
5,44,2,0
5,45,2,0
5,46,2,0
5,47,2,0
5,48,2,0
5,49,2,0
5,50,2,0
5,51,2,0
5,69,4,0
5,70,4,0
5,71,4,0
5,72,4,0
5,73,4,0
5,74,4,0
5,75,4,0
5,76,4,0
5,77,4,0
5,78,4,0
5,79,5,0
5,80,5,0
5,81,5,0
5,82,5,0
5,83,5,0
5,84,5,0
5,85,5,0
5,86,5,0
5,87,5,0
5,88,5,0
5,89,5,0
5,90,5,0
5,91,5,0
5,92,5,0
5,93,5,0
5,94,5,0
5,95,5,0
5,96,5,0
5,97,5,0
5,98,5,0
5,99,5,0
5,100,5,0
5,101,5,0
5,102,5,0
5,103,5,0
5,104,5,0
5,105,5,0
5,106,6,0
5,107,6,0
5,108,6,0
5,109,6,0
5,110,6,0
5,111,6,0
5,112,6,0
5,113,6,0
5,114,6,0
5,115,6,0
5,116,6,0
5,117,6,0
5,118,6,0
5,119,6,0
5,120,6,0
5,121,6,0
5,122,6,0
5,123,6,0
5,124,6,0
5,125,6,0
5,126,6,0
5,127,6,0
5,128,6,0
5,129,7,0
5,130,7,0
5,131,7,0
5,132,7,0
5,133,7,0
5,134,7,0
5,135,7,0
5,136,7,0
5,137,7,0
5,138,7,0
5,139,7,0
5,140,7,0
5,141,7,0
5,142,7,0
5,143,7,0
5,144,7,0
5,145,7,0
5,146,7,0
5,147,7,0
6,1,1,1
6,2,1,0
6,3,1,0
6,4,1,0
6,5,1,1
6,6,1,1
6,7,1,0
6,8,1,0
6,9,1,0
6,10,1,0
6,11,1,0
6,12,1,1
6,13,1,0
6,14,1,0
6,15,1,0
6,16,1,0
6,17,1,0
6,18,1,0
6,19,1,0
6,20,1,0
6,21,1,0
6,22,1,1
6,23,1,0
6,24,1,1
6,25,1,0
6,26,1,0
6,27,1,1
6,28,1,1
6,29,1,0
6,30,1,0
6,31,1,0
6,32,1,1
6,33,1,0
6,34,1,0
6,35,1,0
6,36,1,0
6,37,1,1
6,38,1,1
6,39,2,0
6,40,2,1
6,41,2,0
6,42,2,1
6,43,2,1
6,44,2,0
6,45,2,1
6,46,2,0
6,47,2,1
6,48,2,1
6,49,2,0
6,50,2,0
6,51,2,0
6,52,2,1
6,53,2,1
6,54,2,1
6,55,2,1
6,56,2,0
6,57,2,0
6,58,2,0
6,59,2,0
6,60,2,1
6,61,2,0
6,62,2,0
6,63,2,0
6,64,2,1
6,65,2,1
6,66,2,1
6,67,2,0
6,68,2,0
6,69,2,0
6,70,2,1
6,71,2,0
6,72,2,1
6,73,2,1
6,104,4,0
6,105,4,0
6,106,4,0
6,107,4,0
6,108,4,0
6,109,4,0
6,110,4,1
6,111,4,0
6,112,4,0
6,113,4,1
6,114,4,0
6,115,4,0
6,116,4,0
6,117,5,1
6,118,5,1
6,119,5,0
6,120,5,1
6,121,5,1
6,122,5,0
6,123,5,0
6,124,5,0
6,125,5,0
6,126,5,0
6,127,5,0
6,128,5,0
6,129,5,0
6,130,5,1
6,131,5,1
6,132,5,0
6,133,5,1
6,134,5,0
6,135,5,0
6,136,5,0
6,137,5,0
6,138,5,1
6,139,5,0
6,140,5,0
6,141,5,1
6,142,5,1
6,143,5,0
6,144,5,0
6,145,5,0
6,146,5,1
6,147,5,0
6,148,5,0
6,149,5,1
6,150,5,1
6,151,5,0
6,152,6,1
6,153,6,1
6,154,6,1
6,155,6,1
6,156,6,0
6,157,6,1
6,158,6,0
6,159,6,0
6,160,6,1
6,161,6,0
6,162,6,0
6,163,6,1
6,164,6,0
6,165,6,0
6,166,6,1
6,167,6,0
6,168,6,0
6,169,6,0
6,170,6,0
6,171,6,1
6,172,6,0
6,173,6,0
6,174,6,1
6,175,6,1
6,176,6,1
6,177,7,0
6,178,7,0
6,179,7,0
6,180,7,0
6,181,7,0
6,182,7,0
6,183,7,1
6,184,7,0
6,185,7,0
6,186,7,0
6,187,7,0
6,188,7,0
6,189,7,0
6,190,7,1
6,191,7,1
6,192,7,1
6,193,7,1
6,194,7,0
6,195,7,1
6,196,7,0
6,197,7,0
6,198,7,1
6,199,7,0
6,200,7,0
6,201,7,0
6,202,7,1
6,203,7,1
6,204,7,0
6,205,7,0
6,206,7,0
6,207,7,1
7,1,1,0
7,2,1,0
7,3,1,0
7,4,1,0
7,5,1,0
7,6,1,0
7,7,1,0
7,8,1,0
7,9,1,0
7,10,1,0
7,11,1,0
7,12,1,0
7,13,1,0
7,14,1,0
7,15,1,0
7,16,1,0
7,17,1,0
7,18,1,0
7,19,1,0
7,20,1,0
7,21,1,0
7,22,1,0
7,23,2,0
7,24,2,0
7,25,2,0
7,26,2,0
7,27,2,0
7,28,2,0
7,29,2,0
7,30,2,0
7,31,2,0
7,32,2,0
7,33,2,0
7,34,2,0
7,35,2,0
7,36,2,0
7,37,2,0
7,38,2,0
7,39,2,0
7,40,2,0
7,41,2,0
7,42,2,0
7,43,2,0
7,44,2,0
7,45,2,0
7,59,4,0
7,60,4,0
7,61,4,0
7,62,4,0
7,63,4,0
7,64,4,0
7,65,4,0
7,66,4,0
7,67,4,0
7,68,4,0
7,69,4,0
7,70,4,0
7,71,4,0
7,72,4,0
7,73,4,0
7,74,4,0
7,75,4,0
7,76,4,0
7,77,4,0
7,78,4,0
7,79,4,0
7,80,4,0
7,81,5,0
7,82,5,0
7,83,5,0
7,84,5,0
7,85,5,0
7,86,5,0
7,87,5,0
7,88,5,0
7,89,5,0
7,90,5,0
7,91,5,1
7,92,5,1
7,93,5,0
7,94,5,0
7,95,5,0
7,96,5,0
7,97,5,0
7,98,5,0
7,99,5,0
7,100,5,0
7,101,6,0
7,102,6,0
7,103,6,0
7,104,6,0
7,105,6,0
7,106,6,0
7,107,6,0
7,108,6,0
7,109,6,0
7,110,6,0
7,111,6,0
7,112,6,0
7,113,6,0
7,114,6,0
7,115,6,0
7,116,6,1
7,117,6,0
7,118,6,0
7,119,6,0
7,120,6,0
7,121,6,0
7,122,6,0
7,123,6,0
7,124,6,0
7,125,6,0
7,126,6,0
7,127,6,0
7,128,6,0
7,129,6,0
7,130,6,0
7,131,6,0
7,132,6,0
7,133,7,0
7,134,7,0
7,135,7,0
7,136,7,1
7,137,7,0
7,138,7,0
7,139,7,0
7,140,7,0
7,141,7,0
7,142,7,0
7,143,7,0
7,144,7,0
7,145,7,0
7,146,7,0
7,147,7,0
7,148,7,0
7,149,7,0
7,150,7,0
7,151,7,0
7,152,7,0
7,153,7,0
7,154,7,0
7,155,7,0
7,156,7,0
7,157,7,0
7,158,7,0
7,159,7,0
7,160,7,0
8,1,1,1
8,2,1,1
8,3,1,0
8,4,1,0
8,5,1,0
8,6,1,0
8,7,1,0
8,8,1,1
8,9,1,0
8,10,1,0
8,11,1,1
8,12,1,1
8,13,1,0
8,14,1,0
8,15,1,0
8,16,1,0
8,17,1,0
8,18,1,0
8,19,1,0
8,20,1,0
8,21,1,0
8,22,1,0
8,23,1,0
8,24,1,0
8,25,1,0
8,26,1,0
8,27,2,0
8,28,2,0
8,29,2,0
8,30,2,0
8,31,2,0
8,32,2,0
8,33,2,0
8,34,2,0
8,35,2,0
8,36,2,0
8,37,2,0
8,38,2,0
8,39,2,0
8,40,2,0
8,41,2,0
8,42,2,0
8,43,2,0
8,44,2,0
8,68,4,0
8,69,4,0
8,70,4,0
8,71,4,0
8,72,4,0
8,73,4,1
8,74,4,0
8,75,4,0
8,76,4,0
8,77,4,0
8,78,4,0
8,79,4,0
8,80,4,0
8,81,4,0
8,82,4,0
8,83,4,0
8,84,4,0
8,85,4,0
8,86,4,0
8,87,4,0
8,88,4,0
8,89,4,0
8,90,4,0
8,91,4,0
8,92,4,0
8,93,5,0
8,94,5,0
8,95,5,0
8,96,5,0
8,97,5,0
8,98,5,0
8,99,5,0
8,100,5,0
8,101,5,0
8,102,5,0
8,103,5,0
8,104,5,0
8,105,5,0
8,106,5,0
8,107,5,0
8,108,5,0
8,109,5,0
8,110,6,0
8,111,6,0
8,112,6,0
8,113,6,0
8,114,6,0
8,115,6,0
8,116,6,0
8,117,6,0
8,118,6,0
8,119,6,0
8,120,6,0
8,121,6,0
8,122,6,0
8,123,6,0
8,124,6,0
8,125,6,0
8,126,6,0
8,127,6,0
8,128,6,0
8,129,6,0
8,130,7,0
8,131,7,0
8,132,7,0
8,133,7,0
8,134,7,0
8,135,7,0
8,136,7,0
8,137,7,0
8,138,7,1
8,139,7,0
8,140,7,0
8,141,7,0
8,142,7,0
8,143,7,0
8,144,7,0
8,145,7,0
8,146,7,0
8,147,7,0
8,148,7,0
8,149,7,0
9,1,1,0
9,2,1,0
9,3,1,0
9,4,1,0
9,5,1,0
9,6,1,0
9,7,1,0
9,8,1,0
9,9,1,1
9,10,1,0
9,11,1,1
9,12,1,0
9,13,1,0
9,14,1,0
9,15,1,0
9,16,1,0
9,17,1,0
9,18,1,0
9,19,1,0
9,20,1,0
9,21,1,0
9,22,1,0
9,23,1,1
9,24,1,0
9,25,1,0
9,26,1,1
9,27,1,1
9,28,1,1
9,29,1,1
9,30,1,1
9,31,1,0
9,32,1,0
9,33,1,0
9,34,1,0
9,35,1,0
9,36,1,1
9,37,1,0
9,38,1,0
9,39,1,0
9,40,1,1
9,41,2,0
9,42,2,1
9,43,2,1
9,44,2,0
9,45,2,0
9,46,2,0
9,47,2,0
9,48,2,0
9,49,2,0
9,50,2,0
9,51,2,0
9,52,2,1
9,53,2,1
9,54,2,0
9,55,2,1
9,56,2,0
9,57,2,0
9,58,2,1
9,71,4,1
9,72,4,0
9,73,4,1
9,74,4,0
9,75,4,0
9,76,4,0
9,77,4,1
9,78,4,0
9,79,4,0
9,80,4,1
9,81,4,1
9,82,4,1
9,83,4,1
9,84,4,1
9,85,4,1
9,86,4,0
9,87,4,1
9,88,4,1
9,89,4,1
9,90,4,0
9,91,4,1
9,92,4,0
9,93,4,1
9,94,4,1
9,95,5,0
9,96,5,1
9,97,5,0
9,98,5,0
9,99,5,0
9,100,5,0
9,101,5,1
9,102,5,1
9,103,5,1
9,104,5,0
9,105,5,0
9,106,5,0
9,107,5,1
9,108,5,0
9,109,5,1
9,110,5,0
9,111,5,1
9,112,5,0
9,113,5,0
9,114,5,0
9,115,5,0
9,116,5,1
9,117,5,0
9,118,5,0
9,119,5,0
9,120,5,1
9,121,5,1
9,122,5,1
9,123,5,1
9,124,5,0
9,125,5,0
9,126,5,0
9,127,5,0
9,128,5,1
9,129,6,1
9,130,6,0
9,131,6,0
9,132,6,0
9,133,6,0
9,134,6,1
9,135,6,0
9,136,6,0
9,137,6,0
9,138,6,1
9,139,6,1
9,140,6,0
9,141,6,0
9,142,6,0
9,143,6,0
9,144,6,0
9,145,6,1
9,146,6,0
9,147,6,0
9,148,6,0
9,149,6,1
9,150,6,1
9,151,6,1
9,152,6,0
9,153,6,0
9,154,6,1
9,155,6,1
9,156,6,1
9,157,6,0
9,158,6,0
9,159,6,0
9,160,7,0
9,161,7,1
9,162,7,1
9,163,7,0
9,164,7,0
9,165,7,0
9,166,7,1
9,167,7,1
9,168,7,0
9,169,7,1
9,170,7,1
9,171,7,0
9,172,7,0
9,173,7,0
9,174,7,0
9,175,7,1
9,176,7,0
9,177,7,1
9,178,7,0
9,179,7,0
9,180,7,1
9,181,7,0
9,182,7,0
9,183,7,1
10,1,1,0
10,2,1,0
10,3,1,0
10,4,1,0
10,5,1,0
10,6,1,0
10,7,1,1
10,8,1,0
10,9,1,0
10,10,1,0
10,11,1,0
10,12,1,0
10,13,1,0
10,14,1,0
10,15,1,0
10,16,1,0
10,17,1,0
10,18,1,0
10,19,1,0
10,20,1,0
10,21,1,0
10,22,1,0
10,23,1,0
10,24,1,0
10,25,1,0
10,26,1,0
10,27,1,0
10,28,2,0
10,29,2,0
10,30,2,1
10,31,2,0
10,32,2,0
10,33,2,0
10,34,2,0
10,35,2,0
10,36,2,0
10,37,2,0
10,38,2,0
10,39,2,0
10,40,2,0
10,41,2,0
10,42,2,0
10,69,4,0
10,70,4,0
10,71,4,0
10,72,4,0
10,73,4,0
10,74,4,0
10,75,4,0
10,76,4,0
10,77,4,0
10,78,4,0
10,79,4,0
10,80,4,0
10,81,4,0
10,82,4,0
10,83,4,1
10,84,4,0
10,85,4,0
10,86,4,0
10,87,4,0
10,88,4,0
10,89,4,0
10,90,4,0
10,91,4,0
10,92,4,0
10,93,4,0
10,94,4,0
10,95,4,0
10,96,4,0
10,97,4,0
10,98,4,0
10,99,4,0
10,100,4,0
10,101,4,0
10,102,4,0
10,103,4,0
10,104,5,0
10,105,5,0
10,106,5,0
10,107,5,0
10,108,5,0
10,109,5,0
10,110,5,0
10,111,5,0
10,112,5,0
10,113,5,0
10,114,5,0
10,115,5,0
10,116,5,0
10,117,5,0
10,118,5,0
10,119,5,0
10,120,5,0
10,121,5,0
10,122,5,0
10,123,5,0
10,124,5,0
10,125,5,0
10,126,5,0
10,127,5,0
10,128,5,0
10,129,5,0
10,130,5,0
10,131,5,0
10,132,5,0
10,133,5,0
10,134,5,0
10,135,5,0
10,136,5,0
10,137,5,0
10,138,5,0
10,139,5,0
10,140,5,0
10,141,5,0
10,142,5,0
10,143,6,0
10,144,6,0
10,145,6,0
10,146,6,0
10,147,6,0
10,148,6,0
10,149,6,0
10,150,6,0
10,151,6,0
10,152,6,0
10,153,6,0
10,154,6,0
10,155,6,0
10,156,6,0
10,157,6,0
10,158,6,0
10,159,6,0
10,160,6,0
10,161,6,0
10,162,6,0
10,163,7,0
10,164,7,0
10,165,7,0
10,166,7,0
10,167,7,0
10,168,7,0
10,169,7,0
10,170,7,0
10,171,7,0
10,172,7,0
10,173,7,0
10,174,7,0
10,175,7,0
10,176,7,0
10,177,7,0
10,178,7,0
10,179,7,0
10,180,7,0
10,181,7,0
10,182,7,0
10,183,7,0
10,184,7,0
11,1,1,0
11,2,1,0
11,3,1,0
11,4,1,0
11,5,1,0
11,6,1,0
11,7,1,0
11,8,1,1
11,9,1,1
11,10,1,0
11,11,1,0
11,12,1,1
11,13,1,0
11,14,1,0
11,15,1,0
11,16,1,1
11,17,1,1
11,18,1,0
11,19,2,0
11,20,2,1
11,21,2,1
11,22,2,0
11,23,2,0
11,24,2,0
11,25,2,0
11,26,2,0
11,27,2,0
11,28,2,0
11,29,2,1
11,30,2,1
11,31,2,1
11,32,2,1
11,33,2,1
11,34,2,0
11,35,2,0
11,36,2,1
11,37,2,1
11,38,2,0
11,39,2,0
11,40,2,1
11,41,2,0
11,42,2,1
11,43,2,0
11,44,2,0
11,87,4,1
11,88,4,1
11,89,4,1
11,90,4,0
11,91,4,0
11,92,4,0
11,93,4,1
11,94,4,0
11,95,4,0
11,96,4,0
11,97,4,0
11,98,4,0
11,99,4,0
11,100,4,0
11,101,4,1
11,102,4,1
11,103,4,0
11,104,4,0
11,105,4,1
11,106,4,1
11,107,4,0
11,108,4,1
11,109,4,0
11,110,4,1
11,111,4,0
11,112,4,0
11,113,4,1
11,134,4,0
11,135,4,1
11,136,5,0
11,137,5,0
11,138,5,0
11,139,5,0
11,140,5,0
11,141,5,0
11,142,5,0
11,143,5,0
11,144,5,0
11,145,5,0
11,146,5,0
11,147,5,0
11,148,5,0
11,149,5,0
11,150,5,0
11,151,5,0
11,152,5,0
11,153,5,0
11,154,5,0
11,155,5,0
11,156,5,0
11,157,5,0
11,158,5,1
11,159,5,1
11,160,5,0
11,161,5,1
11,162,5,1
11,163,5,1
11,164,5,0
11,165,5,1
11,166,5,0
11,167,5,0
11,168,5,1
11,169,6,0
11,170,6,0
11,171,6,1
11,172,6,1
11,173,6,0
11,174,6,0
11,175,6,0
11,176,6,0
11,177,6,0
11,178,6,1
11,179,6,0
11,180,6,1
11,181,6,0
11,182,6,0
11,183,6,0
11,184,6,0
11,185,6,0
11,186,6,0
11,187,6,0
11,188,6,0
11,189,6,1
11,190,6,1
11,191,6,0
11,192,6,0
11,193,6,0
11,194,6,0
11,195,6,1
11,196,6,0
11,197,6,1
11,198,6,0
11,199,6,1
11,200,6,1
11,201,6,0
11,202,6,1
11,203,6,0
11,204,6,1
11,205,6,0
11,206,6,0
11,207,6,1
11,208,6,1
11,209,7,0
11,210,7,1
11,211,7,0
11,212,7,0
11,213,7,0
11,214,7,0
11,215,7,0
11,216,7,1
11,217,7,1
11,218,7,0
11,219,7,0
11,220,7,0
11,221,7,0
11,222,7,0
11,223,7,0
11,224,7,0
11,225,7,0
11,226,7,0
11,227,7,0
11,228,7,1
11,229,7,1
11,230,7,0
11,231,7,0
11,232,7,0
11,233,7,0
11,234,7,0
11,235,7,1
11,236,7,0
11,237,7,1
11,238,7,0
11,239,7,0
11,240,7,0
11,241,7,0
11,242,7,0
11,243,7,0
11,244,7,0
12,1,1,0
12,2,1,0
12,3,1,0
12,4,1,0
12,5,1,0
12,6,1,0
12,7,1,0
12,8,1,0
12,9,1,0
12,10,1,0
12,11,1,0
12,12,1,0
12,13,1,0
12,14,1,0
12,15,1,0
12,16,1,0
12,17,1,0
12,18,1,0
12,19,1,0
12,20,1,0
12,21,1,0
12,22,1,0
12,23,1,0
12,24,1,0
12,25,1,0
12,26,1,0
12,27,1,0
12,28,1,0
12,29,1,0
12,30,1,0
12,31,1,0
12,32,1,0
12,33,1,0
12,34,1,0
12,35,1,0
12,36,1,0
12,37,1,0
12,38,1,0
12,39,1,0
12,40,1,0
12,41,1,0
12,42,1,0
12,43,1,0
12,44,1,0
12,45,1,0
12,46,1,0
12,47,1,0
12,48,1,0
12,49,1,0
12,50,2,0
12,51,2,0
12,52,2,0
12,53,2,0
12,54,2,0
12,55,2,0
12,56,2,0
12,57,2,0
12,58,2,0
12,59,2,0
12,60,2,0
12,61,2,0
12,62,2,0
12,63,2,0
12,64,2,0
12,65,2,0
12,66,2,0
12,67,2,0
12,68,2,0
12,69,2,0
12,70,2,0
12,71,2,0
12,72,2,0
12,73,2,0
12,74,2,0
12,75,2,0
12,76,2,0
12,77,2,0
12,78,2,0
12,79,2,0
12,80,2,0
12,81,2,0
12,82,2,0
12,83,2,0
12,84,2,0
12,85,2,0
12,86,2,0
12,87,2,0
12,88,2,0
12,89,2,0
12,90,2,0
12,91,2,0
12,92,2,0
12,93,2,0
12,121,4,0
12,122,4,0
12,123,4,0
12,124,4,0
12,125,4,0
12,126,4,0
12,127,4,0
12,128,4,0
12,129,4,0
12,130,4,0
12,131,4,0
12,132,4,0
12,133,4,0
12,134,4,0
12,135,4,0
12,136,4,0
12,137,4,0
12,138,4,0
12,139,4,0
12,140,4,0
12,141,4,0
12,142,4,0
12,143,5,0
12,144,5,0
12,145,5,0
12,146,5,0
12,147,5,0
12,148,5,0
12,149,5,0
12,150,5,0
12,151,5,1
12,152,5,1
12,153,5,0
12,154,5,0
12,155,5,0
12,156,5,0
12,157,5,0
12,158,5,0
12,159,5,0
12,160,5,0
12,161,5,0
12,162,5,0
12,163,5,0
12,164,5,0
12,165,5,0
12,166,5,0
12,167,5,0
12,168,5,0
12,169,5,0
12,170,6,0
12,171,6,0
12,172,6,0
12,173,6,0
12,174,6,0
12,175,6,0
12,176,6,0
12,177,6,0
12,178,6,0
12,179,6,0
12,180,6,0
12,181,6,0
12,182,6,0
12,183,6,0
12,184,6,0
12,185,6,0
12,186,6,0
12,187,6,0
12,188,6,0
12,189,6,0
12,190,6,0
12,191,6,0
12,192,6,0
12,193,6,0
12,194,6,0
12,195,6,0
12,196,6,0
12,197,6,0
12,198,6,0
12,199,6,0
12,200,6,0
12,201,6,0
12,202,6,0
12,203,6,0
12,204,7,0
12,205,7,0
12,206,7,0
12,207,7,0
12,208,7,0
12,209,7,0
12,210,7,0
12,211,7,0
12,212,7,0
12,213,7,0
12,214,7,0
12,215,7,0
12,216,7,0
12,217,7,0
12,218,7,0
12,219,7,0
12,220,7,0
12,221,7,0
12,222,7,0
12,223,7,0
12,224,7,0
12,225,7,0
12,226,7,0
13,1,1,0
13,2,1,0
13,3,1,0
13,4,1,0
13,5,1,0
13,6,1,0
13,7,1,1
13,8,1,0
13,9,1,0
13,10,1,1
13,11,1,1
13,12,1,0
13,13,1,0
13,14,1,0
13,15,1,0
13,16,1,0
13,17,1,0
13,18,1,0
13,19,1,1
13,20,1,0
13,21,1,0
13,22,1,0
13,23,1,0
13,24,1,0
13,25,1,0
13,26,1,0
13,27,1,0
13,28,1,0
13,29,1,0
13,30,1,0
13,31,1,0
13,32,1,0
13,33,1,0
13,34,1,0
13,35,2,0
13,36,2,1
13,37,2,0
13,38,2,0
13,39,2,0
13,40,2,0
13,41,2,0
13,42,2,0
13,43,2,1
13,44,2,0
13,45,2,1
13,46,2,0
13,47,2,0
13,48,2,0
13,49,2,0
13,50,2,0
13,51,2,0
13,52,2,0
13,53,2,0
13,54,2,0
13,55,2,0
13,56,2,0
13,57,2,0
13,58,2,1
13,59,2,0
13,93,4,0
13,94,4,0
13,95,4,0
13,96,4,0
13,97,4,0
13,98,4,0
13,99,4,0
13,100,4,0
13,101,4,0
13,102,4,0
13,103,4,0
13,104,4,0
13,105,4,0
13,126,4,1
13,127,4,0
13,128,4,0
13,129,4,0
13,130,4,0
13,131,4,0
13,132,4,0
13,133,4,0
13,134,4,0
13,135,4,0
13,136,4,0
13,137,5,0
13,138,5,0
13,139,5,0
13,140,5,0
13,141,5,0
13,142,5,0
13,143,5,0
13,144,5,0
13,145,5,0
13,146,5,0
13,147,5,0
13,148,5,0
13,149,5,0
13,150,5,0
13,151,5,0
13,152,5,0
13,153,5,0
13,154,5,0
13,155,5,1
13,156,5,1
13,157,5,1
13,158,5,0
13,159,5,0
13,160,5,0
13,161,5,0
13,162,5,0
13,163,6,0
13,164,6,0
13,165,6,0
13,166,6,0
13,167,6,1
13,168,6,0
13,169,6,1
13,170,6,0
13,171,6,0
13,172,6,0
13,173,6,0
13,174,6,1
13,175,6,1
13,176,6,0
13,177,6,0
13,178,6,0
13,179,6,0
13,180,6,0
13,181,6,0
13,182,6,0
13,183,6,1
13,184,6,0
13,185,6,0
13,186,6,0
13,187,6,0
13,188,6,0
13,189,6,0
13,190,6,0
13,191,6,0
13,192,6,0
13,193,7,1
13,194,7,0
13,195,7,0
13,196,7,0
13,197,7,0
13,198,7,0
13,199,7,0
13,200,7,0
13,201,7,1
13,202,7,1
13,203,7,0
13,204,7,0
13,205,7,0
13,206,7,0
13,207,7,0
13,208,7,0
13,209,7,0
13,210,7,1
13,211,7,0
13,212,7,1
13,213,7,0
14,1,1,0
14,2,1,0
14,3,1,0
14,4,1,0
14,5,1,0
14,6,1,0
14,7,1,0
14,8,1,0
14,9,1,0
14,10,1,0
14,11,1,0
14,12,1,0
14,13,1,0
14,14,1,0
14,15,1,0
14,16,1,0
14,17,1,0
14,18,1,0
14,19,1,0
14,20,1,0
14,21,1,0
14,22,1,0
14,23,1,0
14,24,1,0
14,25,1,0
14,26,1,0
14,27,1,0
14,28,1,0
14,29,1,0
14,30,1,0
14,31,1,0
14,32,1,0
14,33,1,0
14,34,1,0
14,35,1,0
14,36,1,0
14,37,1,0
14,38,1,0
14,39,1,0
14,40,1,0
14,41,1,0
14,42,1,0
14,43,1,0
14,44,1,0
14,45,1,0
14,46,1,0
14,47,1,0
14,48,1,0
14,49,1,0
14,50,1,0
14,51,1,0
14,52,1,0
14,53,1,0
14,54,1,0
14,55,1,0
14,56,1,0
14,57,1,0
14,58,1,0
14,59,1,0
14,60,1,0
14,61,1,0
14,62,1,0
14,63,1,0
14,64,1,0
14,65,1,0
14,66,1,0
14,67,1,0
14,68,1,0
14,69,1,0
14,70,1,0
14,71,1,0
14,72,1,0
14,73,1,0
14,74,1,0
14,75,1,0
14,76,1,0
14,77,1,0
14,78,1,0
14,79,1,0
14,80,1,0
14,81,1,0
14,82,2,0
14,83,2,0
14,84,2,0
14,85,2,0
14,86,2,0
14,87,2,0
14,88,2,0
14,89,2,0
14,90,2,0
14,91,2,0
14,92,2,0
14,93,2,0
14,94,2,0
14,95,2,0
14,96,2,0
14,97,2,0
14,98,2,0
14,99,2,0
14,100,2,0
14,101,2,0
14,102,2,0
14,103,2,0
14,104,2,0
14,105,2,0
14,106,2,0
14,107,2,0
14,108,2,0
14,109,2,0
14,110,2,0
14,111,2,0
14,112,2,0
14,113,2,0
14,114,2,0
14,115,2,0
14,116,2,0
14,117,2,0
14,118,2,0
14,119,2,0
14,120,2,0
14,121,2,0
14,122,2,0
14,123,2,0
14,124,2,0
14,125,2,0
14,126,2,0
14,127,2,0
14,128,2,0
14,129,2,0
14,130,2,0
14,131,2,0
14,178,4,0
14,179,4,0
14,180,4,0
14,181,4,0
14,182,4,0
14,183,4,0
14,184,4,0
14,185,4,0
14,186,4,0
14,187,4,0
14,188,4,0
14,189,4,0
14,190,4,0
14,191,4,0
14,192,4,0
14,193,4,0
14,194,4,0
14,195,4,0
14,196,4,0
14,197,4,0
14,198,4,0
14,199,4,0
14,200,4,0
14,201,4,0
14,202,4,0
14,203,4,0
14,204,4,0
14,205,4,0
14,206,4,0
14,207,4,0
14,208,4,0
14,209,4,0
14,210,4,0
14,211,4,0
14,212,4,0
14,213,4,0
14,214,4,0
14,215,4,0
14,216,4,0
14,217,4,0
14,218,4,0
14,219,4,0
14,220,4,0
14,221,4,0
14,222,4,0
14,223,4,0
14,224,4,0
14,225,4,0
14,226,4,0
14,227,4,0
14,228,4,0
14,229,4,0
14,230,4,0
14,231,4,0
14,232,4,0
14,233,4,0
14,234,5,0
14,235,5,0
14,236,5,0
14,237,5,0
14,238,5,0
14,239,5,0
14,240,5,0
14,241,5,0
14,242,5,0
14,243,5,0
14,244,5,0
14,245,5,0
14,246,5,0
14,247,5,0
14,248,5,0
14,249,5,0
14,250,5,0
14,251,5,0
14,252,5,0
14,253,5,0
14,254,5,0
14,255,5,0
14,256,5,0
14,257,5,0
14,258,5,0
14,259,5,0
14,260,5,0
14,261,5,0
14,262,5,0
14,263,5,0
14,264,5,0
14,265,5,0
14,266,5,0
14,267,5,0
14,268,5,0
14,269,5,0
14,270,5,0
14,271,5,0
14,272,5,0
14,273,5,0
14,274,5,0
14,275,5,0
14,276,5,0
14,277,5,0
14,278,5,0
14,279,5,0
14,280,5,0
14,281,5,0
14,282,5,0
14,283,5,0
14,284,5,0
14,285,5,0
14,286,5,0
14,287,5,0
14,288,5,0
14,289,5,0
14,290,5,0
14,291,6,0
14,292,6,0
14,293,6,0
14,294,6,0
14,295,6,0
14,296,6,0
14,297,6,0
14,298,6,0
14,299,6,0
14,300,6,0
14,301,6,0
14,302,6,0
14,303,6,0
14,304,6,0
14,305,6,0
14,306,6,0
14,307,6,0
14,308,6,0
14,309,6,0
14,310,6,0
14,311,6,0
14,312,6,0
14,313,6,0
14,314,6,0
14,315,6,0
14,316,6,0
14,317,6,0
14,318,6,0
14,319,6,0
14,320,6,0
14,321,6,0
14,322,6,0
14,323,6,0
14,324,6,0
14,325,6,0
14,326,6,0
14,327,6,0
14,328,6,0
14,329,6,0
14,330,6,0
14,331,6,0
14,332,6,0
14,333,6,0
14,334,6,0
14,335,6,0
14,336,6,0
14,337,6,0
14,338,6,0
14,339,6,0
14,340,6,0
14,341,6,0
14,342,6,0
14,343,6,0
14,344,6,0
14,345,6,0
14,346,6,0
14,347,6,0
14,348,6,0
14,349,6,0
14,350,6,0
14,351,6,0
14,352,6,0
14,353,6,0
14,354,6,0
14,355,6,0
14,356,6,0
14,357,6,0
14,358,6,0
14,359,7,0
14,360,7,0
14,361,7,0
14,362,7,0
14,363,7,0
14,364,7,0
14,365,7,0
14,366,7,0
14,367,7,0
14,368,7,0
14,369,7,0
14,370,7,0
14,371,7,0
14,372,7,0
14,373,7,0
14,374,7,0
14,375,7,0
14,376,7,0
14,377,7,0
14,378,7,0
14,379,7,0
14,380,7,0
14,381,7,0
14,382,7,0
14,383,7,0
14,384,7,0
14,385,7,0
14,386,7,0
14,387,7,0
14,388,7,0
14,389,7,0
14,390,7,0
14,391,7,0
14,392,7,0
14,393,7,0
14,394,7,0
14,395,7,0
14,396,7,0
14,397,7,0
14,398,7,0
14,399,7,0
14,400,7,0
14,401,7,0
14,402,7,0
14,403,7,0
14,404,7,0
14,405,7,0
14,406,7,0
14,407,7,0
14,408,7,0
14,409,7,0
14,410,7,0
14,411,7,0
14,412,7,0
14,413,7,0
14,414,7,0
14,415,7,0
14,416,7,0
14,417,7,0
14,418,7,0
14,419,7,0
14,420,7,0
14,421,7,0
14,422,7,0
14,423,7,0
14,424,7,0
14,425,7,0
14,426,7,0
14,427,7,0
14,428,7,0
14,429,7,0
14,430,7,0
14,431,7,0
14,432,7,0
14,433,7,0
15,1,1,0
15,2,1,0
15,3,1,0
15,4,1,0
15,5,1,0
15,6,1,0
15,7,1,0
15,8,1,0
15,9,1,0
15,10,1,0
15,11,1,0
15,12,1,0
15,13,1,0
15,14,1,0
15,15,1,0
15,16,2,0
15,17,2,0
15,18,2,0
15,19,2,0
15,20,2,0
15,21,2,0
15,22,2,0
15,23,2,0
15,24,2,0
15,25,2,0
15,26,2,0
15,27,2,0
15,28,2,0
15,29,2,0
15,30,2,0
15,31,2,0
15,32,2,0
15,33,2,0
15,55,4,0
15,56,4,0
15,57,4,0
15,58,4,0
15,59,4,0
15,60,4,0
15,61,4,0
15,62,4,0
15,63,4,0
15,64,4,0
15,65,4,0
15,66,4,0
15,67,4,0
15,68,4,0
15,69,4,0
15,70,4,0
15,71,4,0
15,72,4,0
15,73,4,0
15,74,4,0
15,75,4,0
15,76,4,0
15,77,4,0
15,78,4,0
15,79,4,0
15,80,4,0
15,81,4,0
15,82,4,0
15,83,4,0
15,84,4,0
15,85,4,0
15,86,4,0
15,87,4,0
15,88,4,0
15,89,4,0
15,90,4,0
15,91,4,0
15,92,5,0
15,93,5,0
15,94,5,0
15,95,5,0
15,96,5,0
15,97,5,0
15,98,5,0
15,99,5,0
15,100,5,0
15,101,5,0
15,102,5,0
15,103,5,0
15,104,5,0
15,105,5,0
15,106,5,0
15,107,5,0
15,108,5,0
15,109,5,0
15,110,5,0
15,111,5,0
15,112,5,0
15,113,5,0
15,114,5,0
15,115,5,0
15,116,6,0
15,117,6,0
15,118,6,0
15,119,6,0
15,120,6,0
15,121,6,0
15,122,6,0
15,123,6,0
15,124,6,0
15,125,6,0
15,126,6,0
15,127,6,0
15,128,6,0
15,129,6,0
15,130,6,0
15,131,7,0
15,132,7,0
15,133,7,0
15,134,7,0
15,135,7,0
15,136,7,0
15,137,7,0
15,138,7,0
15,139,7,0
15,140,7,0
15,141,7,0
15,142,7,0
15,143,7,0
15,144,7,0
15,145,7,0
15,146,7,0
15,147,7,0
15,148,7,0
15,149,7,0
15,150,7,0
15,151,7,0
15,152,7,0
15,153,7,0
16,1,1,0
16,2,1,0
16,3,1,0
16,4,1,0
16,5,1,0
16,6,1,0
16,7,1,0
16,8,1,0
16,9,1,0
16,10,1,0
16,11,1,0
16,12,1,0
16,13,1,0
16,14,1,0
16,15,1,0
16,16,1,0
16,17,1,0
16,18,1,0
16,19,1,0
16,20,1,0
16,21,1,0
16,22,1,0
16,23,1,0
16,24,1,0
16,25,1,0
16,26,1,0
16,27,1,0
16,28,1,0
16,29,1,0
16,30,1,0
16,31,1,0
16,32,1,0
16,33,1,0
16,34,2,0
16,35,2,0
16,36,2,0
16,37,2,0
16,38,2,0
16,39,2,0
16,40,2,0
16,41,2,0
16,42,2,0
16,43,2,0
16,44,2,0
16,45,2,0
16,46,2,0
16,47,2,0
16,48,2,0
16,67,4,0
16,68,4,0
16,69,4,0
16,70,4,0
16,71,4,0
16,72,4,0
16,73,4,0
16,74,4,0
16,75,4,0
16,76,4,0
16,77,4,0
16,78,4,0
16,79,4,0
16,80,4,0
16,81,4,0
16,82,4,0
16,83,4,0
16,84,4,0
16,85,4,0
16,86,4,0
16,87,4,0
16,88,4,0
16,89,4,0
16,90,4,0
16,91,4,0
16,92,4,0
16,93,4,0
16,94,4,0
16,95,4,0
16,96,4,0
16,97,4,0
16,98,4,0
16,99,5,0
16,100,5,0
16,101,5,0
16,102,5,0
16,103,5,0
16,104,5,0
16,105,5,0
16,106,5,0
16,107,5,0
16,108,5,0
16,109,5,0
16,110,5,0
16,111,5,0
16,112,5,0
16,113,5,0
16,114,5,0
16,115,5,0
16,116,5,0
16,117,5,0
16,118,5,0
16,119,5,0
16,120,5,0
16,121,5,0
16,122,5,0
16,123,5,0
16,124,5,0
16,125,5,0
16,126,5,0
16,127,5,0
16,128,5,0
16,129,5,0
16,130,5,0
16,131,5,0
16,132,5,0
16,133,6,0
16,134,6,0
16,135,6,0
16,136,6,0
16,137,6,0
16,138,6,0
16,139,6,0
16,140,6,0
16,141,6,0
16,142,6,0
16,143,6,0
16,144,6,0
16,145,6,0
16,146,6,0
16,147,7,0
16,148,7,0
16,149,7,0
16,150,7,0
16,151,7,0
16,152,7,0
16,153,7,0
16,154,7,0
16,155,7,0
16,156,7,0
16,157,7,0
16,158,7,0
16,159,7,0
16,160,7,0
16,161,7,0
16,162,7,0
16,163,7,0
16,164,7,0
16,165,7,0
16,166,7,0
16,167,7,0
17,1,1,0
17,2,1,0
17,3,1,0
17,4,1,0
17,5,1,0
17,6,1,0
17,7,1,0
17,8,1,0
17,9,1,0
17,10,1,0
17,11,1,0
17,12,1,0
17,13,1,0
17,14,1,0
17,15,1,1
17,16,1,0
17,17,1,0
17,18,1,0
17,19,1,0
17,20,1,0
17,21,1,0
17,22,1,0
17,23,1,0
17,24,1,0
17,25,1,0
17,26,1,1
17,27,1,0
17,28,1,0
17,29,1,0
17,30,1,0
17,31,1,0
17,32,1,0
17,33,1,1
17,34,1,0
17,35,1,0
17,36,1,0
17,37,1,0
17,38,1,0
17,39,1,0
17,40,1,0
17,41,1,0
17,42,1,1
17,43,1,0
17,44,1,0
17,45,1,0
17,46,1,0
17,47,1,0
17,48,1,0
17,49,1,0
17,50,1,0
17,51,1,0
17,52,1,0
17,53,1,0
17,54,1,0
17,55,1,0
17,56,1,0
17,57,1,0
17,58,1,1
17,59,1,0
17,60,1,1
17,61,2,0
17,62,2,0
17,63,2,0
17,64,2,0
17,65,2,0
17,66,2,0
17,67,2,0
17,68,2,0
17,69,2,1
17,70,2,0
17,71,2,0
17,72,2,0
17,73,2,1
17,74,2,0
17,75,2,0
17,76,2,0
17,77,2,0
17,78,2,0
17,79,2,1
17,80,2,0
17,81,2,0
17,82,2,0
17,83,2,0
17,84,2,0
17,85,2,1
17,86,2,0
17,87,2,0
17,88,2,0
17,89,2,0
17,90,2,0
17,91,2,0
17,92,2,1
17,93,2,0
17,94,2,0
17,95,2,0
17,96,2,0
17,97,2,1
17,98,2,1
17,99,2,0
17,100,2,0
17,101,2,0
17,102,2,0
17,103,2,0
17,104,2,0
17,105,2,0
17,106,2,0
17,107,2,1
17,108,2,0
17,109,2,0
17,110,2,0
17,111,2,0
17,112,2,0
17,113,2,0
17,114,2,0
17,116,2,0
17,117,2,0
17,118,2,0
17,120,2,1
17,121,2,0
17,122,2,1
17,123,2,0
17,124,2,0
17,125,2,0
17,126,2,1
17,127,2,0
17,128,2,0
17,129,2,0
17,130,2,0
17,131,2,0
17,132,2,0
17,133,2,0
17,134,2,0
17,135,2,1
17,136,2,0
17,137,2,0
17,138,2,0
17,139,2,0
17,140,2,1
17,141,2,0
17,142,2,0
17,143,2,0
17,144,2,0
17,145,2,0
17,146,2,0
17,147,2,0
17,148,2,0
17,149,2,0
17,150,2,0
17,151,2,0
17,152,2,0
17,153,2,0
17,154,2,0
17,155,2,1
17,156,2,0
17,157,2,1
17,158,2,0
17,159,2,0
17,160,2,0
17,198,4,0
17,199,4,0
17,200,5,0
17,201,5,0
17,202,5,0
17,203,5,0
17,204,5,0
17,205,5,0
17,206,5,0
17,207,5,0
17,208,5,0
17,209,5,0
17,210,5,0
17,211,5,0
17,212,5,0
17,213,5,0
17,214,5,0
17,215,5,0
17,216,5,0
17,217,5,0
17,218,5,0
17,219,5,0
17,220,5,0
17,221,5,0
17,222,5,0
17,223,5,0
17,224,5,0
17,225,5,0
17,226,5,0
17,227,5,0
17,228,5,0
17,229,5,0
17,230,5,0
17,231,5,0
17,232,5,0
17,233,5,0
17,234,5,0
17,235,5,0
17,236,5,0
17,237,5,0
17,238,5,0
17,239,5,1
17,240,5,0
17,241,5,0
17,242,5,0
17,243,5,0
17,244,5,0
17,245,5,0
17,246,5,0
17,247,5,0
17,248,5,0
17,249,5,0
17,250,5,0
17,251,5,0
17,252,5,0
17,253,5,0
17,254,5,0
17,255,5,0
17,256,5,0
17,257,5,0
17,258,5,0
17,259,5,1
17,260,5,0
17,261,5,0
17,262,5,0
17,263,5,0
17,264,6,0
17,265,6,0
17,266,6,0
17,267,6,0
17,268,6,0
17,269,6,0
17,270,6,0
17,271,6,0
17,272,6,0
17,273,6,0
17,274,6,0
17,275,6,0
17,276,6,0
17,277,6,0
17,278,6,1
17,279,6,0
17,280,6,1
17,281,6,0
17,282,6,0
17,283,6,0
17,284,6,0
17,285,6,0
17,286,6,0
17,287,6,0
17,288,6,0
17,289,6,0
17,290,6,0
17,291,6,0
17,292,6,0
17,293,6,0
17,294,6,0
17,295,6,0
17,296,6,0
17,297,6,0
17,298,6,0
17,299,6,0
17,302,6,0
17,303,6,0
17,304,6,0
17,305,6,0
17,306,6,0
17,307,6,0
17,308,6,0
17,309,6,0
17,310,6,0
17,311,6,0
17,312,6,0
17,313,6,0
17,314,6,0
17,315,6,0
17,316,6,0
17,317,6,0
17,318,6,0
17,319,6,0
17,320,6,0
17,321,6,1
17,322,6,0
17,323,6,0
17,324,6,0
17,325,6,0
17,326,6,0
17,327,6,0
17,328,6,0
17,329,6,0
17,330,6,0
17,331,6,0
17,332,6,0
17,333,6,0
17,334,6,0
17,335,6,0
17,336,6,0
17,337,6,0
17,338,6,0
17,339,6,0
17,340,6,0
17,341,6,0
17,342,6,0
17,343,6,0
17,344,6,0
17,345,6,0
17,346,6,0
17,347,6,0
17,348,6,0
17,349,6,0
17,350,6,0
17,351,6,0
17,352,6,0
17,353,7,0
17,354,7,0
17,355,7,0
17,356,7,0
17,357,7,0
17,358,7,0
17,359,7,0
17,360,7,0
17,361,7,0
17,362,7,0
17,363,7,0
17,364,7,0
17,365,7,0
17,366,7,0
17,367,7,0
17,368,7,0
17,369,7,0
17,370,7,0
17,371,7,0
17,372,7,0
17,373,7,0
17,374,7,0
17,421,7,0
17,422,7,0
17,423,7,0
17,424,7,0
17,425,7,0
17,426,7,0
17,427,7,0
17,428,7,0
17,429,7,0
17,430,7,0
17,431,7,0
17,432,7,0
17,433,7,0
17,434,7,0
17,435,7,0
17,436,7,0
17,437,7,0
17,438,7,0
17,439,7,0
17,440,7,0
17,441,7,0
17,442,7,0
17,443,7,0
17,444,7,0
17,445,7,0
17,446,7,0
17,447,7,0
18,1,1,0
18,2,1,0
18,3,1,0
18,4,1,0
18,5,1,0
18,6,1,0
18,7,1,0
18,8,1,0
18,9,1,0
18,10,1,0
18,11,1,0
18,12,1,0
18,13,1,0
18,14,1,0
18,15,1,0
18,16,1,0
18,17,1,0
18,18,1,0
18,19,1,0
18,20,1,0
18,21,1,0
18,22,1,0
18,23,1,0
18,24,1,0
18,25,1,0
18,26,1,0
18,27,1,0
18,28,1,0
18,29,1,0
18,30,1,0
18,31,1,0
18,32,1,0
18,33,1,0
18,34,1,0
18,35,1,0
18,36,1,0
18,37,1,0
18,38,1,0
18,39,1,0
18,40,1,0
18,41,1,0
18,42,1,0
18,43,1,0
18,44,1,0
18,45,1,0
18,46,1,0
18,47,1,0
18,48,1,0
18,49,1,0
18,50,1,0
18,51,1,0
18,52,1,0
18,53,1,0
18,54,1,0
18,55,1,0
18,56,1,0
18,57,1,0
18,58,1,0
18,59,1,0
18,60,2,0
18,61,2,0
18,62,2,0
18,63,2,0
18,64,2,0
18,65,2,0
18,66,2,0
18,67,2,0
18,68,2,0
18,69,2,0
18,70,2,0
18,71,2,0
18,72,2,0
18,73,2,0
18,74,2,0
18,75,2,0
18,76,2,0
18,77,2,0
18,78,2,0
18,79,2,0
18,80,2,0
18,81,2,0
18,82,2,0
18,83,2,0
18,84,2,0
18,85,2,0
18,86,2,0
18,87,2,0
18,88,2,0
18,89,2,0
18,90,2,0
18,91,2,0
18,92,2,0
18,93,2,0
18,94,2,0
18,95,2,0
18,96,2,0
18,97,2,0
18,98,2,0
18,133,4,0
18,134,4,0
18,135,4,0
18,136,4,0
18,137,4,0
18,138,4,0
18,139,4,0
18,140,4,0
18,141,4,0
18,142,4,0
18,143,4,0
18,144,4,0
18,145,4,0
18,146,4,0
18,147,4,0
18,148,4,0
18,149,4,0
18,150,4,0
18,151,4,0
18,152,4,0
18,153,4,0
18,154,4,0
18,155,4,0
18,156,4,0
18,157,4,0
18,158,4,0
18,159,4,0
18,160,4,0
18,161,4,0
18,162,4,0
18,163,4,0
18,164,4,0
18,165,4,0
18,166,4,0
18,167,4,0
18,168,4,0
18,169,4,0
18,170,4,0
18,171,4,0
18,172,4,0
18,173,4,0
18,174,4,0
18,175,4,0
18,176,4,0
18,177,4,0
18,178,4,0
18,179,5,0
18,180,5,0
18,181,5,0
18,182,5,0
18,183,5,0
18,184,5,0
18,185,5,0
18,186,5,0
18,187,5,0
18,188,5,0
18,189,5,0
18,190,5,0
18,191,5,0
18,192,5,0
18,193,5,0
18,194,5,0
18,195,5,0
18,196,5,0
18,197,5,0
18,198,5,0
18,199,5,0
18,200,5,0
18,201,5,0
18,202,5,0
18,203,5,0
18,204,5,0
18,205,5,0
18,206,5,0
18,207,5,0
18,208,5,0
18,209,5,0
18,210,5,0
18,211,5,0
18,212,5,0
18,213,5,0
18,214,5,0
18,215,5,0
18,216,5,0
18,217,5,0
18,218,5,0
18,219,5,0
18,220,5,0
18,221,5,0
18,222,6,0
18,223,6,0
18,224,6,0
18,226,6,0
18,227,6,0
18,228,6,0
18,229,6,0
18,230,6,0
18,231,6,0
18,232,6,0
18,233,6,0
18,234,6,0
18,235,6,0
18,236,6,0
18,237,6,0
18,238,6,0
18,239,6,0
18,240,6,0
18,241,6,0
18,243,6,0
18,244,6,0
18,245,6,0
18,246,6,0
18,247,6,0
18,248,6,0
18,249,6,0
18,250,6,0
18,251,6,0
18,252,6,0
18,253,6,0
18,254,6,0
18,255,6,0
18,256,6,0
18,257,6,0
18,258,6,0
18,259,6,0
18,260,6,0
18,261,6,0
18,262,6,0
18,263,6,0
18,264,7,0
18,265,7,0
18,266,7,0
18,267,7,0
18,268,7,0
18,269,7,0
18,270,7,0
18,271,7,0
18,272,7,0
18,273,7,0
18,274,7,0
18,275,7,0
18,276,7,0
18,277,7,0
18,278,7,0
18,279,7,0
18,280,7,0
18,281,7,0
18,282,7,0
18,283,7,0
18,284,7,0
18,285,7,0
18,286,7,0
18,287,7,0
18,288,7,0
18,289,7,0
18,290,7,0
18,291,7,0
18,292,7,0
18,293,7,0
18,294,7,0
18,295,7,0
18,296,7,0
18,297,7,0
18,298,7,0
18,299,7,0
18,300,7,0
18,301,7,0
18,302,7,0
18,303,7,0
18,304,7,0
18,305,7,0
18,306,7,0
18,307,7,0
18,308,7,0
18,309,7,0
18,310,7,0
18,311,7,0
18,312,7,0
18,313,7,0
18,314,7,0
18,315,7,0
18,316,7,0
18,317,7,0
18,318,7,0
18,319,7,0
18,320,7,0
18,321,7,0
19,1,1,0
19,2,1,0
19,3,1,0
19,4,1,0
19,5,1,0
19,6,1,0
19,7,1,0
20,1,1,0
20,2,1,0
20,3,1,0
20,4,1,0
20,5,1,0
20,6,1,0
20,7,1,0
20,8,1,0
20,9,1,0
20,10,1,0
20,11,1,1
20,12,1,1
20,13,1,0
20,14,1,0
20,15,1,0
20,16,1,0
20,17,1,0
20,18,1,0
20,19,1,0
20,20,1,0
20,21,1,0
20,22,1,0
20,23,1,0
20,24,1,0
20,25,1,0
20,26,1,0
20,27,1,0
20,28,1,0
20,29,1,0
20,30,1,0
20,31,1,0
20,32,1,0
20,33,1,0
20,34,1,0
20,35,1,0
20,36,1,0
20,37,1,0
20,38,1,0
20,39,1,0
20,40,1,0
20,41,1,0
20,42,1,0
20,43,1,0
20,44,1,0
20,45,1,0
20,46,1,0
20,47,1,0
20,48,1,0
20,49,1,0
20,50,1,0
20,51,2,0
20,52,2,0
20,53,2,0
20,54,2,0
20,55,2,0
20,56,2,0
20,57,2,0
20,58,2,0
20,59,2,0
20,60,2,0
20,61,2,0
20,62,2,0
20,63,2,0
20,64,2,0
20,65,2,0
20,66,2,0
20,85,4,0
20,86,4,0
20,87,4,0
20,88,4,0
20,89,4,0
20,90,4,0
20,91,4,0
20,92,4,0
20,93,4,0
20,94,4,0
20,95,4,0
20,96,4,0
20,97,4,0
20,98,4,0
20,99,4,0
20,100,4,0
20,101,4,0
20,102,4,0
20,103,4,0
20,104,4,0
20,105,4,0
20,106,4,0
20,107,4,0
20,108,4,0
20,109,4,0
20,110,4,0
20,111,4,0
20,112,4,0
20,113,4,0
20,114,4,0
20,115,4,0
20,116,4,0
20,117,4,0
20,118,4,0
20,119,4,0
20,120,4,0
20,121,4,0
20,122,4,0
20,123,4,0
20,124,4,0
20,125,4,0
20,126,4,0
20,127,4,0
20,128,5,0
20,129,5,0
20,130,5,0
20,131,5,0
20,132,5,0
20,133,5,0
20,134,5,0
20,135,5,0
20,136,5,0
20,137,5,0
20,138,5,0
20,139,5,0
20,140,5,0
20,141,5,0
20,142,5,0
20,143,5,0
20,144,5,0
20,145,5,0
20,146,5,0
20,147,5,0
20,148,5,0
20,149,5,0
20,150,5,0
20,151,5,0
20,152,5,0
20,153,5,0
20,154,5,0
20,155,5,0
20,156,5,0
20,157,5,0
20,158,5,0
20,159,5,0
20,160,5,0
20,161,5,0
20,162,5,0
20,163,5,1
20,164,5,0
20,165,5,0
20,166,5,0
20,167,5,0
20,168,6,0
20,169,6,0
20,170,6,0
20,171,6,0
20,172,6,0
20,173,6,0
20,174,6,0
20,175,6,0
20,176,6,0
20,177,6,0
20,178,6,0
20,179,6,1
20,180,6,0
20,181,6,1
20,182,6,0
20,183,6,0
20,184,6,0
20,185,6,0
20,186,6,0
20,187,6,0
20,188,6,0
20,189,6,0
20,190,6,0
20,191,6,0
20,192,6,0
20,193,6,0
20,194,6,0
20,195,6,0
20,196,6,0
20,197,6,0
20,198,6,0
20,199,6,0
20,200,6,0
20,201,6,0
20,202,6,0
20,203,6,0
20,204,6,0
20,205,6,0
20,206,6,0
20,207,6,0
20,208,6,0
20,209,6,0
20,210,6,0
20,211,6,0
20,212,6,0
20,213,6,0
20,214,6,0
20,215,6,1
20,216,7,1
20,217,7,0
20,218,7,0
20,219,7,0
20,220,7,0
20,221,7,0
20,222,7,0
20,223,7,0
20,224,7,0
20,225,7,0
20,226,7,0
20,227,7,0
20,228,7,0
20,229,7,1
20,230,7,0
20,231,7,0
20,232,7,0
20,233,7,0
20,234,7,0
20,235,7,0
20,236,7,0
20,237,7,0
20,238,7,0
20,239,7,0
20,240,7,0
20,241,7,0
20,242,7,0
20,243,7,0
20,244,7,0
20,245,7,0
20,246,7,0
20,247,7,0
20,248,7,0
20,249,7,0
20,250,7,0
20,251,7,0
20,252,7,0
20,253,7,0
20,254,7,0
20,255,7,0
21,1,1,0
21,2,1,1
21,3,1,1
21,4,1,0
21,5,1,0
21,6,1,0
21,7,1,0
21,8,1,0
21,9,1,0
21,10,1,1
21,11,1,0
21,12,1,1
21,13,1,0
21,14,1,0
21,15,1,0
21,16,1,0
21,17,1,0
21,18,1,0
21,19,1,0
21,20,1,0
21,21,1,1
21,22,1,1
21,23,1,1
21,24,1,0
21,25,1,0
21,26,1,1
21,27,1,0
21,28,1,0
21,29,1,1
21,30,1,0
21,31,1,0
21,32,1,0
21,33,1,1
21,34,1,1
21,35,1,0
21,36,1,1
21,37,1,1
21,38,1,0
21,39,1,0
21,40,1,0
21,41,1,0
21,42,1,0
21,43,1,1
21,44,1,0
21,45,1,1
21,46,1,0
21,47,1,0
21,48,1,0
21,49,1,1
21,50,1,1
21,51,1,0
21,52,1,1
21,53,1,1
21,54,1,0
21,55,1,0
21,56,1,0
21,57,1,1
21,58,1,0
21,59,1,1
21,60,1,0
21,61,1,0
21,62,1,0
21,63,1,0
21,64,1,0
21,65,1,0
21,66,2,0
21,67,2,0
21,68,2,1
21,69,2,0
21,70,2,0
21,71,2,0
21,72,2,0
21,73,2,0
21,74,2,0
21,75,2,0
21,76,2,1
21,77,2,0
21,78,2,0
21,79,2,1
21,80,2,0
21,81,2,0
21,82,2,0
21,83,2,0
21,84,2,0
21,122,4,0
21,123,4,0
21,124,4,1
21,125,4,1
21,126,4,0
21,127,4,1
21,128,4,0
21,129,4,0
21,130,4,0
21,131,4,0
21,132,4,1
21,133,4,0
21,134,4,0
21,135,4,0
21,136,4,0
21,137,4,1
21,138,4,1
21,139,4,0
21,140,4,0
21,141,4,1
21,142,4,1
21,143,4,0
21,144,4,0
21,145,4,0
21,146,4,0
21,147,4,0
21,148,4,0
21,149,4,0
21,150,4,0
21,151,4,0
21,152,4,0
21,153,5,0
21,154,5,0
21,155,5,0
21,156,5,0
21,157,5,0
21,158,5,1
21,159,5,0
21,160,5,0
21,161,5,1
21,162,5,1
21,163,5,0
21,164,5,1
21,165,5,0
21,166,5,0
21,167,5,0
21,168,5,0
21,169,5,0
21,170,5,0
21,171,5,1
21,172,5,1
21,173,5,0
21,174,5,0
21,175,5,0
21,176,5,0
21,177,5,0
21,178,5,1
21,179,5,0
21,180,5,0
21,181,5,0
21,182,5,1
21,183,5,0
21,184,5,0
21,185,5,0
21,186,5,1
21,187,5,0
21,188,5,0
21,189,5,0
21,190,5,0
21,191,5,1
21,192,5,0
21,193,5,1
21,194,5,0
21,195,5,0
21,196,5,0
21,197,6,0
21,198,6,0
21,199,6,0
21,200,6,1
21,201,6,0
21,202,6,1
21,203,6,1
21,204,6,0
21,205,6,0
21,206,6,0
21,207,6,0
21,208,6,0
21,209,6,1
21,210,6,0
21,211,6,0
21,212,6,0
21,213,6,1
21,214,6,0
21,215,6,0
21,216,6,0
21,217,6,0
21,218,6,0
21,219,6,0
21,220,6,0
21,221,6,0
21,222,6,0
21,223,6,0
21,224,6,0
21,225,6,0
21,226,6,0
21,227,6,0
21,228,6,0
21,229,7,0
21,230,7,0
21,231,7,0
21,232,7,1
21,233,7,0
21,234,7,0
21,235,7,1
21,236,7,0
21,237,7,0
21,238,7,1
21,239,7,0
21,240,7,0
21,241,7,0
21,242,7,0
21,243,7,0
21,244,7,0
21,245,7,0
21,246,7,0
21,247,7,0
21,248,7,0
21,249,7,0
21,250,7,0
21,251,7,0
21,252,7,0
21,253,7,0
21,254,7,0
21,255,7,1
21,256,7,0
21,257,7,0
21,258,7,0
21,259,7,0
21,260,7,0
21,261,7,0
21,262,7,1
21,263,7,0
21,264,7,0
21,265,7,0
21,266,7,0
21,267,7,0
22,1,1,0
22,2,1,0
22,3,1,0
22,4,1,0
22,5,1,0
22,6,1,0
22,7,1,1
22,8,1,0
22,9,1,0
22,10,1,0
22,11,1,0
22,12,1,0
22,13,1,0
22,14,1,0
22,15,1,0
22,16,1,0
22,17,1,0
22,18,1,0
22,19,1,0
22,20,1,0
22,21,1,0
22,22,1,0
22,23,1,1
22,24,1,0
22,25,1,1
22,26,1,0
22,27,1,1
22,28,1,0
22,29,1,0
22,30,1,0
22,31,1,0
22,32,1,0
22,33,1,0
22,34,1,0
22,35,1,0
22,36,1,0
22,37,1,0
22,38,1,1
22,39,1,0
22,40,1,0
22,41,1,0
22,42,1,0
22,43,1,0
22,45,1,0
22,46,1,0
22,47,1,0
22,48,1,0
22,49,1,0
22,50,2,0
22,51,2,0
22,52,2,0
22,53,2,0
22,54,2,0
22,55,2,0
22,56,2,1
22,57,2,0
22,58,2,0
22,59,2,0
22,60,2,0
22,61,2,0
22,62,2,0
22,64,2,0
22,65,2,1
22,66,2,1
22,67,2,0
22,68,2,0
22,69,2,0
22,70,2,0
22,71,2,0
22,72,2,0
22,73,2,0
22,74,2,0
22,75,2,0
22,76,2,1
22,77,2,0
22,78,2,0
22,79,2,0
22,221,5,0
22,222,5,0
22,223,5,0
22,224,5,0
22,225,5,0
22,226,5,0
22,227,5,0
22,228,5,0
22,229,5,0
22,230,5,0
22,231,5,0
22,232,5,0
22,233,5,0
22,234,5,0
22,235,5,0
22,236,5,0
22,237,5,0
22,238,5,0
22,239,5,0
22,240,5,0
22,241,5,0
22,242,5,0
22,243,5,0
22,244,5,0
22,245,5,0
22,246,6,0
22,247,6,0
22,248,6,0
22,249,6,0
22,250,6,0
22,251,6,0
22,252,6,0
22,253,6,0
22,254,6,0
22,255,6,0
22,256,6,0
22,257,6,0
22,258,6,0
22,259,6,0
22,260,6,0
22,261,6,0
22,262,6,0
22,263,6,0
22,264,6,0
22,265,6,0
22,266,6,0
22,267,6,0
22,268,6,0
22,269,6,0
22,270,6,0
22,271,6,0
22,272,6,0
22,273,6,0
22,274,6,0
22,275,6,0
22,276,6,0
22,277,6,0
22,278,6,0
22,279,6,0
22,280,6,0
22,281,6,0
22,282,6,0
22,283,6,0
22,284,6,0
22,285,6,0
22,286,6,0
22,287,6,0
22,288,6,0
22,289,6,0
22,290,6,0
22,291,6,0
22,292,6,0
22,293,6,0
22,294,6,0
22,295,7,0
22,296,7,0
22,297,7,0
22,298,7,0
22,299,7,0
22,300,7,0
22,301,7,0
22,302,7,0
22,303,7,0
22,304,7,0
22,305,7,0
22,306,7,0
22,307,7,0
22,308,7,0
22,309,7,0
22,310,7,0
22,311,7,0
22,312,7,0
22,313,7,0
22,314,7,0
22,315,7,0
22,316,7,0
22,317,7,0
22,318,7,0
22,319,7,0
22,320,7,0
22,321,7,0
22,322,7,0
22,323,7,0
22,324,7,0
22,325,7,0
22,326,7,0
22,327,7,0
22,328,7,0
22,329,7,0
22,330,7,0
22,331,7,0
22,332,7,0
23,1,1,0
23,2,1,0
23,3,1,0
23,4,1,0
23,5,1,0
23,6,1,0
23,7,1,0
23,8,1,0
23,9,1,0
23,10,1,0
23,11,1,0
23,12,1,0
23,13,1,0
23,14,1,1
23,15,1,0
23,16,1,0
23,17,2,0
23,18,2,1
23,19,2,0
23,20,2,0
23,21,2,1
23,22,2,0
23,23,2,0
23,24,2,0
23,25,2,0
23,26,2,0
23,55,4,0
23,56,4,0
23,57,4,0
23,58,4,0
23,59,4,0
23,60,4,0
23,61,4,0
23,62,4,0
23,63,4,0
23,64,4,0
23,65,4,0
23,66,4,0
23,67,4,0
23,68,4,0
23,69,4,0
23,70,4,0
23,71,4,0
23,72,4,0
23,73,4,0
23,74,4,0
23,75,4,0
23,76,5,0
23,77,5,0
23,78,5,0
23,79,5,0
23,80,5,0
23,81,5,0
23,82,5,0
23,83,5,0
23,84,5,0
23,85,5,0
23,86,5,0
23,87,5,0
23,88,5,0
23,89,5,0
23,90,5,0
23,91,5,0
23,92,5,0
23,93,5,0
23,94,5,1
23,95,5,0
23,96,6,0
23,97,6,0
23,98,6,0
23,99,6,0
23,100,6,0
23,101,6,0
23,102,6,0
23,103,6,0
23,104,6,0
23,105,6,0
23,106,6,0
23,107,6,0
23,108,6,0
23,109,6,0
23,110,6,0
23,111,6,0
23,112,6,0
23,113,6,0
23,114,6,0
23,115,7,0
23,116,7,0
23,117,7,0
23,118,7,0
23,119,7,0
23,120,7,0
23,121,7,0
23,122,7,0
23,123,7,0
23,124,7,0
23,125,7,0
23,126,7,0
23,127,7,0
23,128,7,0
23,129,7,0
23,130,7,0
23,131,7,0
23,132,7,0
23,133,7,0
23,134,7,0
23,135,7,0
23,136,7,0
24,1,1,0
24,2,1,0
24,3,1,0
24,4,1,0
24,5,1,0
24,6,1,0
24,7,1,0
24,8,1,0
24,9,1,0
24,10,1,0
24,11,1,0
24,12,1,0
24,13,1,0
24,14,1,0
24,15,1,0
24,16,1,0
24,17,1,0
24,18,1,0
24,19,1,0
24,20,1,0
24,21,1,0
24,22,1,0
24,23,1,0
24,24,1,0
24,25,1,0
24,26,1,0
24,27,1,0
24,28,1,0
24,29,1,0
24,30,1,0
24,31,1,0
24,32,1,0
24,33,1,0
24,34,1,0
24,35,1,0
24,36,1,0
24,37,1,0
24,38,1,0
24,39,1,0
24,40,1,0
24,41,1,0
24,42,1,0
24,43,1,0
24,44,1,0
24,45,1,0
24,46,1,0
24,47,1,0
24,48,1,0
24,49,1,0
24,50,1,0
24,51,1,0
24,52,1,0
24,53,1,0
24,54,1,0
24,55,1,0
24,56,1,0
24,57,1,0
24,58,1,0
24,59,1,0
24,60,1,0
24,61,1,0
24,62,2,0
24,63,2,0
24,64,2,0
24,65,2,0
24,66,2,0
24,67,2,0
24,68,2,0
24,69,2,0
24,70,2,0
24,71,2,0
24,72,2,0
24,73,2,0
24,74,2,0
24,75,2,0
24,76,2,0
24,77,2,0
24,78,2,0
24,79,2,0
24,80,2,0
24,81,2,0
24,82,2,1
24,83,2,0
24,84,2,0
24,85,2,0
24,86,2,0
24,87,2,0
24,88,2,0
24,89,2,1
24,90,2,0
24,91,2,0
24,92,2,1
24,93,2,0
24,94,2,0
24,95,2,0
24,96,2,0
24,97,2,0
24,98,2,0
24,99,2,0
24,100,2,0
24,101,2,0
24,102,2,0
24,103,2,0
24,104,2,0
24,105,2,0
24,106,2,0
24,107,2,0
24,108,2,0
24,109,2,0
24,110,2,0
24,111,2,0
24,112,2,0
24,113,2,0
24,114,2,0
24,115,2,0
24,116,2,0
24,117,2,0
24,154,4,0
24,155,4,0
24,156,4,1
24,157,4,1
24,158,4,1
24,159,4,0
24,160,4,0
24,161,4,0
24,162,4,0
24,163,4,0
24,164,4,0
24,165,4,1
24,166,4,0
24,167,4,1
24,168,4,0
24,169,4,0
24,170,4,0
24,171,4,0
24,172,4,0
24,173,4,0
24,174,4,0
24,175,4,0
24,176,4,0
24,177,4,0
24,178,4,0
24,179,4,0
24,180,4,0
24,181,4,0
24,182,4,0
24,183,4,0
24,184,4,1
24,185,4,0
24,186,4,0
24,187,4,0
24,188,5,0
24,189,5,0
24,190,5,0
24,191,5,0
24,192,5,0
24,193,5,0
24,194,5,0
24,195,5,0
24,196,5,0
24,197,5,0
24,198,5,0
24,199,5,0
24,200,5,0
24,201,5,1
24,202,5,0
24,203,5,0
24,204,5,0
24,205,5,0
24,206,5,0
24,207,5,0
24,208,5,0
24,209,5,0
24,210,5,0
24,211,5,0
24,212,5,0
24,213,5,0
24,214,5,0
24,215,5,0
24,216,5,0
24,217,5,0
24,218,5,0
24,219,5,0
24,220,5,0
24,221,5,1
24,222,5,0
24,223,5,0
24,224,5,0
24,225,5,0
24,226,5,0
24,227,5,0
24,228,6,0
24,229,6,0
24,230,6,0
24,231,6,0
24,232,6,0
24,233,6,0
24,234,6,0
24,235,6,0
24,236,6,1
24,237,6,0
24,238,6,1
24,239,6,0
24,240,6,0
24,241,6,0
24,242,6,0
24,243,6,0
24,244,6,0
24,245,6,0
24,246,6,0
24,247,6,0
24,248,6,0
24,249,6,0
24,250,6,0
24,251,6,0
24,252,6,0
24,253,6,0
24,254,6,0
24,255,6,0
24,256,6,0
24,257,6,0
24,258,6,0
24,259,7,0
24,260,7,0
24,261,7,0
24,262,7,0
24,263,7,0
24,264,7,0
24,265,7,1
24,266,7,1
24,267,7,0
24,268,7,0
24,269,7,0
24,270,7,0
24,271,7,0
24,272,7,0
24,273,7,0
24,274,7,0
24,275,7,0
24,276,7,0
24,277,7,0
24,278,7,0
24,279,7,0
24,280,7,0
24,281,7,0
24,282,7,0
24,283,7,0
24,284,7,0
24,285,7,0
24,286,7,0
24,287,7,0
24,288,7,0
25,1,1,0
25,2,1,0
25,3,1,0
25,4,1,0
25,5,1,0
25,6,1,0
25,7,1,0
25,8,1,0
25,9,1,0
25,10,1,0
25,11,1,0
25,12,1,0
25,13,1,0
25,14,1,1
25,15,1,0
25,16,1,1
25,17,1,0
25,18,1,0
25,19,2,0
25,20,2,0
25,21,2,0
25,22,2,0
25,23,2,0
25,24,2,0
25,25,2,0
25,26,2,1
25,27,2,0
25,28,2,0
25,29,2,0
25,30,2,0
25,31,2,0
25,32,2,0
25,45,4,1
25,46,4,0
25,47,4,0
25,48,4,0
25,49,4,1
25,50,4,1
25,51,4,0
25,52,4,0
25,53,4,1
25,54,4,0
25,55,4,1
25,56,4,1
25,57,4,0
25,58,4,0
25,59,4,0
25,60,4,0
25,61,5,0
25,62,5,0
25,63,5,0
25,64,5,0
25,65,5,0
25,66,5,0
25,67,5,0
25,68,5,0
25,69,5,0
25,70,5,1
25,71,5,0
25,72,5,0
25,73,5,0
25,74,5,0
25,75,5,0
25,76,5,0
25,77,5,0
25,78,5,0
25,79,6,0
25,80,6,0
25,81,6,0
25,82,6,0
25,83,6,0
25,84,6,0
25,85,6,0
25,86,6,0
25,87,6,0
25,88,6,0
25,89,6,0
25,90,6,0
25,91,6,0
25,92,6,0
25,93,6,0
25,94,6,0
25,95,6,1
25,96,6,0
25,97,7,0
25,98,7,0
25,99,7,0
25,100,7,0
25,101,7,0
25,102,7,0
25,103,7,0
25,104,7,0
25,105,7,0
25,106,7,0
25,107,7,0
25,108,7,0
25,109,7,0
25,110,7,0
25,111,7,0
25,112,7,0
25,113,7,0
25,114,7,0
25,115,7,0
25,116,7,1
25,117,7,0
25,118,7,0
26,1,1,0
26,2,1,0
26,3,1,0
26,5,1,0
26,6,1,0
26,7,1,0
26,8,1,0
26,9,1,0
26,10,1,0
26,11,1,0
26,12,1,0
26,13,1,0
26,14,1,0
26,15,1,0
26,17,1,0
26,18,1,0
26,19,1,0
26,20,1,0
26,21,1,0
26,22,1,0
26,23,1,0
26,24,1,0
26,25,1,0
26,26,1,0
26,27,1,0
26,28,2,1
26,29,2,1
26,30,2,0
26,31,2,0
26,32,2,1
26,33,2,1
26,34,2,0
26,35,2,0
26,36,2,0
26,37,2,1
26,38,2,1
26,39,2,0
26,40,2,0
26,42,2,0
26,43,2,0
26,44,2,1
26,53,4,0
26,54,4,0
26,55,4,0
26,56,4,0
26,57,4,0
26,58,4,0
26,59,4,0
26,60,4,0
26,61,4,0
26,63,4,0
26,64,4,0
26,65,4,0
26,66,4,0
26,67,5,0
26,68,5,1
26,69,5,0
26,70,5,0
26,71,5,0
26,72,5,0
26,73,5,0
26,74,5,0
26,75,5,1
26,76,5,0
26,77,5,0
26,78,5,0
26,79,6,0
26,80,6,0
26,81,6,0
26,82,6,0
26,83,6,0
26,84,6,0
26,85,6,0
26,86,6,0
26,87,6,0
26,88,6,0
26,89,6,0
26,90,6,0
26,91,6,1
26,92,6,0
26,93,6,0
26,94,6,0
26,95,6,1
26,96,6,0
26,97,6,0
26,98,7,0
26,99,7,0
27,1,1,0
27,2,1,1
27,3,1,1
27,4,1,0
27,5,1,0
27,6,1,0
27,7,1,0
27,8,1,0
27,9,1,0
27,10,1,1
27,11,1,0
27,12,1,1
27,13,1,0
27,14,1,0
27,15,1,0
27,16,1,0
27,17,1,1
27,18,1,0
27,19,1,0
27,20,1,0
27,21,1,1
27,22,1,0
27,23,1,0
27,24,1,1
27,25,1,0
27,26,1,0
27,27,1,0
27,28,1,0
27,29,1,0
27,30,1,1
27,31,2,0
27,32,2,0
27,33,2,0
27,34,2,0
27,35,2,0
27,36,2,1
27,37,2,0
27,38,2,1
27,39,2,0
27,40,2,0
27,41,2,0
27,42,2,0
27,43,2,0
27,44,2,0
27,45,2,0
27,46,2,0
27,47,2,0
27,48,2,0
27,49,2,0
27,50,2,0
27,51,2,1
27,52,2,0
27,53,2,0
27,54,2,0
27,55,2,0
27,56,2,1
27,57,2,0
27,58,2,0
27,59,2,0
27,60,2,0
27,61,2,0
27,62,2,1
27,63,2,1
27,100,4,0
27,101,4,0
27,102,4,1
27,103,4,0
27,104,4,0
27,105,4,0
27,106,4,0
27,107,4,0
27,108,4,0
27,109,4,1
27,110,4,0
27,111,4,0
27,112,4,0
27,113,4,0
27,114,4,0
27,115,4,0
27,116,4,0
27,117,4,1
27,118,4,0
27,119,4,1
27,120,4,0
27,121,4,1
27,122,4,0
27,123,4,0
27,124,4,0
27,125,4,0
27,126,4,0
27,127,4,1
27,128,4,0
27,129,4,0
27,130,4,0
27,131,5,0
27,132,5,0
27,133,5,0
27,134,5,0
27,135,5,1
27,136,5,0
27,137,5,0
27,138,5,0
27,139,5,0
27,140,5,0
27,141,5,0
27,142,5,0
27,143,5,0
27,144,5,0
27,145,5,1
27,146,5,0
27,147,5,0
27,148,5,0
27,149,5,1
27,150,5,0
27,151,5,1
27,152,5,1
27,153,5,0
27,154,5,0
27,155,5,0
27,156,5,0
27,157,5,0
27,158,5,0
27,159,5,1
27,160,5,0
27,161,5,0
27,162,5,0
27,163,5,0
27,164,5,1
27,165,6,0
27,166,6,0
27,167,6,0
27,168,6,0
27,169,6,0
27,170,6,1
27,171,6,1
27,172,6,1
27,173,6,0
27,174,6,0
27,175,6,0
27,176,6,1
27,177,6,0
27,178,6,0
27,179,6,1
27,180,6,0
27,181,6,1
27,182,6,1
27,183,6,0
27,184,6,0
27,185,6,1
27,186,6,1
27,187,6,1
27,188,7,0
27,189,7,0
27,190,7,0
27,191,7,0
27,192,7,1
27,193,7,0
27,194,7,1
27,195,7,0
27,196,7,0
27,197,7,0
27,198,7,0
27,199,7,0
27,200,7,0
27,201,7,1
27,202,7,0
27,203,7,1
27,204,7,0
27,205,7,0
27,206,7,0
27,207,7,0
27,208,7,0
27,209,7,0
27,210,7,1
27,211,7,0
27,212,7,1
27,213,7,0
27,214,7,0
28,1,1,0
28,2,1,0
28,3,1,0
28,4,1,0
28,5,1,0
28,6,1,0
28,7,1,0
28,8,1,0
28,9,1,0
28,10,1,0
28,11,1,0
28,12,1,0
28,13,1,0
28,14,1,0
28,15,1,0
28,16,1,0
28,17,1,0
28,18,1,0
28,19,1,0
28,20,1,0
28,21,2,0
28,22,2,0
28,23,2,0
28,24,2,0
28,25,2,0
28,26,2,0
28,27,2,0
28,28,2,0
28,29,2,0
28,30,2,0
28,31,2,0
28,32,2,0
28,33,2,0
28,34,2,0
28,35,2,0
28,36,2,0
28,37,2,0
28,38,2,0
28,39,2,0
28,40,2,0
28,41,2,0
28,42,2,0
28,43,2,0
28,44,2,0
28,77,4,0
28,78,4,0
28,79,4,0
28,80,4,0
28,81,4,0
28,82,4,0
28,83,4,0
28,84,4,0
28,85,4,0
28,86,4,0
28,87,4,0
28,88,4,0
28,89,4,0
28,90,4,0
28,91,4,0
28,92,4,0
28,93,4,0
28,94,4,0
28,95,4,0
28,96,4,0
28,97,4,0
28,98,4,0
28,99,4,0
28,100,4,0
28,101,5,0
28,102,5,0
28,103,5,0
28,104,5,0
28,105,5,0
28,106,5,0
28,107,5,0
28,108,5,0
28,109,5,0
28,110,5,0
28,111,5,0
28,112,5,0
28,113,5,0
28,114,5,0
28,115,5,0
28,116,5,0
28,117,5,0
28,118,5,0
28,119,5,0
28,120,5,0
28,121,5,0
28,122,5,0
28,123,5,0
28,124,5,0
28,125,5,0
28,126,5,0
28,127,5,0
28,128,5,0
28,129,5,0
28,130,5,0
28,131,5,0
28,132,5,0
28,133,5,0
28,134,5,0
28,135,6,0
28,136,6,0
28,137,6,0
28,138,6,0
28,139,6,0
28,140,6,0
28,141,6,0
28,142,6,0
28,143,6,0
28,144,6,0
28,145,6,0
28,146,6,0
28,147,6,0
28,148,6,0
28,149,6,0
28,150,6,0
28,151,6,0
28,152,6,0
28,153,6,0
28,154,6,0
28,155,6,0
28,156,6,0
28,157,6,0
28,158,6,0
28,159,6,0
28,160,6,0
28,161,6,0
28,162,6,0
28,163,6,0
28,164,6,0
28,165,6,0
28,166,6,0
28,167,6,0
28,168,6,0
28,169,6,0
28,170,6,0
28,171,6,0
28,172,6,0
28,173,6,0
28,174,6,0
28,175,6,0
28,176,6,0
28,177,6,0
28,178,6,0
28,179,6,0
28,180,6,0
28,181,6,0
28,182,7,0
28,183,7,0
28,184,7,0
28,185,7,0
28,186,7,0
28,187,7,0
28,188,7,0
28,189,7,0
28,190,7,0
28,191,7,0
28,192,7,0
28,193,7,0
28,194,7,0
28,195,7,0
28,196,7,0
28,197,7,0
28,198,7,0
28,199,7,0
28,200,7,0
28,201,7,0
28,202,7,0
28,203,7,0
29,1,1,0
29,2,1,0
29,3,1,0
29,4,1,0
29,5,1,0
29,6,1,0
29,7,1,0
29,8,1,0
29,9,1,0
29,10,1,0
29,11,1,0
29,12,1,0
29,13,1,0
29,14,1,0
29,15,1,0
29,16,1,0
29,17,1,0
29,18,1,0
29,19,1,0
29,20,1,0
29,21,1,0
29,22,1,0
29,23,1,0
29,24,1,0
29,25,1,0
29,26,1,0
29,27,1,0
29,28,1,0
29,29,1,0
29,30,1,0
29,31,1,0
29,32,1,0
29,33,1,0
29,34,1,0
29,35,1,0
29,36,1,0
29,37,1,0
29,38,1,0
29,39,1,0
29,40,1,0
29,41,1,0
29,42,1,0
29,43,1,0
29,44,1,0
29,45,1,0
29,46,1,0
29,47,1,0
29,48,1,0
29,49,1,0
29,50,1,0
29,51,1,0
29,52,2,0
29,53,2,0
29,54,2,0
29,55,2,0
29,56,2,0
29,57,2,0
29,58,2,0
29,59,2,0
29,60,2,0
29,61,2,1
29,62,2,0
29,63,2,1
29,64,2,0
29,65,2,0
29,66,2,0
29,67,2,0
29,68,2,0
29,69,2,0
29,70,2,0
29,71,2,1
29,72,2,0
29,73,2,0
29,74,2,0
29,75,2,0
29,76,2,0
29,77,2,0
29,78,2,0
29,79,2,0
29,80,2,0
29,81,2,0
29,82,2,0
29,83,2,1
29,84,2,0
29,85,2,1
29,86,2,0
29,87,2,0
29,88,2,0
29,89,2,0
29,90,2,0
29,91,2,0
29,92,2,0
29,93,2,0
29,94,2,0
29,95,2,0
29,96,2,0
29,97,2,0
29,98,2,0
29,99,2,0
29,100,2,0
29,101,2,0
29,102,2,0
29,103,2,0
29,104,2,0
29,105,2,0
29,106,2,0
29,107,2,0
29,108,2,0
29,109,2,0
29,110,2,0
29,144,4,0
29,145,4,0
29,146,4,0
29,147,4,0
29,148,4,0
29,149,4,0
29,150,4,0
29,151,4,0
29,152,4,0
29,153,4,0
29,154,4,0
29,155,4,0
29,156,4,0
29,157,4,0
29,158,4,0
29,159,4,0
29,160,4,0
29,161,4,0
29,162,4,0
29,163,4,0
29,164,4,0
29,165,4,0
29,166,4,0
29,167,4,0
29,168,4,1
29,169,4,0
29,170,4,0
29,171,4,0
29,172,4,0
29,173,4,0
29,174,4,0
29,175,4,0
29,176,4,0
29,177,4,0
29,178,4,0
29,179,4,0
29,180,4,0
29,181,4,0
29,182,4,0
29,183,4,0
29,184,4,0
29,185,5,0
29,186,5,0
29,187,5,0
29,188,5,0
29,189,5,0
29,190,5,0
29,191,5,0
29,192,5,0
29,193,5,0
29,194,5,0
29,195,5,0
29,196,5,0
29,197,5,0
29,198,5,0
29,199,5,0
29,200,5,0
29,201,5,0
29,202,5,0
29,203,5,0
29,204,5,0
29,205,5,0
29,206,5,0
29,207,5,0
29,208,5,0
29,209,5,0
29,210,5,0
29,211,5,0
29,212,5,1
29,213,5,1
29,214,5,0
29,215,5,0
29,216,5,0
29,217,5,0
29,218,5,0
29,219,5,0
29,220,5,0
29,221,5,0
29,222,5,0
29,223,5,0
29,224,5,0
29,225,5,0
29,226,5,0
29,227,5,0
29,228,5,0
29,229,5,0
29,230,5,0
29,231,5,0
29,232,5,0
29,233,5,0
29,234,5,0
29,235,5,0
29,236,5,0
29,237,6,0
29,238,6,0
29,239,6,0
29,240,6,0
29,241,6,0
29,242,6,0
29,243,6,0
29,244,6,0
29,245,6,0
29,246,6,0
29,247,6,0
29,248,6,0
29,249,6,0
29,250,6,0
29,251,6,0
29,252,6,0
29,253,6,0
29,254,6,0
29,255,6,0
29,256,6,0
29,257,6,0
29,258,6,0
29,259,6,0
29,260,6,0
29,261,6,0
29,262,6,0
29,263,6,0
29,264,6,0
29,265,6,0
29,281,6,0
29,282,6,0
29,283,6,0
29,284,6,0
29,285,6,0
29,286,6,0
29,287,6,0
29,288,6,0
29,289,6,0
29,290,6,0
29,291,6,0
29,292,6,0
29,293,6,0
29,294,6,0
29,295,6,0
29,296,6,0
29,297,6,0
29,298,6,0
29,299,6,0
29,300,6,0
29,301,6,0
29,302,6,0
29,303,6,0
29,304,6,0
29,305,6,0
29,306,6,0
29,307,6,0
29,308,6,0
29,309,7,0
29,310,7,0
29,311,7,0
29,312,7,0
29,313,7,0
29,314,7,0
29,315,7,0
29,316,7,0
29,317,7,0
29,318,7,0
29,319,7,0
29,320,7,0
29,321,7,0
29,322,7,0
29,323,7,0
29,324,7,0
29,325,7,0
29,326,7,0
29,327,7,0
29,328,7,0
29,329,7,0
29,330,7,0
29,331,7,0
29,332,7,0
29,333,7,0
29,334,7,0
29,335,7,0
29,336,7,0
29,337,7,0
29,338,7,0
29,339,7,0
29,340,7,0
29,341,7,0
29,342,7,0
29,343,7,0
29,344,7,0
29,345,7,0
29,346,7,0
29,347,7,0
29,348,7,0
29,349,7,0
29,350,7,0
29,351,7,0
29,352,7,0
29,353,7,0
29,354,7,0
29,355,7,0
29,356,7,0
29,357,7,0
29,358,7,0
29,359,7,0
29,360,7,0
29,361,7,0
29,362,7,0
29,363,7,0
29,364,7,0
29,365,7,0
29,366,7,0
30,1,1,0
30,2,1,0
30,3,1,0
30,4,1,0
30,5,1,0
30,6,1,0
30,7,1,0
30,8,1,0
30,9,1,0
30,10,1,0
30,11,1,0
30,12,1,0
30,13,1,0
30,14,1,0
30,15,1,0
30,16,1,0
30,17,1,0
30,18,1,0
30,19,1,0
30,20,1,0
30,21,1,0
30,22,1,0
30,23,1,0
30,24,1,0
30,25,1,0
30,26,1,0
30,27,1,0
30,28,1,0
30,29,1,0
30,30,1,0
30,31,1,0
30,32,1,0
30,33,1,0
30,34,1,0
30,35,1,0
30,36,1,0
30,37,1,0
30,38,1,0
30,39,1,0
30,40,1,0
30,41,1,0
30,42,1,0
30,43,2,0
30,44,2,0
30,45,2,0
30,46,2,0
30,47,2,0
30,48,2,0
30,49,2,0
30,50,2,0
30,51,2,0
30,52,2,0
30,53,2,0
30,54,2,0
30,55,2,0
30,56,2,0
30,57,2,0
30,58,2,0
30,59,2,0
30,60,2,0
30,61,2,0
30,62,2,0
30,63,2,0
30,64,2,0
30,65,2,0
30,66,2,0
30,67,2,0
30,68,2,0
30,69,2,0
30,70,2,0
30,71,2,0
30,72,2,0
30,73,2,0
30,74,2,0
30,75,2,0
30,76,2,0
30,77,2,0
30,78,2,0
30,79,2,0
30,80,2,0
30,81,2,0
30,107,4,0
30,108,4,0
30,109,4,0
30,110,4,0
30,111,4,0
30,112,4,0
30,113,4,0
30,114,4,0
30,115,4,0
30,116,4,0
30,117,4,0
30,118,4,0
30,119,4,1
30,120,4,0
30,121,4,0
30,122,5,0
30,123,5,0
30,124,5,0
30,125,5,0
30,126,5,0
30,127,5,0
30,128,5,0
30,129,5,0
30,130,5,0
30,131,5,0
30,132,5,0
30,133,5,0
30,134,5,0
30,135,5,0
30,136,5,0
30,137,5,0
30,138,5,0
30,139,5,0
30,140,5,0
30,141,5,0
30,142,5,1
30,143,5,0
30,144,5,0
30,145,5,0
30,146,5,0
30,147,5,0
30,148,5,0
30,149,5,0
30,150,5,0
30,151,5,0
30,152,5,0
30,153,5,0
30,154,5,0
30,155,5,0
30,156,6,0
30,157,6,0
30,158,6,0
30,159,6,0
30,160,6,0
30,161,6,0
30,162,6,0
30,163,6,0
30,164,6,0
30,165,6,0
30,166,6,0
30,167,6,0
30,168,6,0
30,169,6,0
30,170,6,0
30,171,6,0
30,172,6,0
30,173,6,0
30,174,6,0
30,175,6,0
30,176,6,0
30,177,6,1
30,178,6,0
30,179,6,0
30,180,6,0
30,181,6,0
30,182,6,0
30,183,6,0
30,184,6,0
30,185,6,0
30,186,6,0
30,187,6,0
30,188,6,1
30,189,6,0
30,190,6,0
30,191,6,0
30,192,7,0
30,193,7,0
30,194,7,0
30,195,7,0
30,196,7,0
30,197,7,0
30,198,7,0
30,199,7,0
30,200,7,0
30,201,7,0
30,202,7,0
30,203,7,0
30,204,7,0
30,205,7,0
30,206,7,0
30,207,7,0
30,208,7,0
30,209,7,0
30,210,7,0
30,211,7,0
30,212,7,0
30,213,7,0
30,214,7,0
30,215,7,0
30,216,7,0
30,217,7,0
30,218,7,0
30,219,7,0
30,220,7,0
30,221,7,0
30,222,7,0
30,223,7,0
30,224,7,0
30,225,7,0
31,1,1,0
31,2,1,0
31,3,1,0
31,4,1,0
31,5,1,0
31,6,1,0
31,7,1,0
31,8,1,0
31,9,1,0
31,10,1,0
31,11,1,0
31,12,1,0
31,13,1,0
31,14,1,0
31,15,1,0
31,16,1,0
31,17,1,0
31,18,1,0
31,19,1,0
31,20,1,0
31,21,1,0
31,22,1,0
31,23,1,0
31,24,1,0
31,25,1,0
31,26,1,0
31,27,1,0
31,28,1,0
31,29,1,0
31,30,1,0
31,31,1,0
31,32,1,0
31,33,1,0
31,34,1,0
31,35,1,0
31,36,1,0
31,37,1,0
31,38,1,0
31,39,1,0
31,40,1,0
31,41,1,0
31,42,1,0
31,43,1,0
31,44,1,0
31,45,1,0
31,46,1,0
31,47,1,0
31,48,1,0
31,49,1,0
31,50,1,0
31,51,1,0
31,52,1,0
31,53,1,0
31,54,1,0
31,55,1,0
31,56,1,0
31,57,1,0
31,58,1,1
31,59,1,1
31,60,1,0
31,61,1,0
31,62,1,0
31,63,1,0
31,64,1,0
31,65,1,0
31,66,1,0
31,67,1,0
31,68,1,0
31,69,1,0
31,114,4,0
31,115,4,0
31,116,4,0
31,117,4,0
31,118,4,0
31,119,4,0
31,120,4,0
31,121,4,0
31,122,4,0
31,123,4,0
31,124,4,0
31,125,4,0
31,126,4,0
31,127,4,0
31,128,4,0
31,129,4,0
31,130,4,0
31,131,4,0
31,132,4,0
31,133,4,0
31,134,4,0
31,135,4,0
31,136,4,0
31,137,4,0
31,138,4,0
31,139,4,0
31,140,4,0
31,141,4,0
31,142,4,0
31,143,4,1
31,144,4,0
31,145,4,0
31,146,4,0
31,147,4,0
31,148,4,0
31,149,4,0
31,150,4,0
31,151,4,0
31,152,4,0
31,153,4,0
31,154,4,0
31,155,4,0
31,156,4,0
31,157,4,0
31,158,4,0
31,159,5,0
31,160,5,0
31,161,5,0
31,162,5,0
31,163,5,0
31,164,5,0
31,165,5,0
31,166,5,0
31,167,5,0
31,168,5,0
31,169,5,0
31,170,5,0
31,171,5,0
31,172,5,0
31,173,5,0
31,174,5,0
31,175,5,0
31,176,5,0
31,177,5,0
31,178,5,0
31,179,5,0
31,180,5,0
31,181,5,0
31,182,5,0
31,183,5,0
31,184,5,0
31,185,5,0
31,186,5,0
31,187,5,0
31,188,5,0
31,189,5,0
31,190,5,0
31,191,5,0
31,192,5,0
31,193,5,0
31,194,5,0
31,195,5,0
31,196,5,0
31,197,5,0
31,198,6,0
31,199,6,0
31,200,6,0
31,201,6,0
31,202,6,0
31,203,6,0
31,204,6,0
31,205,6,0
31,206,6,0
31,207,6,0
31,208,6,0
31,209,6,0
31,210,6,0
31,211,6,0
31,212,6,0
31,213,6,0
31,214,6,0
31,215,6,0
31,216,6,0
31,217,6,0
31,218,6,0
31,219,6,0
31,220,6,0
31,221,6,0
31,222,6,0
31,223,6,0
31,224,6,0
31,225,6,0
31,226,6,0
31,227,6,0
31,228,6,0
31,229,6,0
31,230,6,0
31,231,6,0
31,232,6,0
31,233,6,0
31,234,6,0
31,235,6,0
31,236,6,0
31,237,6,0
31,238,6,0
31,239,6,0
31,240,6,0
31,241,6,0
31,242,6,0
31,243,7,0
31,244,7,0
31,245,7,0
31,246,7,0
31,247,7,0
31,248,7,0
31,249,7,0
31,250,7,0
31,251,7,0
31,252,7,0
31,253,7,0
31,254,7,0
31,255,7,0
31,256,7,0
31,257,7,0
31,258,7,0
31,259,7,0
31,260,7,0
31,261,7,0
31,262,7,0
31,263,7,0
31,264,7,0
31,265,7,0
31,266,7,0
31,267,7,0
31,268,7,0
31,269,7,0
31,270,7,0
31,271,7,0
31,272,7,0
31,273,7,0
31,274,7,0
31,275,7,0
31,276,7,0
31,277,7,0
31,278,7,0
31,279,7,0
31,280,7,0
31,281,7,0
31,282,7,0
31,283,7,0
31,284,7,0
31,285,7,0
31,286,7,0
31,287,7,0
31,288,7,0
31,289,7,0
31,290,7,0
31,291,7,0
31,292,7,0
31,293,7,0
31,294,7,0
31,295,7,0
31,296,7,0
31,297,7,0
31,298,7,0
31,299,7,0
31,300,7,0
31,301,7,0
31,302,7,0
31,303,7,0
31,304,7,0
31,305,7,0
31,306,7,0
31,307,7,0
31,308,7,0
31,309,7,0
31,310,7,0
31,311,7,0
31,312,7,0
31,313,7,0
31,314,7,0
31,315,7,0
32,1,1,0
32,2,1,0
32,3,1,0
32,4,1,0
32,5,1,0
32,6,1,0
32,7,1,0
32,8,1,0
32,9,1,0
32,10,1,0
32,11,1,0
32,12,1,0
32,13,1,0
32,14,1,0
32,15,1,0
32,16,1,0
32,17,1,0
32,18,1,0
32,19,1,0
32,20,1,0
32,21,1,0
32,22,1,0
32,23,1,0
32,24,1,0
32,25,1,0
32,26,1,0
32,27,1,0
32,28,1,0
32,29,1,0
32,30,1,0
32,31,1,0
32,32,1,0
32,33,1,0
32,34,1,0
32,35,2,0
32,36,2,0
32,37,2,1
32,38,2,0
32,39,2,0
32,40,2,0
32,41,2,0
32,42,2,0
32,43,2,1
32,44,2,1
32,45,2,0
32,46,2,0
32,47,2,0
32,48,2,0
32,49,2,0
32,50,2,0
32,51,2,0
32,52,2,0
32,53,2,0
32,54,2,0
32,55,2,0
32,56,2,0
32,57,2,0
32,58,2,0
32,59,2,0
32,60,2,0
32,61,2,0
32,62,2,0
32,63,2,0
32,64,2,0
32,65,2,0
32,66,2,0
32,67,2,0
32,68,2,1
32,69,2,0
32,70,2,0
32,71,2,0
32,72,2,0
32,73,2,0
32,74,2,0
32,75,2,0
32,76,2,0
32,124,4,0
32,125,4,0
32,126,4,0
32,127,4,1
32,128,4,1
32,129,4,0
32,130,4,0
32,131,4,0
32,132,4,0
32,133,4,0
32,134,4,0
32,135,4,0
32,136,4,0
32,137,4,0
32,138,4,0
32,139,4,0
32,140,4,0
32,141,4,0
32,142,4,0
32,143,4,0
32,144,4,0
32,145,4,0
32,146,4,0
32,147,4,0
32,148,4,0
32,149,4,0
32,150,4,0
32,151,4,0
32,152,4,0
32,153,4,0
32,154,4,0
32,155,4,0
32,156,4,0
32,157,4,0
32,158,4,0
32,159,4,0
32,160,4,0
32,161,4,0
32,162,4,1
32,163,4,1
32,164,4,0
32,165,4,0
32,166,4,0
32,167,4,0
32,168,4,0
32,169,4,0
32,170,4,0
32,171,4,0
32,172,5,0
32,173,5,0
32,174,5,0
32,175,5,0
32,176,5,0
32,177,5,1
32,178,5,1
32,179,5,0
32,180,5,0
32,181,5,0
32,182,5,0
32,183,5,0
32,184,5,0
32,185,5,0
32,186,5,0
32,187,5,0
32,188,5,0
32,189,5,0
32,190,5,0
32,191,5,0
32,192,5,0
32,193,5,0
32,194,5,0
32,195,5,0
32,196,5,0
32,197,5,0
32,198,5,0
32,199,5,0
32,200,5,0
32,201,5,0
32,202,5,0
32,203,5,0
32,204,5,0
32,205,5,0
32,206,6,0
32,207,6,0
32,208,6,0
32,209,6,0
32,210,6,0
32,211,6,0
32,212,6,0
32,213,6,0
32,214,6,0
32,215,6,0
32,216,6,0
32,217,6,0
32,218,6,0
32,219,6,0
32,220,6,0
32,221,6,0
32,222,6,0
32,223,6,0
32,224,6,0
32,225,6,0
32,226,6,0
32,227,6,0
32,228,6,0
32,229,6,0
32,230,6,0
32,231,6,0
32,232,6,0
32,233,6,0
32,234,6,0
32,235,6,0
32,236,6,0
32,237,6,0
32,238,6,0
32,239,6,0
32,240,6,0
32,241,6,0
32,242,6,0
32,243,6,0
32,244,6,0
32,245,6,0
32,246,6,0
32,247,6,0
32,248,6,0
32,249,6,0
32,250,6,0
32,251,6,0
32,252,6,0
32,253,6,0
32,254,6,0
32,255,6,0
32,256,6,0
32,257,6,0
32,258,7,0
32,259,7,0
32,260,7,0
32,261,7,0
32,262,7,0
32,263,7,0
32,264,7,0
32,265,7,0
32,266,7,0
32,267,7,0
32,268,7,0
32,269,7,0
32,270,7,0
32,271,7,0
32,272,7,0
32,273,7,1
32,274,7,0
32,275,7,0
32,276,7,0
32,277,7,0
32,278,7,0
32,279,7,0
32,280,7,0
32,281,7,0
32,282,7,0
32,283,7,0
32,284,7,0
32,285,7,0
32,286,7,0
32,287,7,0
32,288,7,0
32,289,7,0
32,290,7,0
32,291,7,0
32,292,7,0
32,293,7,0
32,294,7,0
32,295,7,0
32,296,7,0
32,297,7,0
32,298,7,0
32,299,7,0
32,300,7,0
32,301,7,0
32,302,7,0
32,303,7,0
32,304,7,0
32,305,7,0
32,306,7,0
32,307,7,0
32,308,7,0
32,309,7,0
32,310,7,0
33,1,1,0
33,2,1,0
33,3,1,0
33,4,1,0
33,5,1,0
33,6,1,0
33,7,1,0
33,8,1,0
33,9,1,0
33,10,1,0
33,11,1,0
33,12,1,0
33,13,1,1
33,14,1,0
33,15,1,0
33,16,1,0
33,17,1,0
33,18,1,0
33,19,1,0
33,20,1,0
33,21,1,0
33,22,1,0
33,23,1,0
33,24,1,0
33,25,1,0
33,26,1,0
33,27,1,0
33,28,1,0
33,29,1,0
33,30,1,0
33,31,1,0
33,32,1,0
33,33,1,0
33,34,1,0
33,35,1,0
33,36,1,0
33,37,1,0
33,38,1,0
33,39,1,1
33,40,1,1
33,41,1,0
33,42,1,0
33,43,1,0
33,44,1,0
33,45,1,0
33,46,1,0
33,47,1,0
33,48,1,0
33,49,2,0
33,50,2,0
33,51,2,0
33,52,2,0
33,53,2,0
33,54,2,0
33,55,2,1
33,56,2,0
33,57,2,0
33,58,2,0
33,59,2,0
33,60,2,0
33,61,2,0
33,62,2,0
33,63,2,0
33,64,2,0
33,65,2,0
33,66,2,0
33,67,2,0
33,68,2,0
33,69,2,0
33,70,2,0
33,71,2,0
33,72,2,0
33,73,2,0
33,74,2,0
33,75,2,0
33,76,2,0
33,77,2,0
33,78,2,0
33,79,2,0
33,80,2,0
33,81,2,0
33,82,2,0
33,83,2,0
33,133,4,0
33,134,4,0
33,135,4,0
33,136,4,0
33,137,4,0
33,138,4,0
33,139,4,0
33,140,4,0
33,141,4,0
33,142,4,0
33,143,4,0
33,144,4,0
33,145,4,0
33,146,4,0
33,147,4,0
33,148,4,0
33,149,4,0
33,150,4,0
33,151,4,0
33,152,4,0
33,153,4,0
33,154,4,0
33,155,4,0
33,156,4,0
33,157,4,0
33,158,4,0
33,159,4,0
33,160,4,0
33,161,4,0
33,162,4,0
33,163,4,0
33,164,4,0
33,165,4,0
33,166,4,0
33,167,4,0
33,168,4,0
33,169,4,0
33,170,4,0
33,171,4,0
33,172,4,0
33,173,4,0
33,174,4,0
33,175,4,0
33,176,5,0
33,177,5,0
33,178,5,0
33,179,5,0
33,180,5,0
33,181,5,0
33,182,5,0
33,183,5,0
33,184,5,0
33,185,5,0
33,186,5,0
33,187,5,0
33,188,5,0
33,189,5,0
33,190,5,0
33,191,5,0
33,192,5,0
33,193,5,0
33,194,5,0
33,195,5,0
33,196,5,0
33,197,5,0
33,198,5,0
33,199,5,1
33,200,5,0
33,201,5,0
33,202,5,0
33,203,5,0
33,204,5,0
33,205,5,0
33,206,5,0
33,207,6,0
33,208,6,0
33,209,6,0
33,210,6,0
33,211,6,0
33,212,6,0
33,213,6,0
33,214,6,0
33,215,6,0
33,216,6,0
33,217,6,0
33,218,6,0
33,219,6,0
33,220,6,0
33,221,6,0
33,222,6,0
33,223,6,0
33,224,6,0
33,225,6,0
33,226,6,0
33,227,6,0
33,228,6,0
33,229,6,0
33,230,6,0
33,231,6,0
33,232,6,0
33,233,6,0
33,234,6,0
33,235,6,0
33,236,6,0
33,237,6,0
33,238,6,0
33,239,6,0
33,240,6,0
33,241,6,0
33,242,6,0
33,243,6,0
33,244,6,0
33,245,6,0
33,246,7,0
33,247,7,0
33,248,7,0
33,249,7,0
33,250,7,0
33,251,7,0
33,252,7,0
33,253,7,0
33,254,7,0
33,255,7,0
33,256,7,0
33,257,7,0
33,258,7,0
33,259,7,0
33,260,7,0
33,261,7,0
33,262,7,0
33,263,7,0
33,264,7,0
33,265,7,0
33,266,7,0
33,267,7,0
33,268,7,0
33,269,7,0
33,270,7,0
33,271,7,0
33,272,7,0
33,273,7,0
33,274,7,0
33,275,7,0
33,276,7,0
33,277,7,0
33,278,7,0
33,279,7,0
33,280,7,0
33,281,7,1
33,282,7,0
33,283,7,0
33,284,7,0
33,285,7,0
34,1,1,0
34,2,1,0
34,3,1,0
34,4,1,0
34,5,1,0
34,6,1,0
34,7,1,0
34,8,1,1
34,9,1,1
34,10,1,0
34,11,1,1
34,12,1,0
34,13,1,0
34,14,1,0
34,15,1,0
34,16,1,1
34,17,1,0
34,18,1,0
34,19,1,0
34,20,1,0
34,21,1,0
34,22,1,0
34,23,1,0
34,24,1,1
34,25,1,0
34,26,1,1
34,27,1,1
34,28,1,1
34,29,1,0
34,30,2,1
34,31,2,0
34,32,2,0
34,33,2,0
34,34,2,0
34,35,2,1
34,36,2,0
34,37,2,0
34,38,2,0
34,39,2,0
34,40,2,0
34,41,2,0
34,42,2,0
34,43,2,1
34,44,2,0
34,45,2,0
34,46,2,0
34,47,2,0
34,48,2,0
34,49,2,0
34,50,2,0
34,51,2,1
34,52,2,0
34,53,2,0
34,54,2,0
34,55,2,0
34,56,2,0
34,57,2,0
34,58,2,0
34,59,2,1
34,60,2,1
34,94,4,0
34,95,4,0
34,96,4,0
34,97,4,0
34,98,4,1
34,99,4,0
34,100,4,0
34,101,4,1
34,102,4,1
34,103,4,0
34,104,4,0
34,105,4,0
34,106,4,0
34,107,4,1
34,108,4,0
34,109,4,0
34,110,4,0
34,111,4,0
34,112,4,1
34,113,4,1
34,114,4,0
34,115,4,0
34,116,4,0
34,117,4,0
34,118,4,0
34,119,5,1
34,120,5,0
34,121,5,1
34,122,5,0
34,123,5,0
34,124,5,0
34,125,5,0
34,126,5,0
34,127,5,0
34,128,5,0
34,129,5,0
34,130,5,0
34,131,5,0
34,132,5,0
34,133,5,0
34,134,5,0
34,135,5,0
34,136,5,1
34,137,5,0
34,138,5,1
34,139,5,0
34,140,5,0
34,141,5,0
34,142,5,1
34,143,6,0
34,144,6,0
34,145,6,0
34,146,6,0
34,147,6,0
34,148,6,0
34,149,6,0
34,150,6,0
34,151,6,0
34,152,6,0
34,153,6,0
34,154,6,0
34,155,6,0
34,156,6,0
34,157,6,0
34,158,6,0
34,159,6,1
34,160,6,1
34,161,6,0
34,162,6,0
34,163,6,0
34,164,7,0
34,165,7,0
34,166,7,1
34,167,7,0
34,168,7,0
34,169,7,0
34,170,7,0
34,171,7,0
34,172,7,0
34,173,7,0
34,174,7,0
34,175,7,0
34,176,7,0
34,177,7,0
34,178,7,0
34,179,7,0
34,180,7,1
34,181,7,0
34,182,7,1
34,183,7,0
34,184,7,0
34,185,7,0
34,186,7,0
34,187,7,0
34,188,7,0
34,189,7,1
34,190,7,0
34,191,7,0
34,192,7,0
34,193,7,0
34,194,7,0
34,195,7,1
34,196,7,0
34,197,7,0
34,198,7,0
34,199,7,1
35,1,1,0
35,2,1,0
35,3,1,0
35,4,1,0
35,5,1,0
35,6,1,0
35,7,1,0
35,8,1,0
35,9,1,0
35,10,1,0
35,11,1,1
35,12,1,0
35,13,1,0
35,14,1,0
35,15,1,0
35,16,1,0
35,17,1,0
35,18,1,0
35,19,1,0
35,20,1,0
35,21,1,0
35,22,1,0
35,23,1,0
35,24,1,0
35,25,1,0
35,26,1,0
35,27,1,0
35,28,1,0
35,29,1,0
35,30,1,0
35,31,1,0
35,32,1,0
35,33,1,0
35,34,1,0
35,35,1,0
35,36,1,0
35,37,1,1
35,38,1,1
35,39,1,0
35,40,1,0
35,41,1,0
35,42,1,0
35,43,1,1
35,44,1,0
35,45,1,0
35,46,1,0
35,47,1,0
35,48,1,0
35,49,1,0
35,50,1,0
35,51,1,0
35,52,1,0
35,53,1,1
35,54,1,0
35,55,1,0
35,56,1,0
35,57,1,0
35,58,1,0
35,59,1,0
35,60,1,0
35,61,1,0
35,62,1,0
35,63,1,0
35,64,1,0
35,65,1,0
35,66,1,0
35,67,1,0
35,68,2,0
35,69,2,0
35,70,2,1
35,71,2,0
35,72,2,0
35,73,2,0
35,74,2,0
35,75,2,0
35,76,2,0
35,77,2,0
35,78,2,0
35,79,2,0
35,80,2,0
35,81,2,0
35,82,2,0
35,83,2,0
35,84,2,1
35,85,2,0
35,86,2,0
35,87,2,0
35,88,2,0
35,89,2,0
35,90,2,0
35,91,2,0
35,92,2,0
35,93,2,0
35,94,2,0
35,95,2,0
35,96,2,0
35,97,2,0
35,98,2,0
35,99,2,0
35,100,2,0
35,101,2,0
35,102,2,0
35,103,2,0
35,104,2,0
35,105,2,0
35,106,2,0
35,107,2,0
35,108,2,0
35,109,2,0
35,110,2,0
35,111,2,0
35,112,2,0
35,113,2,0
35,114,2,0
35,115,2,0
35,116,2,0
35,117,2,0
35,118,2,0
35,119,2,0
35,120,2,0
35,121,2,0
35,122,2,0
35,123,2,0
35,124,2,0
35,125,2,1
35,126,2,0
35,127,2,0
35,128,2,0
35,129,2,1
35,179,4,1
35,180,4,0
35,181,4,0
35,182,4,1
35,183,4,0
35,184,4,0
35,185,4,1
35,186,4,0
35,187,4,0
35,188,4,0
35,189,4,0
35,190,4,0
35,191,4,0
35,192,4,0
35,193,4,0
35,194,4,0
35,195,4,0
35,196,4,0
35,197,4,0
35,198,4,0
35,199,4,0
35,200,4,0
35,201,4,0
35,202,4,0
35,203,4,0
35,204,4,0
35,205,4,0
35,206,4,0
35,207,4,0
35,208,4,0
35,209,4,0
35,210,4,0
35,211,4,0
35,212,4,0
35,213,4,0
35,214,4,0
35,215,4,1
35,216,4,0
35,217,4,0
35,218,4,0
35,219,4,0
35,220,4,0
35,221,4,0
35,222,4,0
35,223,4,0
35,224,4,1
35,225,4,0
35,226,4,0
35,227,4,0
35,228,4,0
35,229,4,0
35,230,4,0
35,231,4,0
35,232,5,0
35,233,5,0
35,234,5,0
35,235,5,0
35,236,5,0
35,237,5,0
35,238,5,0
35,239,5,0
35,240,5,0
35,241,5,0
35,242,5,0
35,243,5,1
35,244,5,0
35,245,5,0
35,246,5,0
35,247,5,0
35,248,5,0
35,249,5,0
35,250,5,0
35,251,5,0
35,252,5,0
35,253,5,1
35,254,5,0
35,255,5,0
35,256,5,0
35,257,5,0
35,258,5,1
35,259,5,0
35,260,5,1
35,261,5,0
35,262,5,0
35,263,6,0
35,264,6,0
35,265,6,0
35,266,6,1
35,267,6,0
35,268,6,0
35,269,6,0
35,270,6,0
35,271,6,0
35,272,6,1
35,273,6,0
35,274,6,0
35,275,6,0
35,276,6,0
35,277,6,1
35,278,6,0
35,279,6,0
35,280,6,0
35,281,6,0
35,282,6,1
35,283,6,0
35,284,6,0
35,285,6,0
35,286,6,0
35,287,6,1
35,288,6,0
35,289,6,1
35,290,6,0
35,291,6,0
35,292,6,1
35,293,6,0
35,294,6,0
35,295,6,0
35,296,6,0
35,297,6,0
35,298,6,0
35,299,6,0
35,300,6,1
35,301,6,0
35,302,6,0
35,303,6,0
35,304,6,0
35,305,6,0
35,306,6,0
35,307,6,0
35,308,6,0
35,309,6,1
35,310,6,1
35,311,6,0
35,312,6,0
35,313,6,0
35,314,6,0
35,315,6,1
35,316,6,0
35,317,6,0
35,318,7,0
35,319,7,0
35,320,7,0
35,321,7,0
35,322,7,1
35,323,7,0
35,324,7,0
35,325,7,0
35,326,7,0
35,327,7,0
35,328,7,0
35,329,7,0
35,330,7,0
35,331,7,0
35,332,7,0
35,333,7,1
35,334,7,0
35,335,7,1
35,336,7,1
35,337,7,0
35,338,7,0
35,339,7,0
35,340,7,0
35,341,7,0
35,342,7,0
35,343,7,0
35,344,7,0
35,345,7,0
35,346,7,0
35,347,7,0
35,348,7,0
35,349,7,0
35,350,7,0
35,351,7,1
35,352,7,1
35,353,7,0
35,354,7,0
35,355,7,0
35,356,7,0
35,357,7,0
35,358,7,0
35,359,7,0
36,1,1,0
36,2,1,0
36,3,1,0
36,4,1,0
36,5,1,0
36,6,1,0
36,7,1,0
36,8,1,0
36,9,1,0
36,10,1,0
36,11,1,0
36,12,1,0
36,13,1,0
36,14,1,0
36,15,1,0
36,16,1,0
36,17,1,0
36,18,1,0
36,19,1,0
36,20,1,0
36,21,1,0
36,22,1,0
36,23,1,0
36,24,1,0
36,25,1,0
36,26,1,0
36,27,1,0
36,28,1,0
36,29,1,0
36,30,1,0
36,31,1,0
36,32,1,0
36,33,1,0
36,34,1,0
36,35,1,0
36,36,1,0
36,37,1,0
36,38,1,0
36,39,1,0
36,40,1,0
36,41,1,0
36,42,1,0
36,43,1,0
36,44,1,0
36,45,1,0
36,46,1,0
36,47,1,0
36,48,1,0
36,49,1,0
36,50,1,0
36,51,1,0
36,52,1,0
36,53,1,0
36,54,1,0
36,55,1,0
36,56,1,0
36,57,1,0
36,58,1,0
36,59,2,0
36,60,2,0
36,61,2,0
36,62,2,0
36,63,2,0
36,64,2,0
36,65,2,0
36,66,2,0
36,67,2,0
36,68,2,0
36,69,2,0
36,70,2,0
36,71,2,0
36,72,2,0
36,73,2,0
36,74,2,0
36,75,2,0
36,76,2,0
36,77,2,0
36,78,2,0
36,79,2,0
36,80,2,0
36,81,2,0
36,82,2,0
36,83,2,0
36,84,2,0
36,85,2,0
36,86,2,0
36,87,2,0
36,88,2,0
36,89,2,0
36,90,2,0
36,91,2,0
36,92,2,0
36,93,2,0
36,94,2,0
36,95,2,0
36,96,2,0
36,97,2,0
36,98,2,0
36,99,2,0
36,100,2,0
36,101,2,0
36,102,2,0
36,155,4,0
36,156,4,0
36,157,4,0
36,158,4,0
36,159,4,0
36,160,4,0
36,161,4,0
36,162,4,0
36,163,4,0
36,164,4,0
36,165,4,0
36,167,4,0
36,168,4,0
36,169,4,0
36,170,4,0
36,171,4,0
36,172,4,0
36,173,4,0
36,174,4,0
36,175,4,0
36,176,4,0
36,177,4,0
36,178,4,0
36,179,4,0
36,180,4,0
36,181,4,0
36,182,4,0
36,183,4,0
36,184,4,0
36,185,4,0
36,186,4,0
36,187,4,0
36,188,4,0
36,189,4,0
36,190,4,0
36,191,4,0
36,192,4,0
36,193,4,0
36,194,4,0
36,195,4,0
36,196,4,0
36,197,4,0
36,198,4,0
36,199,4,0
36,200,5,0
36,201,5,0
36,202,5,0
36,203,5,0
36,204,5,0
36,205,5,0
36,206,5,0
36,207,5,0
36,208,5,0
36,209,5,0
36,210,5,0
36,211,5,0
36,212,5,0
36,213,5,0
36,214,5,0
36,215,5,0
36,216,5,0
36,217,5,0
36,218,5,0
36,219,5,0
36,220,6,0
36,221,6,0
36,222,6,0
36,223,6,0
36,224,6,0
36,225,6,0
36,226,6,0
36,227,6,0
36,228,6,0
36,229,6,0
36,230,6,0
36,231,6,0
36,232,6,0
36,233,6,0
36,234,6,0
36,235,6,0
36,236,6,0
36,237,6,0
36,238,6,0
36,239,6,0
36,240,6,0
36,241,6,0
36,242,6,0
36,243,6,0
36,244,6,0
36,245,6,0
36,246,6,0
36,247,7,0
36,248,7,0
36,249,7,0
36,250,7,0
36,251,7,0
36,252,7,0
36,253,7,0
36,254,7,0
36,255,7,0
36,256,7,0
36,257,7,0
36,258,7,0
36,259,7,0
36,260,7,0
36,261,7,0
36,262,7,0
36,263,7,0
36,264,7,0
36,265,7,0
36,266,7,0
36,267,7,0
36,268,7,0
36,269,7,0
36,270,7,0
36,271,7,0
36,272,7,0
36,273,7,0
36,274,7,0
36,275,7,0
36,276,7,0
36,277,7,0
36,278,7,0
36,279,7,0
36,280,7,0
36,281,7,0
36,282,7,0
36,283,7,0
36,284,7,0
36,285,7,0
36,286,7,0
36,287,7,0
36,288,7,0
36,289,7,0
36,290,7,0
36,291,7,0
36,292,7,0
36,293,7,0
37,1,1,0
37,2,1,0
37,3,1,0
37,4,1,0
37,5,1,0
37,6,1,0
37,7,1,0
37,8,1,0
37,9,1,0
37,10,1,1
37,11,1,0
37,12,1,0
37,13,1,0
37,14,1,1
37,15,1,0
37,16,1,0
37,17,1,0
37,18,1,0
37,19,1,0
37,20,1,0
37,21,1,0
37,22,1,0
37,23,1,0
37,24,1,0
37,25,1,0
37,26,1,1
37,27,1,0
37,28,1,0
37,29,1,1
37,30,1,0
37,31,1,1
37,32,1,0
37,33,1,0
37,34,1,0
37,35,1,1
37,36,1,0
37,37,1,0
37,38,1,0
37,39,1,1
37,40,1,0
37,41,1,0
37,42,2,0
37,43,2,0
37,44,2,0
37,45,2,0
37,46,2,0
37,47,2,0
37,48,2,0
37,49,2,0
37,50,2,1
37,51,2,0
37,52,2,0
37,53,2,0
37,54,2,0
37,55,2,0
37,56,2,1
37,57,2,0
37,58,2,0
37,59,2,0
37,60,2,0
37,61,2,0
37,62,2,0
37,63,2,1
37,64,2,0
37,65,2,0
37,66,2,0
37,67,2,0
37,68,2,0
37,69,2,0
37,70,2,0
37,71,2,0
37,72,2,0
37,102,4,0
37,103,4,0
37,104,4,0
37,105,4,0
37,106,4,0
37,107,4,1
37,108,4,0
37,109,4,0
37,110,4,0
37,111,4,0
37,112,4,0
37,113,4,0
37,114,4,0
37,115,4,0
37,116,4,0
37,117,4,0
37,118,4,0
37,119,4,0
37,120,4,0
37,121,4,0
37,122,4,0
37,123,4,0
37,124,4,0
37,125,4,0
37,126,4,0
37,127,4,0
37,128,4,0
37,129,4,0
37,130,4,0
37,131,4,0
37,132,4,0
37,133,4,0
37,134,4,0
37,135,5,0
37,136,5,0
37,137,5,0
37,138,5,0
37,139,5,0
37,140,5,0
37,141,5,0
37,142,5,0
37,143,5,0
37,144,5,0
37,145,5,0
37,146,5,0
37,147,5,0
37,148,5,0
37,149,5,0
37,150,5,0
37,151,5,0
37,152,5,0
37,153,5,0
37,154,5,0
37,155,6,0
37,156,6,0
37,157,6,0
37,158,6,0
37,159,6,1
37,160,6,0
37,161,6,0
37,162,6,0
37,163,6,0
37,164,6,0
37,165,6,0
37,166,6,0
37,167,6,0
37,168,6,0
37,169,6,0
37,170,6,0
37,171,6,0
37,172,6,0
37,173,6,0
37,174,6,0
37,175,6,0
37,176,6,0
37,177,6,0
37,178,6,0
37,179,6,0
37,180,6,0
37,181,6,0
37,182,6,0
37,183,6,0
37,184,7,0
37,185,7,0
37,186,7,0
37,187,7,0
37,188,7,0
37,189,7,0
37,190,7,0
37,191,7,0
37,192,7,0
37,193,7,0
37,194,7,0
37,195,7,0
37,196,7,0
37,197,7,0
37,198,7,0
37,199,7,0
37,200,7,0
37,201,7,0
37,202,7,0
37,203,7,0
37,204,7,0
37,205,7,0
37,206,7,0
37,207,7,0
37,208,7,0
37,209,7,0
37,210,7,0
37,211,7,0
37,212,7,0
37,213,7,0
37,214,7,0
37,215,7,0
37,216,7,0
38,1,1,0
38,2,1,0
38,3,1,0
38,4,1,0
38,5,1,0
38,6,1,0
38,7,1,0
38,8,1,0
38,9,1,0
38,10,1,0
38,11,1,0
38,12,1,1
38,13,1,0
38,14,1,0
38,15,1,0
38,16,1,0
38,17,1,0
38,18,1,0
38,19,1,0
38,20,1,0
38,21,1,0
38,22,1,0
38,23,1,1
38,24,1,1
38,25,1,0
38,26,1,0
38,27,1,0
38,28,1,0
38,29,1,0
38,30,1,0
38,31,1,0
38,32,1,0
38,33,1,0
38,34,1,0
38,35,1,0
38,36,1,0
38,37,1,0
38,38,1,0
38,39,1,0
38,40,1,0
38,41,1,0
38,42,1,0
38,43,1,0
38,44,1,0
38,45,1,0
38,46,1,0
38,47,1,0
38,48,1,0
38,49,1,0
38,50,1,0
38,51,2,0
38,52,2,0
38,53,2,0
38,54,2,0
38,55,2,0
38,56,2,0
38,57,2,1
38,58,2,0
38,59,2,0
38,60,2,0
38,61,2,0
38,62,2,0
38,63,2,0
38,64,2,0
38,65,2,0
38,66,2,0
38,67,2,0
38,68,2,0
38,69,2,0
38,70,2,0
38,71,2,0
38,72,2,0
38,73,2,0
38,74,2,0
38,75,2,0
38,76,2,0
38,77,2,0
38,78,2,0
38,79,2,0
38,80,2,0
38,81,2,0
38,82,2,0
38,83,2,0
38,84,2,0
38,85,2,0
38,86,2,0
38,87,2,0
38,88,2,0
38,89,2,0
38,90,2,0
38,91,2,1
38,92,2,0
38,93,2,0
38,94,2,0
38,95,2,0
38,96,2,0
38,97,2,0
38,98,2,0
38,146,4,1
38,147,4,1
38,148,4,0
38,149,4,0
38,150,4,0
38,151,4,1
38,152,4,0
38,153,4,0
38,154,4,0
38,155,4,1
38,156,4,1
38,157,4,0
38,158,4,0
38,159,4,0
38,160,4,1
38,161,4,1
38,162,4,0
38,163,4,0
38,164,4,0
38,165,4,0
38,166,4,0
38,167,4,0
38,168,4,0
38,169,4,0
38,170,4,0
38,171,4,0
38,172,4,0
38,173,4,0
38,174,4,0
38,175,4,0
38,176,4,0
38,177,4,0
38,178,4,0
38,179,4,0
38,180,4,1
38,181,4,1
38,182,4,0
38,183,4,1
38,184,4,0
38,185,4,0
38,186,4,0
38,187,4,0
38,188,4,0
38,189,5,0
38,190,5,0
38,191,5,0
38,192,5,0
38,193,5,0
38,194,5,0
38,195,5,0
38,196,5,1
38,197,5,0
38,198,5,1
38,199,5,0
38,200,5,0
38,201,5,0
38,202,5,0
38,203,5,0
38,204,5,1
38,205,5,0
38,206,5,1
38,207,5,0
38,208,5,0
38,209,5,1
38,210,5,0
38,211,5,0
38,212,5,1
38,213,5,0
38,214,5,0
38,215,5,0
38,216,5,0
38,217,5,0
38,218,5,0
38,219,5,0
38,220,5,0
38,221,5,1
38,222,5,0
38,223,5,0
38,224,5,0
38,225,5,0
38,226,5,0
38,227,5,1
38,228,6,1
38,229,6,0
38,230,6,1
38,231,6,0
38,232,6,1
38,233,6,0
38,234,6,1
38,235,6,0
38,236,6,0
38,237,6,0
38,238,6,0
38,239,6,0
38,240,6,0
38,241,6,0
38,242,6,0
38,243,6,0
38,244,6,0
38,245,6,0
38,246,7,0
38,247,7,0
38,248,7,0
38,249,7,0
38,250,7,0
38,251,7,0
38,252,7,0
38,253,7,0
38,254,7,0
38,255,7,0
38,256,7,1
38,257,7,1
38,258,7,0
38,259,7,0
38,260,7,1
38,261,7,0
38,262,7,0
38,263,7,0
38,264,7,0
38,265,7,0
38,266,7,0
38,267,7,0
38,268,7,0
38,269,7,1
38,270,7,0
38,271,7,0
38,272,7,0
38,273,7,0
38,274,7,0
38,275,7,0
38,276,7,0
38,277,7,0
38,278,7,0
39,1,1,0
39,2,1,0
39,3,1,0
39,4,1,0
39,5,1,0
39,6,1,0
39,7,1,0
39,8,1,0
39,9,1,0
39,10,1,0
39,11,1,0
39,12,1,0
39,13,1,0
39,14,1,0
39,15,1,0
39,16,1,0
39,17,1,0
39,18,1,0
39,19,1,0
39,20,1,0
39,21,1,0
39,22,1,0
39,23,1,0
39,24,1,0
39,25,1,0
39,26,1,1
39,27,1,0
39,28,1,0
39,29,1,0
39,30,1,0
39,31,1,0
39,32,1,0
39,33,1,0
39,34,1,1
39,35,1,0
39,36,1,0
39,37,1,0
39,38,1,1
39,39,1,0
39,40,1,1
39,41,1,0
39,42,2,0
39,43,2,0
39,44,2,0
39,45,2,0
39,46,2,0
39,47,2,0
39,48,2,0
39,49,2,0
39,50,2,0
39,51,2,0
39,52,2,0
39,53,2,0
39,54,2,0
39,55,2,0
39,56,2,0
39,57,2,0
39,58,2,0
39,59,2,0
39,60,2,0
39,61,2,1
39,62,2,0
39,63,2,0
39,64,2,0
39,65,2,0
39,66,2,0
39,67,2,0
39,68,2,0
39,69,2,0
39,70,2,0
39,71,2,0
39,72,2,0
39,73,2,0
39,74,2,0
39,75,2,0
39,76,2,0
39,77,2,0
39,78,2,0
39,79,2,0
39,80,2,0
39,81,2,0
39,84,4,0
39,85,4,0
39,86,4,1
39,87,4,1
39,88,4,0
39,89,4,0
39,90,4,0
39,91,4,0
39,92,4,0
39,93,4,0
39,94,4,1
39,95,4,1
39,96,4,1
39,97,4,0
39,98,4,0
39,99,4,0
39,100,4,0
39,101,5,0
39,102,5,0
39,103,5,0
39,104,5,0
39,105,5,0
39,106,5,0
39,107,5,0
39,108,5,0
39,109,5,0
39,110,5,0
39,111,5,1
39,112,5,0
39,113,5,0
39,114,5,0
39,115,5,0
39,116,5,0
39,117,5,0
39,118,5,0
39,119,5,0
39,120,5,0
39,121,5,0
39,122,5,0
39,123,5,0
39,124,5,0
39,125,5,0
39,126,5,0
39,127,5,0
39,128,5,0
39,129,5,0
39,130,5,0
39,131,6,0
39,132,6,0
39,133,6,0
39,134,6,0
39,135,6,0
39,136,6,0
39,137,6,0
39,138,6,0
39,139,6,0
39,140,6,0
39,141,6,0
39,142,6,0
39,143,6,0
39,144,6,0
39,145,6,0
39,146,6,0
39,147,6,0
39,148,6,0
39,149,6,0
39,150,6,0
39,151,6,0
39,152,7,0
39,153,7,0
39,154,7,0
39,155,7,0
39,156,7,0
39,157,7,0
39,158,7,0
39,159,7,0
39,160,7,0
39,161,7,0
39,162,7,0
39,163,7,1
39,164,7,0
39,165,7,0
39,166,7,0
39,167,7,0
39,168,7,0
39,169,7,0
39,170,7,0
39,171,7,0
39,172,7,0
39,173,7,0
39,174,7,0
39,175,7,0
39,176,7,0
39,177,7,0
39,178,7,0
39,179,7,0
39,180,7,0
39,181,7,0
39,182,7,0
39,183,7,0
39,184,7,0
39,185,7,0
39,186,7,0
39,187,7,0
39,188,7,0
39,189,7,0
39,190,7,1
39,191,7,0
40,1,1,0
40,2,1,0
40,3,1,0
40,4,1,0
40,5,1,0
40,6,1,0
40,7,1,0
40,8,1,0
40,9,1,0
40,10,1,1
40,11,1,0
40,12,1,0
40,13,1,1
40,14,1,0
40,15,1,0
40,16,1,0
40,17,1,1
40,18,1,0
40,19,1,0
40,20,1,0
40,21,1,0
40,22,1,0
40,23,1,0
40,24,1,0
40,25,1,0
40,26,1,1
40,27,1,0
40,28,1,1
40,29,1,0
40,30,1,0
40,31,1,0
40,32,1,0
40,33,1,0
40,34,1,0
40,35,1,0
40,36,1,0
40,37,1,0
40,38,1,0
40,39,1,0
40,40,1,1
40,41,1,1
40,42,1,0
40,43,1,0
40,44,1,1
40,45,1,0
40,46,1,0
40,47,1,0
40,48,1,0
40,49,1,0
40,50,1,0
40,51,1,0
40,52,1,0
40,53,1,0
40,54,1,0
40,55,1,0
40,56,1,0
40,57,1,0
40,58,1,0
40,59,1,0
40,60,1,0
40,61,1,0
40,62,1,0
40,63,2,0
40,64,2,0
40,65,2,0
40,66,2,0
40,67,2,0
40,68,2,0
40,69,2,0
40,70,2,1
40,71,2,0
40,72,2,0
40,73,2,0
40,74,2,0
40,75,2,0
40,76,2,0
40,77,2,0
40,78,2,1
40,79,2,0
40,80,2,1
40,81,2,0
40,82,2,0
40,83,2,0
40,84,2,0
40,85,2,0
40,86,2,0
40,87,2,0
40,119,4,0
40,120,4,0
40,121,4,0
40,122,4,1
40,123,4,1
40,124,4,0
40,125,4,0
40,126,4,0
40,127,4,0
40,128,4,0
40,129,4,0
40,130,4,0
40,131,4,0
40,132,4,1
40,133,4,1
40,134,4,0
40,135,4,0
40,136,4,0
40,137,4,0
40,138,5,0
40,139,5,0
40,140,5,0
40,141,5,0
40,142,5,0
40,143,5,0
40,144,5,0
40,145,5,0
40,146,5,0
40,147,5,0
40,148,5,0
40,149,5,0
40,150,5,0
40,151,5,0
40,152,5,0
40,153,5,1
40,154,5,0
40,155,5,0
40,156,5,0
40,157,5,0
40,158,5,0
40,159,5,1
40,160,5,1
40,161,5,1
40,162,6,0
40,163,6,0
40,164,6,0
40,165,6,0
40,166,6,0
40,167,6,0
40,168,6,0
40,169,6,0
40,170,6,0
40,171,6,1
40,172,6,1
40,173,6,0
40,174,6,0
40,175,6,0
40,176,6,0
40,177,6,0
40,178,6,0
40,179,6,0
40,180,6,0
40,181,6,0
40,182,6,0
40,183,6,0
40,184,6,0
40,185,7,0
40,186,7,0
40,187,7,0
40,188,7,0
40,189,7,0
40,190,7,0
40,191,7,0
40,192,7,0
40,193,7,0
40,194,7,0
40,195,7,0
40,196,7,0
40,197,7,0
40,198,7,0
40,199,7,0
40,200,7,0
40,201,7,0
40,202,7,0
40,203,7,0
40,204,7,0
40,205,7,0
40,206,7,0
40,207,7,1
40,208,7,0
40,209,7,0
40,210,7,0
40,211,7,0
41,1,1,0
41,2,1,0
41,3,1,0
41,4,1,0
41,5,1,0
41,6,1,0
41,7,1,0
41,8,1,0
41,9,1,0
41,10,1,0
41,11,1,0
41,12,1,0
41,13,1,0
41,14,1,0
41,15,1,0
41,16,1,0
41,17,1,0
41,18,1,0
41,19,1,0
41,20,1,0
41,21,1,0
41,22,1,0
41,23,1,0
41,24,1,0
41,25,1,0
41,26,1,0
41,27,1,0
41,28,1,0
41,29,1,0
41,30,1,0
41,31,1,0
41,32,1,0
41,33,1,0
41,34,1,0
41,35,1,0
41,36,1,0
41,37,1,0
41,38,1,0
41,39,1,0
41,40,1,0
41,41,1,0
41,42,1,0
41,43,1,0
41,44,1,0
41,45,1,0
41,46,1,1
41,47,1,0
41,48,1,0
41,49,2,0
41,50,2,0
41,51,2,0
41,52,2,0
41,53,2,0
41,54,2,0
41,55,2,0
41,56,2,1
41,57,2,0
41,58,2,0
41,59,2,0
41,60,2,0
41,61,2,0
41,62,2,1
41,63,2,1
41,64,2,0
41,65,2,1
41,66,2,0
41,67,2,0
41,68,2,0
41,69,2,0
41,70,2,0
41,71,2,0
41,72,2,0
41,73,2,0
41,74,2,0
41,75,2,0
41,76,2,0
41,77,2,0
41,78,2,0
41,108,4,0
41,109,4,0
41,110,4,0
41,111,4,0
41,112,4,0
41,113,4,0
41,114,4,0
41,115,4,0
41,116,4,0
41,117,4,0
41,118,4,0
41,119,4,0
41,120,4,0
41,121,4,0
41,122,4,0
41,123,4,0
41,124,4,0
41,125,4,0
41,126,4,0
41,127,4,0
41,128,4,0
41,129,5,0
41,130,5,0
41,131,5,0
41,132,5,0
41,133,5,0
41,134,5,0
41,135,5,0
41,136,5,0
41,137,5,0
41,138,5,0
41,139,5,0
41,140,5,0
41,141,5,0
41,142,5,0
41,143,5,0
41,144,5,0
41,145,5,0
41,146,5,0
41,147,5,0
41,148,5,0
41,149,5,0
41,150,5,0
41,151,5,0
41,152,5,0
41,153,5,0
41,154,5,0
41,155,5,0
41,156,5,0
41,157,5,1
41,158,5,1
41,159,5,1
41,160,5,0
41,161,5,0
41,162,5,0
41,163,5,1
41,164,5,0
41,165,5,0
41,166,5,0
41,167,5,0
41,168,5,0
41,169,6,0
41,170,6,0
41,171,6,0
41,172,6,0
41,173,6,0
41,174,6,0
41,175,6,0
41,176,6,0
41,177,6,0
41,178,6,0
41,179,6,0
41,180,6,0
41,181,6,0
41,182,6,0
41,183,6,1
41,184,6,1
41,185,6,0
41,186,6,0
41,187,6,0
41,188,6,0
41,189,6,0
41,190,6,0
41,191,6,1
41,192,7,0
41,193,7,0
41,194,7,0
41,195,7,0
41,196,7,0
41,197,7,0
41,198,7,0
41,199,7,0
41,200,7,0
41,201,7,0
41,202,7,1
41,203,7,0
41,204,7,0
41,205,7,0
41,206,7,0
41,207,7,0
41,208,7,0
41,209,7,1
41,210,7,0
41,211,7,0
41,212,7,0
41,213,7,0
41,214,7,0
41,215,7,0
41,216,7,0
41,217,7,0
41,218,7,0
41,219,7,0
42,1,1,0
42,2,1,0
42,3,1,0
42,4,1,0
42,5,1,0
42,6,1,0
42,7,1,0
42,8,1,0
42,9,1,0
42,10,1,0
42,11,1,0
42,12,1,0
42,13,1,0
42,14,1,0
42,15,2,0
42,16,2,0
42,17,2,0
42,18,2,0
42,19,2,0
42,20,2,0
42,21,2,0
42,22,2,0
42,23,2,0
42,24,2,0
42,25,2,0
42,26,2,0
42,27,2,0
42,28,2,0
42,29,2,0
42,30,2,0
42,31,2,0
42,32,2,0
42,33,2,0
42,34,2,0
42,48,4,0
43,1,1,0
43,2,1,0
43,3,1,0
43,4,1,0
43,5,1,0
43,6,1,0
43,7,1,0
43,8,1,0
43,9,1,0
43,10,1,0
43,11,1,0
43,12,1,0
43,13,1,0
43,14,1,0
43,15,1,0
43,16,1,0
43,17,1,0
43,18,1,0
43,19,1,0
43,20,1,0
43,21,1,0
43,22,1,0
43,23,1,0
43,24,1,0
43,25,1,0
43,26,1,0
43,27,1,0
43,28,1,0
43,29,1,0
43,30,1,0
43,31,1,0
43,32,1,0
43,33,1,0
43,34,1,0
43,35,1,0
43,36,1,0
43,37,1,0
43,38,1,0
43,39,1,0
43,40,1,0
43,41,1,0
43,42,1,0
43,43,1,0
43,44,1,0
43,45,1,0
43,46,1,0
43,47,1,0
43,48,1,0
43,49,1,0
43,50,1,0
43,51,1,0
43,52,1,0
43,53,1,0
43,54,1,0
43,55,1,0
43,56,1,0
43,57,1,0
43,58,1,0
43,59,1,0
43,60,1,0
43,61,1,0
43,62,1,0
43,63,1,0
43,64,1,0
43,65,2,0
43,66,2,0
43,67,2,0
43,68,2,0
43,69,2,0
43,70,2,0
43,71,2,0
43,72,2,0
43,73,2,0
43,74,2,0
43,75,2,0
43,76,2,0
43,77,2,0
43,78,2,0
43,79,2,0
43,80,2,0
43,81,2,0
43,82,2,0
43,83,2,0
43,84,2,0
43,85,2,0
43,86,2,0
43,87,2,0
43,88,2,0
43,89,2,0
43,90,2,0
43,91,2,0
43,92,2,0
43,93,2,0
43,94,2,0
43,95,2,0
43,96,2,0
43,97,2,0
43,98,2,0
43,99,2,0
43,100,2,0
43,101,2,0
43,102,2,0
43,103,2,0
43,104,2,0
43,105,2,0
43,106,2,0
43,107,2,0
44,1,1,0
44,2,1,0
44,3,1,0
44,4,1,0
44,5,1,0
44,6,1,0
44,7,1,0
44,8,1,0
44,9,1,0
44,10,1,0
44,11,1,0
44,12,1,0
44,13,1,0
44,14,1,0
44,15,1,0
44,16,1,0
44,17,1,0
44,18,1,0
44,19,1,0
44,20,1,0
44,21,1,0
44,22,1,0
44,23,1,0
44,24,1,0
44,25,1,0
44,26,1,0
44,27,1,0
44,28,1,0
44,29,1,0
44,30,1,0
44,31,1,0
44,32,1,0
44,33,1,0
44,34,1,0
44,35,2,0
44,36,2,0
44,37,2,0
44,38,2,0
44,39,2,0
44,40,2,0
44,41,2,0
44,42,2,0
44,43,2,0
44,44,2,0
44,45,2,0
44,46,2,0
44,47,2,0
44,48,4,0
44,49,4,0
44,50,4,0
44,51,4,0
44,52,4,0
44,53,4,0
44,54,4,0
44,55,4,0
44,56,4,0
44,57,4,0
44,58,4,0
44,59,4,0
44,60,4,0
44,61,4,0
44,62,4,0
44,63,4,0
44,64,4,0
44,65,5,0
44,66,5,0
44,67,5,0
44,68,5,0
44,69,5,0
44,70,5,0
44,71,5,0
44,72,5,0
44,73,5,0
44,74,5,0
44,75,5,0
44,76,5,0
44,101,5,0
44,102,5,0
44,103,5,0
44,104,5,0
44,105,5,0
44,106,6,0
44,107,6,0
44,108,6,0
44,109,6,0
44,110,6,0
44,111,6,0
44,112,6,0
44,113,6,0
44,114,6,0
44,115,6,0
44,116,6,0
44,117,6,0
44,118,6,0
44,119,6,0
44,120,6,0
44,121,7,0
44,122,7,0
44,123,7,0
44,124,7,0
44,125,7,0
44,126,7,0
44,127,7,0
44,128,7,0
44,129,7,0
44,130,7,0
44,131,7,0
44,132,7,0
44,133,7,0
44,134,7,0
44,135,7,0
44,136,7,0
44,137,7,0
44,138,7,0
44,139,7,0
44,140,7,0
44,141,7,0
44,142,7,0
