Driver,Trip,Tailgating,Total,Ratio
1,8,127920,700270,0.18267239778942407
1,9,10640,157940,0.06736735469165506
1,14,74020,294090,0.2516916590159475
1,16,89900,253100,0.35519557487159226
1,20,13070,48080,0.2718386023294509
1,29,35290,86760,0.40675426463808206
1,30,9150,61230,0.14943655071043607
1,54,14930,36360,0.4106160616061606
1,56,41400,195820,0.21141864978041058
1,58,14910,179320,0.08314744590675886
1,68,11220,33420,0.3357271095152603
1,69,26580,49980,0.531812725090036
1,77,4150,46360,0.08951682484900776
1,79,9500,63160,0.15041165294490183
1,86,3230,58280,0.05542210020590254
1,89,3170,37420,0.08471405665419562
1,97,2140,21730,0.09848136217211229
1,109,42640,55290,0.7712063664315427
1,115,21940,120830,0.18157742282545725
1,119,44120,142490,0.3096357639132571
1,120,18370,118340,0.15523069122866318
1,123,456920,1297920,0.3520401873767258
1,126,11230,43590,0.2576278963064923
1,132,52660,327960,0.16056836199536528
1,133,30420,331080,0.09188111634650235
1,134,251030,848160,0.29597009998113566
1,144,6600,27810,0.2373247033441208
1,146,9100,27280,0.33357771260997066
1,147,5010,5470,0.9159049360146252
1,157,4860,49300,0.09858012170385395
1,158,12970,16380,0.7918192918192918
1,159,21650,42690,0.5071445303349731
1,171,4660,6390,0.729264475743349
1,231,21130,48180,0.4385637193856372
1,249,23480,52690,0.44562535585500096
1,259,19400,44280,0.43812104787714545
1,260,9770,29570,0.33040243490023674
1,264,6330,20570,0.3077297034516286
1,269,1690,23510,0.07188430455125479
1,279,84410,148960,0.5666621911922664
1,281,15280,119710,0.12764180101912956
1,283,11250,20450,0.5501222493887531
1,285,33380,38810,0.8600876062870394
1,317,79250,129620,0.6114025613331276
1,319,19670,125150,0.15717139432680782
1,326,6550,15140,0.43262879788639363
1,332,6080,6720,0.9047619047619048
1,352,18670,33180,0.5626883664858349
1,360,5000,29210,0.17117425539198905
1,361,21340,43940,0.48566226672735546
1,365,24780,41610,0.5955299206921413
1,380,9050,54750,0.16529680365296803
1,381,2080,17690,0.11758055398530243
1,418,18590,38310,0.48525189245627776
2,1,19480,59000,0.33016949152542374
2,4,7140,18550,0.3849056603773585
2,5,5250,12430,0.4223652453740949
2,6,6720,17680,0.38009049773755654
2,16,7470,10740,0.6955307262569832
2,17,5590,15780,0.35424588086185044
2,18,19070,25030,0.7618857371154615
2,26,10690,13380,0.7989536621823617
2,27,4910,20010,0.24537731134432783
2,28,4390,11150,0.3937219730941704
2,29,14100,76280,0.18484530676455166
2,30,31250,58220,0.5367571281346616
2,33,960,10870,0.08831646734130635
2,38,54490,65710,0.8292497336782834
2,44,8050,17890,0.44997205142537733
2,50,13460,28910,0.46558284330681426
2,61,820,48730,0.016827416375949106
2,62,1450,17050,0.08504398826979472
2,63,4020,21720,0.1850828729281768
2,68,1750,17320,0.10103926096997691
2,69,3590,11330,0.31685789938217124
2,72,5150,17140,0.30046674445740956
2,77,12780,21200,0.6028301886792453
2,78,5220,19680,0.2652439024390244
2,82,3020,15410,0.19597663854639844
2,83,4840,12440,0.3890675241157556
2,91,5380,10580,0.5085066162570888
2,92,7310,12030,0.6076475477971738
2,93,4660,10870,0.42870285188592455
2,94,4960,18740,0.2646744930629669
2,96,4430,10430,0.4247363374880153
2,97,3860,15210,0.25378040762656146
2,102,3020,17120,0.1764018691588785
2,103,1160,19670,0.058973055414336555
2,104,2590,16540,0.156590084643289
2,108,6390,12070,0.5294117647058824
2,109,1100,19080,0.057651991614255764
2,113,13070,13780,0.9484760522496372
2,115,1390,10830,0.1283471837488458
2,116,6450,24390,0.2644526445264453
2,119,4270,17300,0.2468208092485549
2,121,3770,17650,0.21359773371104815
2,122,5870,18180,0.32288228822882287
2,123,7790,18470,0.42176502436383323
2,127,6410,16970,0.37772539776075426
2,129,1190,11900,0.1
2,135,3630,16880,0.21504739336492892
2,136,6940,22630,0.30667255855059655
2,137,14640,29750,0.49210084033613444
2,138,2180,12220,0.1783960720130933
2,139,7170,10700,0.6700934579439253
2,142,4920,10900,0.45137614678899085
2,144,7960,11480,0.6933797909407665
2,145,9880,11190,0.8829311885612153
2,150,880,18660,0.04715969989281887
2,152,6640,27010,0.24583487597186227
2,154,3460,12380,0.27948303715670436
2,156,6820,10470,0.6513849092645654
2,158,6210,17440,0.35607798165137616
2,159,8910,11920,0.74748322147651
2,161,4550,11260,0.40408525754884544
2,162,690,18740,0.0368196371398079
2,163,5090,11150,0.4565022421524664
2,169,6610,11430,0.5783027121609798
2,173,1750,11300,0.15486725663716813
2,174,3990,18020,0.2214206437291898
2,177,3520,20130,0.17486338797814208
2,179,3880,16820,0.23067776456599287
2,187,10040,12670,0.7924230465666929
2,189,4630,18310,0.2528672856362643
2,190,9150,11860,0.7715008431703204
2,194,4530,10790,0.4198331788693234
2,195,1930,11240,0.17170818505338079
2,196,7170,22980,0.31201044386422977
2,197,6630,11690,0.5671514114627887
2,201,1750,17750,0.09859154929577464
2,204,8240,10860,0.7587476979742173
2,209,3190,11810,0.2701100762066046
2,211,6220,26770,0.2323496451251401
2,215,4310,18820,0.2290116896918172
2,216,4430,12170,0.3640098603122432
2,218,6860,11450,0.5991266375545852
2,228,8680,43770,0.1983093442997487
2,230,8630,28870,0.29892622099064775
2,231,2950,11220,0.2629233511586453
2,233,4420,15460,0.2858990944372574
2,236,4220,19770,0.21345472938796156
2,238,7990,10380,0.7697495183044316
2,240,3510,11790,0.29770992366412213
2,241,3150,42350,0.0743801652892562
2,242,6390,21910,0.2916476494751255
2,243,8600,21340,0.4029990627928772
2,246,9900,13780,0.7184325108853411
2,247,5660,15630,0.3621241202815099
2,248,9230,12480,0.7395833333333334
2,252,1410,19020,0.07413249211356467
2,255,8770,48370,0.1813107297911929
2,256,5690,20790,0.2736892736892737
2,260,3670,12550,0.29243027888446216
2,262,1270,11050,0.11493212669683257
2,263,4580,23980,0.19099249374478733
2,264,6790,13340,0.5089955022488756
2,265,7260,12170,0.5965488907148726
2,267,1480,10830,0.13665743305632502
2,268,6310,16620,0.3796630565583634
2,270,4430,10940,0.40493601462522855
2,271,7320,15640,0.4680306905370844
2,272,3220,11850,0.2717299578059072
2,273,3410,11650,0.2927038626609442
2,276,6770,10730,0.6309412861136999
2,277,12950,20210,0.640771895101435
2,279,8360,27960,0.2989985693848355
2,280,13050,28400,0.4595070422535211
3,2,5910,26290,0.22480030429821224
3,26,365780,793810,0.4607903654526902
3,27,240140,432660,0.5550316645865113
3,28,630,46970,0.013412816691505217
3,42,13260,42620,0.31112153918348195
3,57,288100,1299520,0.22169724205860625
3,69,660,14580,0.04526748971193416
3,90,6150,36160,0.1700774336283186
3,108,11310,12710,0.8898505114083399
3,114,30280,62410,0.4851786572664637
3,115,36630,93270,0.39273078160180125
3,125,2350,13770,0.17066085693536673
3,148,3060,12070,0.2535211267605634
3,150,8570,14530,0.5898141775636614
3,153,2180,12490,0.1745396317053643
3,162,4610,46810,0.09848323007904294
3,163,7030,13710,0.512764405543399
3,164,910,17840,0.05100896860986547
3,175,5630,12240,0.4599673202614379
3,177,5310,22160,0.23962093862815884
3,196,8380,35260,0.23766307430516165
3,197,2900,17320,0.1674364896073903
3,198,9980,12270,0.8133659331703341
3,213,5220,13390,0.3898431665421957
3,225,9130,17610,0.5184554230550823
3,231,5500,11900,0.46218487394957986
3,237,50310,119800,0.41994991652754593
3,239,13930,19970,0.6975463194792189
3,241,2060,17480,0.11784897025171624
3,242,10390,19680,0.5279471544715447
3,250,93690,120960,0.7745535714285714
3,258,6430,12170,0.5283483976992605
3,260,2310,12360,0.18689320388349515
3,261,1460,19470,0.07498715973292244
3,262,13620,23760,0.5732323232323232
3,277,10820,32550,0.33241167434715824
3,280,7090,13410,0.5287099179716629
3,291,12610,29010,0.43467769734574285
3,302,7360,11550,0.6372294372294373
3,306,19070,29850,0.6388609715242881
3,307,31940,76360,0.4182818229439497
4,17,89450,148890,0.6007790986634428
4,19,62390,148950,0.41886539107082915
4,53,900,9210,0.09771986970684039
4,60,8660,11390,0.7603160667251976
4,61,2690,9280,0.28987068965517243
4,65,7530,11120,0.677158273381295
4,84,3330,9440,0.3527542372881356
4,89,1260,8670,0.1453287197231834
4,106,11920,36870,0.3232980743151614
4,107,1940,9850,0.19695431472081218
4,108,1460,9570,0.15256008359456635
4,115,980,9980,0.09819639278557114
4,118,1480,10390,0.1424446583253128
4,124,7990,9550,0.8366492146596859
4,126,1850,9400,0.19680851063829788
4,136,3210,9460,0.339323467230444
4,138,8330,11120,0.7491007194244604
4,140,560,9510,0.058885383806519455
4,152,2130,36160,0.05890486725663717
4,185,66620,158170,0.4211923879370298
4,192,16750,38000,0.4407894736842105
4,194,6290,25530,0.2463768115942029
4,196,6570,9540,0.6886792452830188
4,197,7820,10100,0.7742574257425743
4,229,5790,28050,0.20641711229946524
4,231,1610,9300,0.17311827956989248
4,232,5620,9910,0.5671039354187689
4,233,1120,9180,0.12200435729847495
4,234,6910,9380,0.7366737739872068
4,235,1280,9690,0.13209494324045407
4,237,2200,8550,0.2573099415204678
4,251,14910,63990,0.23300515705578997
4,252,1690,9200,0.18369565217391304
4,253,5100,10230,0.49853372434017595
4,255,4900,10720,0.457089552238806
4,256,2120,11470,0.18482999128160418
4,263,2280,9490,0.24025289778714437
4,266,1140,9970,0.11434302908726178
4,267,4520,10490,0.43088655862726405
4,271,3370,4180,0.80622009569378
4,282,8050,10480,0.7681297709923665
4,285,1250,8540,0.14637002341920374
4,286,5580,10000,0.558
4,291,510,8950,0.05698324022346369
4,292,7460,10250,0.7278048780487805
4,293,570,9200,0.06195652173913044
4,298,5470,9130,0.5991237677984665
4,299,7020,10520,0.6673003802281369
4,304,6820,18060,0.37763012181616834
4,305,3420,9120,0.375
4,322,7260,9680,0.75
4,325,3520,10020,0.35129740518962077
4,334,5420,9860,0.5496957403651116
4,335,4240,10060,0.42147117296222664
4,336,7570,10060,0.7524850894632207
4,337,17130,42640,0.4017354596622889
4,341,3410,21430,0.15912272515165657
4,347,4340,8950,0.4849162011173184
4,349,4850,9500,0.5105263157894737
4,350,1520,9430,0.16118769883351008
4,351,8120,9960,0.8152610441767069
4,352,5570,9230,0.6034669555796316
4,353,3000,9340,0.32119914346895073
4,354,4490,9530,0.47114375655823715
4,355,4590,13500,0.34
4,356,1940,8420,0.23040380047505937
4,359,16760,27930,0.6000716075904046
4,362,2880,11380,0.2530755711775044
4,370,2050,9860,0.2079107505070994
4,372,1350,17960,0.07516703786191536
4,386,8180,10860,0.7532228360957642
4,387,3530,9140,0.3862144420131291
4,388,4190,9530,0.43966421825813223
4,401,6750,9860,0.6845841784989858
4,402,5060,10080,0.501984126984127
4,404,4710,10570,0.445600756859035
4,405,1410,9380,0.15031982942430705
4,417,6690,31160,0.21469833119383824
4,421,5610,9920,0.5655241935483871
4,424,5310,10360,0.5125482625482626
4,427,23800,53000,0.4490566037735849
4,441,8260,11170,0.7394807520143241
4,444,9080,10210,0.8893241919686582
4,445,5830,9980,0.5841683366733467
5,1,9280,45440,0.20422535211267606
5,33,2750,10250,0.2682926829268293
5,36,5160,74860,0.06892866684477691
5,155,16750,40910,0.4094353458812026
5,156,7290,34540,0.21105964099594673
5,209,24140,53320,0.4527381845461365
5,237,23880,42600,0.5605633802816902
5,238,15500,33280,0.4657451923076923
6,1,18020,26670,0.6756655418072741
6,4,13170,19530,0.674347158218126
6,5,10660,21150,0.5040189125295508
6,6,10150,119390,0.08501549543512857
6,12,9410,24860,0.37851971037811744
6,16,3420,11380,0.30052724077328646
6,17,1950,29100,0.06701030927835051
6,18,4220,19110,0.2208267922553637
6,19,2340,11980,0.19532554257095158
6,22,3890,17920,0.21707589285714285
6,24,2080,20340,0.10226155358898721
6,26,2780,17400,0.15977011494252874
6,27,9450,16530,0.5716878402903811
6,28,3110,18570,0.1674744211093161
6,29,4290,11830,0.3626373626373626
6,35,5080,11030,0.4605621033544878
6,36,4370,19780,0.22093023255813954
6,37,7370,11840,0.6224662162162162
6,38,6140,15930,0.3854362837413685
6,39,12310,20960,0.5873091603053435
6,40,20450,52420,0.39011827546737887
6,42,54080,66030,0.8190216568226564
6,43,10190,65660,0.15519342065184283
6,44,8430,19280,0.43724066390041494
6,45,720,19870,0.03623553095118269
6,47,3400,16810,0.20226055919095776
6,48,6310,11680,0.5402397260273972
6,49,3750,17140,0.21878646441073513
6,52,4630,19680,0.23526422764227642
6,53,3640,15990,0.22764227642276422
6,54,5130,19150,0.2678851174934726
6,55,3700,16910,0.21880544056771142
6,60,3230,11040,0.29257246376811596
6,64,43570,95800,0.45480167014613776
6,65,31130,93730,0.33212418649311853
6,66,1960,17160,0.11421911421911422
6,70,10040,15480,0.648578811369509
6,71,7430,11170,0.6651745747538048
6,72,2320,22590,0.10270030987162461
6,73,1240,17920,0.06919642857142858
6,74,5550,19440,0.2854938271604938
6,76,4490,43360,0.10355166051660517
6,78,23850,42120,0.5662393162393162
6,81,36170,49450,0.7314459049544995
6,84,710,9720,0.07304526748971193
6,85,9940,16800,0.5916666666666667
6,86,4020,10550,0.381042654028436
6,88,7840,19460,0.4028776978417266
6,90,3620,10380,0.348747591522158
6,92,6600,19190,0.3439291297550808
6,96,9520,18070,0.5268400664084117
6,98,4560,11020,0.41379310344827586
6,100,9550,29480,0.3239484396200814
6,101,5420,12210,0.4438984438984439
6,104,3050,10980,0.2777777777777778
6,109,2140,35050,0.06105563480741798
6,110,7820,19180,0.40771637122002086
6,111,9340,11650,0.8017167381974248
6,113,11160,42210,0.26439232409381663
6,116,3800,10130,0.3751233958538993
6,117,7460,18340,0.40676117775354415
6,118,9380,36660,0.2558647026732133
6,120,8890,34980,0.25414522584333904
6,121,6620,45970,0.14400696106156188
6,123,1580,10420,0.15163147792706333
6,131,10530,55720,0.18898061737257718
6,132,7430,12410,0.5987107171635777
6,133,5490,12090,0.45409429280397023
6,138,1940,32280,0.060099132589838906
6,141,3150,16530,0.19056261343012704
6,142,7110,20050,0.3546134663341646
6,146,3380,13500,0.25037037037037035
6,147,5160,11710,0.4406490179333903
6,151,6020,11590,0.5194132873166523
6,152,3340,9650,0.3461139896373057
6,153,1110,8770,0.1265678449258837
6,154,4620,11270,0.40993788819875776
6,155,9140,29930,0.3053792181757434
6,156,4060,9970,0.40722166499498497
6,159,6010,10260,0.5857699805068226
6,160,7010,18840,0.37208067940552014
6,162,3850,10800,0.35648148148148145
6,163,11440,23730,0.48209018120522545
6,166,9900,12730,0.7776904948939513
6,169,1690,21490,0.07864122847836202
6,170,3950,10660,0.3705440900562852
6,171,8790,17800,0.49382022471910114
6,175,8840,16920,0.5224586288416075
6,176,11790,22310,0.5284625728372927
6,179,9080,10680,0.850187265917603
6,181,8070,19730,0.40902179422199697
6,182,5060,10540,0.48007590132827327
6,183,4440,10910,0.4069660861594867
6,186,10550,51030,0.2067411326670586
6,190,11680,15500,0.7535483870967742
6,191,3260,23760,0.13720538720538722
6,192,5120,33050,0.15491679273827533
6,193,15240,28940,0.5266067726330339
6,195,3470,11140,0.3114901256732496
6,196,2760,10770,0.2562674094707521
6,202,7260,12220,0.5941080196399345
6,203,4640,15310,0.3030698889614631
6,205,7150,25850,0.2765957446808511
6,207,5040,19770,0.2549317147192716
6,208,12250,53100,0.23069679849340866
6,209,27470,67560,0.4066015393724097
6,211,12090,26490,0.4563986409966025
6,212,9420,33670,0.27977427977427977
6,213,5840,11320,0.5159010600706714
6,214,2690,11150,0.24125560538116592
6,215,4810,11060,0.4349005424954792
6,216,8500,16800,0.5059523809523809
6,219,8650,11910,0.7262804366078925
6,221,5590,25650,0.2179337231968811
6,222,5480,25630,0.21381193913382754
6,223,4030,11120,0.36241007194244607
6,226,13290,29710,0.44732413328845505
6,227,4060,16470,0.24650880388585306
6,228,7470,25240,0.2959587955625991
6,229,6640,12390,0.5359160613397902
6,234,9120,12280,0.742671009771987
6,236,8900,11990,0.7422852376980817
6,237,12610,20280,0.6217948717948718
6,242,41960,57890,0.724822940058732
6,247,8490,20720,0.40974903474903474
6,249,9100,45120,0.20168439716312056
6,250,5250,11970,0.43859649122807015
6,251,3070,11440,0.26835664335664333
6,259,7760,11580,0.6701208981001727
6,260,8010,17730,0.4517766497461929
6,261,4690,9840,0.4766260162601626
6,262,4520,11190,0.40393208221626453
6,263,8720,31490,0.2769133058113687
6,268,2720,10810,0.25161887141535616
6,269,5670,12120,0.46782178217821785
6,272,8340,11190,0.7453083109919572
6,273,1020,12160,0.08388157894736842
6,277,10740,13530,0.7937915742793792
6,278,3060,12200,0.25081967213114753
6,279,5550,11010,0.5040871934604905
6,280,3280,11400,0.28771929824561404
6,282,570,11450,0.04978165938864629
6,286,4130,15900,0.259748427672956
6,287,510,18820,0.02709883103081828
6,288,8090,11530,0.7016478751084129
6,290,5410,12640,0.42800632911392406
6,291,1710,10910,0.15673693858845097
6,292,3140,11830,0.2654268808114962
6,293,1870,11480,0.16289198606271776
6,295,10560,19380,0.544891640866873
6,299,5780,11030,0.5240253853127833
6,300,4780,30660,0.15590345727332028
7,7,14420,19350,0.7452196382428941
7,8,6300,19830,0.3177004538577912
7,18,16580,47400,0.349789029535865
7,33,8270,40970,0.20185501586526727
7,91,14690,44070,0.3333333333333333
7,92,29780,57550,0.5174630755864466
7,110,26520,27930,0.949516648764769
7,111,2780,22870,0.1215566243987757
7,116,20960,49270,0.4254110006088898
7,120,12750,26930,0.47344968436687707
7,136,23270,52110,0.44655536365380927
7,142,3260,15930,0.20464532328939108
7,166,11680,18290,0.6386003280481137
7,184,31910,48280,0.6609362054681027
7,188,32570,59680,0.5457439678284183
7,190,48400,151370,0.31974631697165884
7,227,7370,9660,0.7629399585921325
7,229,17890,50870,0.351680754865343
7,236,8780,47610,0.1844150388573829
8,1,13940,53370,0.2611954281431516
8,2,4470,24320,0.18379934210526316
8,8,56280,83970,0.6702393712040015
8,12,8180,21730,0.37643810400368155
8,46,7800,18130,0.4302261445118588
8,48,11070,23260,0.4759243336199484
8,50,24790,66400,0.3733433734939759
8,51,9560,88090,0.10852537177886253
8,56,14950,22610,0.6612118531623176
8,73,10290,110520,0.09310532030401737
8,74,27630,132930,0.20785375761679079
8,93,14280,20590,0.6935405536668285
8,138,21700,31750,0.6834645669291338
8,155,5080,30360,0.1673254281949934
8,158,12490,54750,0.22812785388127854
8,177,135610,284810,0.47614198939643976
8,183,19640,43940,0.44697314519799725
8,200,5310,27680,0.19183526011560695
8,240,4220,31560,0.13371356147021546
8,241,9350,46900,0.19936034115138593
8,258,4780,37980,0.12585571353343866
8,259,2150,60120,0.035761809713905524
8,260,3140,30330,0.10352786020441807
9,7,8050,9000,0.8944444444444445
9,9,2940,8420,0.3491686460807601
9,11,19760,32980,0.5991510006064281
9,23,16200,66070,0.24519449069169064
9,26,39870,95800,0.4161795407098121
9,27,50490,358710,0.140754369825207
9,28,122480,410470,0.29838965088800645
9,29,20890,65020,0.32128575822823746
9,30,13290,52180,0.2546952855500192
9,36,24950,32580,0.7658072437077962
9,39,7430,9150,0.8120218579234972
9,40,14610,33640,0.4343043995243757
9,42,13680,121130,0.11293651448856601
9,43,129190,202750,0.6371886559802713
9,47,6820,8760,0.7785388127853882
9,52,21500,50360,0.42692613185067513
9,53,27150,40190,0.6755411793978602
9,54,6830,8110,0.842170160295931
9,55,28960,43510,0.6655941162951046
9,58,32300,49180,0.6567710451403009
9,59,22740,49850,0.45616850551654964
9,60,16380,45600,0.3592105263157895
9,63,25530,49630,0.5144066089059037
9,64,35460,55770,0.6358257127487896
9,65,13710,36080,0.3799889135254989
9,67,7570,9160,0.8264192139737991
9,68,33510,67060,0.4997017596182523
9,69,16100,45910,0.3506861250272272
9,70,30470,44520,0.6844115004492363
9,71,2390,16650,0.14354354354354354
9,73,27170,42050,0.6461355529131986
9,75,16880,40870,0.41301688279911913
9,80,5330,25550,0.2086105675146771
9,81,13070,41770,0.31290399808474983
9,82,33500,46580,0.7191927866036926
9,83,35770,48180,0.7424242424242424
9,84,22190,47740,0.46480938416422285
9,85,41770,50930,0.8201452974671117
9,87,26840,44910,0.5976397238922289
9,88,23130,47630,0.4856183077892085
9,89,11190,30730,0.3641392775789131
9,91,16420,42790,0.38373451741060993
9,92,15520,17240,0.9002320185614849
9,93,25480,37690,0.6760413902892014
9,94,33690,44490,0.7572488199595415
9,96,38430,48390,0.7941723496590205
9,98,10280,25760,0.39906832298136646
9,100,3650,8000,0.45625
9,101,16790,41770,0.40196313143404355
9,102,11980,17050,0.7026392961876833
9,103,3550,23770,0.14934791754312157
9,105,2950,9660,0.3053830227743271
9,107,29840,44590,0.6692083426777304
9,109,28870,34990,0.8250928836810517
9,111,38890,54480,0.7138399412628488
9,112,31050,55530,0.5591572123176661
9,113,10730,87140,0.12313518476015607
9,116,23050,46140,0.499566536627655
9,118,16020,17610,0.909710391822828
9,120,24130,48880,0.493657937806874
9,121,32640,49180,0.6636844245628304
9,122,21780,60510,0.35994050570153696
9,123,12440,18210,0.6831411312465678
9,128,22400,47330,0.4732727656877245
9,129,9980,18110,0.5510767531750415
9,134,115910,152610,0.75951772491973
9,138,16080,45290,0.35504526385515567
9,139,26530,39850,0.6657465495608532
9,145,13930,33210,0.41945197229750075
9,146,4480,25090,0.17855719410123555
9,149,6440,26660,0.2415603900975244
9,150,29610,57030,0.5192004208311415
9,151,23960,46160,0.5190641247833622
9,154,8020,30490,0.2630370613315841
9,155,14970,26520,0.5644796380090498
9,156,37310,48000,0.7772916666666667
9,157,14940,16810,0.8887566924449732
9,161,6200,26450,0.23440453686200377
9,162,9310,30380,0.3064516129032258
9,166,25110,34170,0.7348551360842844
9,167,28590,41450,0.6897466827503016
9,168,2040,7560,0.2698412698412698
9,169,23460,52170,0.44968372627947095
9,170,19450,47010,0.4137417570729632
9,172,15440,18690,0.8261102193686464
9,174,24830,124630,0.1992297199711145
9,175,38100,46430,0.8205901356881327
9,177,41250,53660,0.768729034662691
9,178,16660,18130,0.918918918918919
9,180,31400,36860,0.8518719479110146
9,183,32630,44330,0.7360703812316716
9,184,35780,47430,0.7543748682268606
9,185,27270,48440,0.5629644921552436
9,187,15000,44110,0.3400589435502154
9,188,34470,44630,0.7723504369258346
9,191,29200,43840,0.666058394160584
9,192,7620,17330,0.4396999422965955
9,198,34560,49370,0.7000202552157181
9,199,25670,50540,0.5079145231499802
9,201,37680,48020,0.7846730528946272
9,202,4720,17250,0.2736231884057971
9,204,19980,43900,0.455125284738041
9,206,28580,47420,0.6026992830029524
9,209,40670,52120,0.7803146584804298
9,212,12160,17570,0.6920887877063175
9,213,13290,27730,0.47926433465560764
9,214,46750,57780,0.8091034960193839
9,216,34290,44570,0.7693515817814673
9,220,24050,39930,0.6023040320560982
9,221,28780,47370,0.6075575258602491
9,222,33290,46390,0.7176115542142704
9,225,44320,60630,0.7309912584529111
9,226,14180,47660,0.29752412924884597
9,227,36550,56140,0.6510509440684005
9,229,16030,18790,0.8531133581692389
9,230,1840,25950,0.07090558766859345
9,231,32660,48760,0.6698113207547169
9,232,25410,45740,0.5555312636641889
9,233,33020,46430,0.7111781175963816
9,234,15580,17470,0.8918145392100744
9,239,35680,43040,0.828996282527881
9,240,1810,18270,0.09906951286261631
9,241,30920,38350,0.80625814863103
9,242,33120,46590,0.7108821635544108
9,243,25990,38930,0.6676085281274081
9,245,11040,25200,0.4380952380952381
9,248,12720,47150,0.26977730646871684
9,249,18200,39200,0.4642857142857143
9,253,19570,36040,0.5430077691453941
9,255,2110,42190,0.050011851149561505
9,257,11750,45990,0.25549032398347465
9,259,19040,30870,0.6167800453514739
9,260,2230,25870,0.08620023192887515
9,262,35680,110830,0.32193449427050436
9,263,28050,44100,0.6360544217687075
9,264,26490,35320,0.75
9,265,25650,33710,0.7609018095520617
9,267,42540,52880,0.8044629349470499
9,268,28470,51840,0.5491898148148148
9,269,14030,80270,0.17478510028653296
9,271,9010,26320,0.3423252279635258
9,272,34280,45580,0.7520842474769636
9,273,9830,45490,0.21609144867003738
9,274,40550,63380,0.6397917324076996
9,275,10890,16960,0.6420990566037735
9,277,3500,3820,0.9162303664921466
9,285,22130,33720,0.6562870699881376
9,286,2090,30170,0.06927411335764004
9,289,1280,7710,0.16601815823605706
9,292,32620,44870,0.7269890795631825
9,297,43350,53160,0.8154627539503386
9,298,16010,17860,0.8964165733482643
9,300,10710,26080,0.410659509202454
9,301,68420,81430,0.8402308731425765
9,302,19880,47070,0.4223496919481623
9,304,32240,53120,0.6069277108433735
9,305,29060,46000,0.6317391304347826
9,306,29350,43780,0.6703974417542257
9,308,35810,47700,0.7507337526205451
9,309,29310,44380,0.660432627309599
9,310,34100,46800,0.7286324786324786
9,311,9730,31020,0.3136686009026435
9,312,7550,25600,0.294921875
9,313,29130,44380,0.6563767462821091
9,314,7970,17360,0.45910138248847926
9,317,24320,45440,0.5352112676056338
9,318,25240,47040,0.5365646258503401
9,319,31000,45410,0.6826690156353226
9,321,3060,15540,0.1969111969111969
9,324,1650,4540,0.3634361233480176
9,325,10310,30700,0.33583061889250815
9,326,3950,12120,0.3259075907590759
9,331,30480,42380,0.7192071731949032
9,332,27000,47470,0.5687802822835475
9,333,1890,9320,0.20278969957081544
9,335,9000,30050,0.2995008319467554
9,337,7050,24130,0.29216742644011606
9,338,33550,48450,0.6924664602683178
10,7,16370,99770,0.16407737796932945
10,8,18300,101190,0.18084790987251706
10,30,4370,58840,0.07426920462270564
10,47,13570,41000,0.3309756097560976
10,83,58150,72370,0.8035097416056377
10,111,45340,55980,0.8099321186137907
10,155,32210,45050,0.7149833518312986
10,156,27230,32540,0.8368162261831592
10,163,2260,6830,0.3308931185944363
10,243,31480,60280,0.522229595222296
10,245,14930,89080,0.16760215536596318
10,271,12470,44800,0.27834821428571427
10,334,12000,116420,0.10307507301151005
10,337,13880,38500,0.3605194805194805
10,350,29860,105310,0.28354382299876557
10,351,14350,94670,0.1515791697475441
11,8,77450,100580,0.7700338039371645
11,9,25040,58170,0.4304624376826543
11,12,97970,111550,0.8782608695652174
11,16,51120,94000,0.5438297872340425
11,17,103010,112400,0.9164590747330961
11,18,14390,19920,0.7223895582329317
11,20,81110,108160,0.7499075443786982
11,21,48690,74260,0.6556692701319687
11,28,7260,25440,0.28537735849056606
11,29,19560,57350,0.34106364428945074
11,30,65000,189190,0.34356995612875946
11,31,9830,68970,0.14252573582717123
11,32,104330,116670,0.8942315933830463
11,33,50550,87510,0.5776482687692835
11,36,97480,110670,0.8808168428661788
11,37,54950,98100,0.5601427115188583
11,40,93060,112020,0.8307445099089449
11,41,35740,58240,0.6136675824175825
11,42,52120,117270,0.4444444444444444
11,45,37210,96290,0.38643680548343545
11,48,77070,101200,0.7615612648221344
11,51,72370,84130,0.8602163318673481
11,52,6170,20400,0.30245098039215684
11,55,1270,20100,0.06318407960199005
11,59,1530,22300,0.06860986547085202
11,63,140500,151240,0.9289870404654853
11,64,28350,99400,0.2852112676056338
11,69,95650,125330,0.7631851910955079
11,70,67160,91690,0.732468099029338
11,76,25690,107150,0.23975734951003266
11,78,59530,100700,0.5911618669314797
11,85,89140,102290,0.8714439339133835
11,87,5840,54920,0.10633648943918426
11,88,88630,114380,0.7748732295855919
11,89,5250,19170,0.27386541471048514
11,93,28580,114710,0.2491500305117252
11,101,121920,171060,0.7127323746054016
11,102,56400,88810,0.6350636189618286
11,105,92500,114340,0.8089907294035333
11,106,35140,108560,0.32369196757553426
11,108,97260,134870,0.7211388744717135
11,110,72790,92520,0.7867488110678772
11,113,74650,128770,0.5797157723072144
11,135,83720,117000,0.7155555555555555
11,158,106180,130230,0.8153267296321892
11,159,69080,98340,0.7024608501118568
11,161,71480,113690,0.6287272407423696
11,162,56790,93420,0.6078998073217726
11,163,97490,113700,0.8574318381706244
11,165,57310,95320,0.601237935375577
11,168,109570,136670,0.8017121533621131
11,171,32830,83440,0.3934563758389262
11,172,69960,113790,0.614816767730029
11,174,22180,87560,0.2533120146185473
11,178,31310,89800,0.34866369710467704
11,180,97200,109460,0.8879956148364699
11,189,88940,132420,0.6716508080350401
11,190,64390,101990,0.631336405529954
11,195,113090,154160,0.7335884795018163
11,197,56570,92180,0.6136906053373834
11,199,28350,86540,0.3275941761035359
11,200,16830,88520,0.19012652507907818
11,202,69140,86930,0.7953525825376739
11,204,36980,76250,0.48498360655737704
11,207,112660,126960,0.8873660995589162
11,208,46290,82900,0.5583835946924005
11,210,67140,97420,0.6891808663518785
11,214,2100,21480,0.09776536312849161
11,216,21390,86900,0.24614499424626007
11,217,11920,52900,0.22533081285444234
11,228,15390,30430,0.5057509037134407
11,229,60380,85880,0.7030740568234746
11,233,19700,39170,0.5029359203472045
11,235,21130,34890,0.6056176554886787
11,236,37100,66320,0.5594089264173703
11,237,72030,97340,0.7399835627696734
11,240,20140,62180,0.3238983596011579
11,243,35480,70710,0.5017677839060953
11,245,38540,55540,0.6939142960028808
11,246,81050,107280,0.7554996271439225
11,249,11200,43990,0.25460331893612187
11,252,67030,161320,0.4155095462434912
11,254,9790,54610,0.17927119575169384
11,256,8500,46260,0.1837440553393861
11,257,11650,79150,0.14718888186986734
11,261,92820,109410,0.8483685220729367
11,262,40560,90220,0.4495677233429395
11,264,69730,94770,0.735781365410995
11,265,79830,102710,0.7772368805374354
11,268,89820,117750,0.7628025477707007
11,269,29990,77630,0.3863197217570527
11,296,10070,15890,0.6337319068596602
11,302,3670,86240,0.0425556586270872
11,306,4500,11020,0.40834845735027225
11,308,92280,122430,0.7537368292085274
11,309,66930,104840,0.6384013735215567
11,311,2770,17010,0.1628453850676073
11,317,7930,18160,0.43667400881057267
11,320,33630,92040,0.36538461538461536
11,321,8880,71670,0.12390121389702805
11,322,92190,151750,0.6075123558484349
11,324,27660,90300,0.306312292358804
11,325,93070,179490,0.5185247088974316
11,330,46060,92900,0.49580193756727664
11,335,12670,20680,0.6126692456479691
11,339,24850,30940,0.8031674208144797
11,340,73360,97280,0.7541118421052632
11,343,4430,126090,0.035133634705369184
11,344,58210,101470,0.5736670937222824
11,347,58190,167700,0.3469886702444842
11,348,32920,96480,0.3412106135986733
11,349,91220,145700,0.6260809883321894
11,350,15130,22260,0.6796945193171609
11,351,7060,31460,0.22441195168467895
11,352,31530,146320,0.21548660470202297
11,353,37600,161740,0.23247186843081488
11,354,19270,79450,0.24254247954688482
11,364,93750,109530,0.8559298822240482
11,366,89970,116770,0.770488995461163
11,367,43720,87880,0.4974965862539827
11,368,82650,105610,0.7825963450430831
11,369,32470,77330,0.41988878830984094
11,370,53690,98570,0.544689053464543
11,371,10890,55680,0.19558189655172414
11,374,64960,122680,0.5295076622106293
11,375,18120,84130,0.21538095804112684
11,376,35430,53930,0.6569627294641202
11,378,3660,111360,0.03286637931034483
11,380,17820,82870,0.21503559792446
11,382,41340,121150,0.34122988031366075
11,383,16690,53600,0.3113805970149254
11,384,44830,109750,0.40847380410022777
11,385,111310,150160,0.7412759722962173
11,393,5840,20020,0.2917082917082917
11,394,5920,64360,0.09198259788688626
11,396,51530,76390,0.6745647336038748
11,399,99270,131930,0.7524444781323429
11,400,50890,81680,0.6230411361410382
11,401,19570,63800,0.3067398119122257
11,406,5280,20230,0.2609985170538804
11,409,27890,88220,0.3161414645205169
11,411,30290,84770,0.3573198065353309
11,412,740,20810,0.035559827006247
11,418,33900,148700,0.22797579018157363
11,421,24310,75830,0.320585520242648
11,426,96760,133780,0.7232770219763791
11,427,29050,38470,0.7551338705484794
11,428,24800,31520,0.7868020304568528
11,429,114200,138310,0.8256814402429326
11,431,4020,44270,0.09080641517957985
11,436,19380,86020,0.22529644268774704
11,437,5660,59860,0.09455395923822252
11,440,23890,88680,0.26939557961208843
11,442,23270,83160,0.2798220298220298
11,443,115280,161280,0.714781746031746
12,110,30120,194050,0.155217727389848
12,111,43360,198350,0.21860347869926897
12,137,4260,30370,0.14027000329272307
12,151,25870,80220,0.3224881575666916
12,156,2200,29290,0.07511095937179925
12,201,5140,58380,0.08804385063377869
12,212,2130,16630,0.1280817799158148
12,301,14130,53760,0.26283482142857145
12,348,27300,54850,0.4977210574293528
13,7,23610,42850,0.5509918319719953
13,10,11010,82650,0.13321234119782213
13,11,18880,43000,0.4390697674418605
13,19,27380,37230,0.7354284179425195
13,21,13980,19000,0.7357894736842105
13,22,17250,19650,0.8778625954198473
13,27,7130,31850,0.223861852433281
13,35,6800,35530,0.19138755980861244
13,36,12410,52790,0.23508240197007008
13,37,17380,41430,0.41950277576635286
13,42,11770,25260,0.4659540775930325
13,43,8570,35170,0.24367358544213819
13,45,13920,19000,0.7326315789473684
13,46,18860,21460,0.8788443616029823
13,51,12200,35760,0.34116331096196867
13,53,17420,18660,0.9335476956055734
13,54,31070,40100,0.7748129675810473
13,58,7920,31760,0.24937027707808565
13,60,6210,42580,0.14584311883513387
13,61,18100,41840,0.4326003824091778
13,64,11700,29070,0.4024767801857585
13,66,8830,55740,0.1584140653031934
13,67,12800,54170,0.23629315119069597
13,71,9410,36550,0.25745554035567714
13,74,9270,21080,0.43975332068311196
13,76,32210,40320,0.798859126984127
13,90,6360,37890,0.16785431512272367
13,91,20880,55950,0.3731903485254692
13,101,9080,40340,0.22508676251859197
13,102,9970,57640,0.17297015961138099
13,126,17040,19510,0.8733982573039467
13,127,20440,27940,0.7315676449534717
13,133,1870,17760,0.10529279279279279
13,149,14030,17850,0.7859943977591036
13,150,14650,41750,0.3508982035928144
13,155,6030,32950,0.18300455235204857
13,156,6430,35410,0.1815871222818413
13,157,55990,77640,0.7211488923235445
13,167,8110,40600,0.19975369458128078
13,177,13640,17970,0.7590428491930996
13,178,6260,18540,0.3376483279395901
13,183,830,38820,0.02138073158165894
13,187,16300,19170,0.8502869066249348
13,188,2440,20280,0.1203155818540434
13,193,44020,75360,0.5841295116772823
13,198,19540,40110,0.48716030914983793
13,201,12450,35650,0.3492286115007013
13,202,8080,33390,0.2419886193471099
13,205,11330,17260,0.6564310544611819
13,206,17320,19230,0.9006760270410816
13,210,50190,59980,0.8367789263087696
13,212,19530,53470,0.36525154292126427
13,224,43740,50820,0.8606847697756789
13,227,15120,36810,0.41075794621026895
13,236,7130,44050,0.16186152099886492
13,239,4220,36440,0.11580680570801317
13,243,9640,20090,0.4798407167745147
13,248,13740,18980,0.7239199157007377
13,250,7880,18150,0.43415977961432506
13,252,4910,18220,0.2694840834248079
13,253,24020,40290,0.5961777115909656
13,254,7160,36280,0.19735391400220506
13,256,16060,34200,0.4695906432748538
13,257,10180,40500,0.25135802469135804
13,260,8490,39110,0.21708003068268986
13,265,23610,39840,0.5926204819277109
13,266,3100,34260,0.09048453006421482
13,268,8850,16830,0.5258467023172906
13,269,32130,41810,0.7684764410428128
13,279,710,19380,0.03663570691434469
13,281,10120,18450,0.548509485094851
13,282,13550,28200,0.4804964539007092
13,288,3240,40600,0.07980295566502463
13,298,44490,55100,0.8074410163339383
13,300,10840,17500,0.6194285714285714
13,301,18200,19720,0.922920892494929
13,306,9800,17570,0.5577689243027888
13,308,15310,22500,0.6804444444444444
13,318,11120,37220,0.2987641053197206
13,319,27750,55040,0.5041787790697675
13,330,7250,34270,0.21155529617741464
13,332,18700,20130,0.9289617486338798
13,339,16190,17610,0.9193639977285634
13,340,23620,27790,0.8499460237495502
13,348,24570,36020,0.6821210438645197
13,349,1720,21520,0.07992565055762081
13,353,4330,40350,0.10731102850061958
13,354,1050,40880,0.025684931506849314
13,359,13540,18030,0.7509706045479756
13,360,12190,19290,0.631933644375324
13,364,12430,66270,0.18756601780594537
13,365,7870,33910,0.23208493069890887
13,367,13020,18230,0.714207350521119
13,368,6600,15680,0.42091836734693877
13,376,6290,38680,0.1626163391933816
13,377,14710,38780,0.37931923671995876
14,231,5390,47260,0.11404993652137115
14,232,6640,32410,0.2048750385683431
14,634,1180,15160,0.07783641160949868
14,678,7680,100160,0.07667731629392971
15,236,1260,16100,0.0782608695652174
15,252,6160,10890,0.5656565656565656
15,264,4640,10150,0.45714285714285713
15,274,2920,10350,0.2821256038647343
15,275,5850,10470,0.5587392550143266
15,276,1010,11170,0.09042076991942703
15,280,940,10660,0.08818011257035648
15,300,5040,9990,0.5045045045045045
15,308,4390,10320,0.4253875968992248
15,326,2620,10080,0.25992063492063494
15,332,4000,9840,0.4065040650406504
15,341,4530,10490,0.43183984747378457
16,63,15730,42880,0.3668376865671642
16,285,59300,92110,0.6437954619476712
17,15,9980,69920,0.1427345537757437
17,26,11420,26060,0.4382194934765925
17,33,11010,23290,0.4727350794332332
17,42,10320,28280,0.3649222065063649
17,52,8380,11750,0.7131914893617022
17,56,1990,11950,0.16652719665271967
17,58,2450,11610,0.21102497846683893
17,60,10260,14880,0.6895161290322581
17,69,12110,16700,0.7251497005988023
17,71,5550,11990,0.4628857381150959
17,73,3340,13540,0.2466765140324963
17,79,6690,142690,0.04688485528067839
17,85,5460,28090,0.19437522249911
17,91,960,10940,0.08775137111517367
17,92,7660,15050,0.5089700996677741
17,97,28720,32860,0.8740109555690809
17,98,32290,47120,0.6852716468590832
17,106,7690,11020,0.6978221415607986
17,107,3630,18100,0.2005524861878453
17,120,6550,16540,0.39600967351874244
17,122,8240,23440,0.3515358361774744
17,126,14120,27380,0.5157048940832725
17,127,10320,14030,0.7355666429080542
17,135,13380,36400,0.3675824175824176
17,146,7030,12040,0.5838870431893688
17,155,39240,57410,0.6835046159205713
17,157,23120,42980,0.5379246161005119
17,162,25380,29560,0.8585926928281461
17,170,3650,15160,0.2407651715039578
17,175,13690,23330,0.586798114016288
17,203,4350,26080,0.16679447852760737
17,232,11070,13480,0.8212166172106825
17,239,1620,12110,0.1337737407101569
17,241,18420,26580,0.6930022573363431
17,245,11910,12270,0.9706601466992665
17,259,27540,29200,0.9431506849315069
17,263,14450,16150,0.8947368421052632
17,278,1800,48500,0.03711340206185567
17,280,15580,28070,0.5550409690060563
17,307,13390,27710,0.4832190544929628
17,321,2250,33260,0.06764882742032471
17,324,13110,15020,0.8728362183754993
17,331,5260,14040,0.37464387464387466
17,359,8890,46330,0.19188430822361321
17,422,570,13660,0.04172767203513909
17,427,10110,13580,0.7444771723122239
17,489,23680,31060,0.7623953638119768
17,515,4120,13870,0.29704397981254504
17,524,9370,14790,0.6335361730899256
17,542,5130,14210,0.3610133708655876
17,543,12680,25440,0.49842767295597484
17,544,40720,63700,0.6392464678178964
17,545,42610,79620,0.535167043456418
17,550,3210,15280,0.2100785340314136
17,558,16020,27340,0.5859546452084857
17,578,19680,26740,0.7359760658189978
17,579,5090,11630,0.4376612209802236
17,581,13030,15070,0.8646317186463172
17,585,7840,14290,0.5486354093771868
17,604,7050,14430,0.4885654885654886
17,634,4150,14570,0.2848318462594372
17,667,11480,14720,0.779891304347826
17,688,8090,25780,0.3138091543832428
17,700,133450,362830,0.36780310338174904
17,701,46480,407120,0.11416781292984869
17,708,555290,613190,0.9055757595525041
17,709,258780,377770,0.6850199857055881
17,731,770,14400,0.05347222222222222
17,756,5090,25750,0.19766990291262135
17,758,7310,22480,0.3251779359430605
17,771,56570,70280,0.8049231644849175
18,1,19340,53310,0.362783717876571
18,186,39480,64340,0.6136151694124962
18,610,37600,97840,0.38430089942763695
20,1,15890,44220,0.35933966530981454
20,9,19290,36460,0.5290729566648382
20,10,18470,59190,0.31204595370839666
20,11,58650,104070,0.5635629864514269
20,12,46560,80410,0.5790324586494218
20,17,16820,29230,0.5754361956893602
20,18,15000,37670,0.39819485001327315
20,52,9760,19120,0.5104602510460251
20,53,22700,23760,0.9553872053872053
20,62,7910,16780,0.47139451728247916
20,63,13880,21570,0.6434863235975893
20,119,19330,34720,0.5567396313364056
20,120,3810,39470,0.09652900937420826
20,137,21390,38990,0.5486022056937676
20,162,5780,20610,0.2804463852498787
20,163,14140,20220,0.6993076162215628
20,179,1950,134730,0.01447339122689824
20,181,1980,139650,0.01417830290010741
20,215,101530,139740,0.7265636181479891
20,216,75930,122740,0.6186247352126446
20,228,18010,36370,0.49518834204014295
20,229,35420,48770,0.7262661472216526
20,243,41670,93290,0.44667166898917354
20,262,14480,16740,0.8649940262843488
20,263,19850,47990,0.41362783913315276
20,294,115730,148230,0.7807461377588882
20,296,1400,148090,0.0094537105814032
20,351,70800,113160,0.6256627783669141
20,358,13910,28370,0.4903066619668664
20,359,20190,32720,0.6170537897310513
20,367,25310,70510,0.35895617642887534
20,445,18840,19300,0.9761658031088083
20,448,26400,221510,0.11918197824026003
20,461,6260,30720,0.20377604166666666
20,496,8930,23030,0.3877551020408163
20,497,30610,33230,0.9211555823051459
20,522,6440,22220,0.28982898289828984
21,2,18170,20380,0.8915603532875368
21,3,126130,143950,0.8762070163251129
21,9,10960,33780,0.32445233866193013
21,12,11550,56560,0.2042079207920792
21,15,3530,33120,0.10658212560386474
21,21,53300,83350,0.6394721055788842
21,22,47180,74030,0.6373091989733891
21,23,9940,69270,0.14349646311534575
21,26,54160,74380,0.7281527292282872
21,29,47620,56390,0.8444759709168292
21,32,9280,15810,0.5869702719797596
21,33,6730,36050,0.18668515950069348
21,34,20170,70670,0.28541106551577755
21,36,25540,120520,0.21191503484898772
21,37,75830,142730,0.531282841729139
21,43,1400,23290,0.06011163589523401
21,45,8890,40230,0.22097936863037534
21,49,11170,30070,0.37146657798470234
21,50,19300,120720,0.15987408880053014
21,52,24130,74180,0.3252898355351847
21,53,23080,43240,0.5337650323774283
21,59,26490,58100,0.4559380378657487
21,61,660,27860,0.023689877961234746
21,68,26310,31730,0.8291837377875827
21,71,8420,33720,0.24970344009489917
21,76,25510,53950,0.47284522706209453
21,79,21310,31310,0.6806132226125838
21,86,7200,47000,0.15319148936170213
21,87,18310,64900,0.28212634822804317
21,88,9830,22430,0.4382523406152474
21,99,13080,63220,0.20689655172413793
21,101,4180,45920,0.09102787456445993
21,106,6430,32520,0.19772447724477243
21,108,13140,45800,0.2868995633187773
21,110,41110,88990,0.4619620182042926
21,111,6730,20540,0.3276533592989289
21,114,7530,28230,0.2667375132837407
21,116,39640,47600,0.8327731092436975
21,123,12740,32270,0.3947939262472885
21,124,28900,82310,0.3511116510752035
21,125,32650,58950,0.5538592027141646
21,127,112820,129860,0.8687817649776682
21,131,6240,42520,0.14675446848541862
21,132,27580,66370,0.41554919391291245
21,137,6920,28290,0.24460940261576528
21,138,23440,52910,0.443016443016443
21,141,52030,86310,0.602827018885413
21,143,7460,11260,0.6625222024866785
21,144,4020,21310,0.18864382918817457
21,158,25860,54500,0.4744954128440367
21,161,17080,55180,0.30953243928959767
21,162,11260,74480,0.1511815252416756
21,171,34100,66280,0.5144840072420036
21,172,4570,67820,0.06738425243291064
21,178,29710,32340,0.9186765615337044
21,182,33160,42260,0.7846663511594889
21,186,13390,87590,0.15287133234387487
21,188,9570,26370,0.36291240045506257
21,191,35110,45370,0.7738593784439056
21,197,30690,51800,0.5924710424710424
21,199,8670,14470,0.5991706979958535
21,200,6930,40540,0.17094227923038974
21,202,8720,46090,0.189195053156867
21,210,1080,2150,0.5023255813953489
21,213,830,17660,0.04699886749716874
21,214,13270,41320,0.32115198451113264
21,223,15010,54550,0.275160403299725
21,225,13080,47290,0.2765912455064496
21,226,1840,2590,0.7104247104247104
21,232,10020,69350,0.1444844989185292
21,235,9900,54660,0.18111964873765093
21,238,3660,40440,0.09050445103857567
21,249,9430,20670,0.4562167392356072
21,255,11810,72820,0.16218071958253227
21,262,17540,57390,0.30562815821571704
21,270,9060,70750,0.1280565371024735
21,271,23220,41030,0.5659273702169144
21,272,6540,48610,0.13454021806212713
21,273,27810,82490,0.33713177354830887
21,277,12010,57040,0.2105539971949509
21,281,34190,42040,0.8132730732635585
21,284,33670,65900,0.5109256449165402
21,289,5370,16490,0.32565191024863555
21,292,22910,87870,0.2607260726072607
21,307,103220,225340,0.4580633709061862
21,310,21950,41530,0.5285335901757765
21,316,10450,93480,0.11178861788617886
21,321,23890,33360,0.7161270983213429
21,333,30490,60610,0.5030523016003959
21,337,10380,20390,0.5090730750367828
21,341,9460,21360,0.44288389513108617
21,342,1940,15990,0.12132582864290181
21,346,32800,66750,0.49138576779026216
21,357,22620,30280,0.7470277410832232
21,361,20210,70080,0.288384703196347
21,362,9770,47130,0.2072989603225122
21,364,40410,72880,0.5544731064763996
21,366,50270,70660,0.7114350410416077
21,367,23500,45030,0.52187430601821
21,368,40260,81640,0.493140617344439
21,369,12850,68930,0.18642100681851154
21,371,5700,43390,0.13136667434892832
21,372,3130,51870,0.0603431656063235
21,383,2800,20110,0.139234211834908
21,384,8790,16450,0.5343465045592705
21,387,15710,41760,0.3761973180076628
21,391,93970,440350,0.2133984330646077
21,397,118410,339200,0.3490860849056604
21,401,18390,32470,0.5663689559593471
21,402,10880,42040,0.2588011417697431
21,406,7510,16380,0.45848595848595847
21,410,580,10710,0.05415499533146592
21,412,20940,72280,0.28970669618151634
21,419,4660,32680,0.14259485924112608
21,420,23130,38150,0.6062909567496724
21,421,2230,2430,0.9176954732510288
21,427,7890,9700,0.8134020618556701
21,430,2030,65720,0.030888618381010348
21,437,1900,15690,0.12109623964308477
21,440,42890,44240,0.9694846292947559
21,444,1400,65550,0.02135774218154081
21,446,40770,47220,0.863405336721728
21,455,12710,40260,0.31569796323894683
21,459,17150,84030,0.2040937760323694
21,464,2040,16550,0.12326283987915408
21,469,8290,41890,0.19789925996657914
21,470,19800,47190,0.4195804195804196
21,471,25490,30950,0.8235864297253634
21,472,11330,44860,0.25256353098528755
21,478,20670,36460,0.5669226549643445
21,480,12190,27290,0.44668376694759987
21,484,19900,40650,0.48954489544895446
21,493,17930,46430,0.3861727331466724
21,494,1330,2100,0.6333333333333333
21,497,6220,22120,0.28119349005424954
21,500,30940,40600,0.7620689655172413
21,507,11720,40560,0.28895463510848124
21,508,11970,43450,0.2754890678941312
21,517,5290,13310,0.39744552967693464
21,519,2210,15560,0.14203084832904883
21,520,28970,46450,0.6236813778256189
21,523,16800,55510,0.3026481715006305
21,525,41570,55230,0.7526706500090531
21,533,28240,31890,0.885544057698338
21,536,7260,42350,0.17142857142857143
21,545,38620,41550,0.929482551143201
21,549,14370,43370,0.3313350242102836
21,558,4510,16930,0.2663910218546958
21,561,13870,53700,0.2582867783985102
21,563,48180,55320,0.8709327548806941
21,565,7460,21760,0.3428308823529412
21,573,19780,65420,0.30235402017731583
21,576,3790,6590,0.575113808801214
21,578,62050,97550,0.6360840594566889
22,5,24100,50950,0.4730127576054956
22,7,32310,107040,0.30184977578475336
22,13,15400,20960,0.7347328244274809
22,23,19480,33140,0.587809293904647
22,25,100590,108780,0.9247104247104247
22,27,77490,102460,0.7562951395666602
22,30,10320,30580,0.33747547416612167
22,43,20310,34000,0.5973529411764706
22,50,24330,38020,0.6399263545502367
22,56,19690,27200,0.7238970588235294
22,65,97860,190130,0.5147004681007732
22,66,96170,196220,0.4901131383141372
22,74,770,16880,0.04561611374407583
22,76,53470,151880,0.3520542533579141
23,21,4080,75550,0.05400397088021178
23,30,8610,38850,0.22162162162162163
23,35,2120,48650,0.04357656731757451
23,50,3550,9940,0.35714285714285715
23,106,2750,10020,0.2744510978043912
23,113,3150,9870,0.3191489361702128
23,116,9160,11130,0.8230008984725966
23,122,9390,19780,0.4747219413549039
23,126,7330,10530,0.6961063627730294
23,134,3960,9610,0.4120707596253902
23,148,7870,35690,0.2205099467637994
23,155,3380,10310,0.32783705140640157
23,171,960,10540,0.09108159392789374
23,173,37630,235020,0.16011403284826822
23,175,16220,198980,0.08151573022414313
23,180,3210,34500,0.09304347826086956
23,181,4600,10310,0.44616876818622697
23,193,6280,10160,0.6181102362204725
23,198,1570,10060,0.15606361829025844
23,200,11200,34920,0.3207331042382589
23,202,1100,11450,0.09606986899563319
23,209,12570,30920,0.40653298835705043
23,213,610,10040,0.060756972111553786
23,222,2130,11270,0.18899733806566105
23,231,8110,9100,0.8912087912087913
23,234,7160,20770,0.34472797303803565
23,235,9360,18280,0.5120350109409191
23,236,8840,10300,0.858252427184466
23,240,7600,10320,0.7364341085271318
23,244,4500,10040,0.448207171314741
23,247,4930,11090,0.44454463480613166
23,258,1140,10290,0.11078717201166181
23,259,7590,11260,0.6740674955595026
23,280,600,10330,0.05808325266214908
23,284,570,10830,0.05263157894736842
23,292,2370,10760,0.22026022304832713
23,303,5960,34400,0.17325581395348838
23,305,14610,111870,0.13059801555376777
23,306,5570,219800,0.025341219290263877
23,308,8360,11290,0.7404782993799823
24,51,5790,23660,0.24471682163989855
24,82,3190,22040,0.14473684210526316
24,89,56040,98080,0.5713703099510603
24,92,21030,63550,0.33092053501180174
24,105,2900,16550,0.17522658610271905
24,143,3280,15310,0.21423905943827565
24,149,104390,162900,0.6408225905463475
24,156,44390,77960,0.5693945613134941
24,157,26540,56290,0.4714869426185823
24,158,27400,51410,0.5329702392530636
24,165,27770,92340,0.3007364089235434
24,167,41970,105520,0.3977445034116755
24,184,11240,49650,0.22638469284994964
24,201,47980,105250,0.45586698337292164
24,202,840,119220,0.007045797684952189
24,220,46330,61020,0.7592592592592593
24,221,23670,60870,0.38886150813208475
24,225,37960,60410,0.6283727859625889
24,236,10660,56430,0.18890660995924155
24,238,18590,49300,0.377079107505071
24,265,56630,105980,0.5343461030383091
24,266,16210,107710,0.15049670411289573
24,296,8850,52270,0.16931318155729863
24,297,27010,51170,0.5278483486417823
24,301,64020,115070,0.5563570000869036
24,302,99830,117210,0.8517191365924409
24,303,13030,79870,0.1631401026668336
24,311,20640,58160,0.35488308115543327
24,318,15090,32080,0.47038653366583544
24,320,10540,41010,0.2570104852475006
24,416,9170,22860,0.4011373578302712
24,417,31410,55300,0.567992766726944
24,433,6540,13500,0.48444444444444446
24,463,24290,48910,0.4966264567573093
24,522,38830,58320,0.6658093278463649
24,523,22870,48550,0.4710607621009269
24,525,15060,29010,0.5191313340227508
25,8,4480,10200,0.4392156862745098
25,12,10510,12020,0.8743760399334443
25,14,4000,10550,0.3791469194312796
25,15,1010,10940,0.0923217550274223
25,26,55060,111590,0.4934133882964423
25,49,4170,206900,0.02015466408893185
25,50,2420,11360,0.2130281690140845
25,56,7210,10580,0.6814744801512287
25,59,4160,10380,0.4007707129094412
25,64,2140,14190,0.15081042988019733
25,70,3780,13400,0.282089552238806
25,78,2230,10020,0.22255489021956087
25,82,7240,10460,0.6921606118546845
25,86,8920,10050,0.8875621890547264
25,96,3900,10410,0.3746397694524496
25,107,5560,9420,0.5902335456475584
25,110,4220,8720,0.48394495412844035
25,112,5980,9620,0.6216216216216216
25,116,5150,9260,0.5561555075593952
25,117,4990,9720,0.5133744855967078
25,135,1420,13790,0.10297316896301668
25,136,4950,10260,0.4824561403508772
25,141,2560,10170,0.25172074729596855
25,142,2270,13090,0.173414820473644
25,144,5720,10140,0.5641025641025641
25,152,8400,14220,0.5907172995780591
25,154,6010,11030,0.5448776065276518
25,155,2890,9380,0.30810234541577824
25,157,1300,10870,0.11959521619135234
25,158,8040,13590,0.5916114790286976
25,159,7550,9570,0.7889237199582028
25,167,6820,10770,0.6332404828226555
25,170,1530,10350,0.14782608695652175
25,171,2740,9910,0.27648839556004035
25,175,2180,10410,0.20941402497598463
25,177,7800,10180,0.7662082514734774
25,181,1780,10110,0.17606330365974282
25,183,1750,13100,0.13358778625954199
25,202,5310,9860,0.5385395537525355
25,217,4750,10390,0.4571703561116458
26,1,21850,22470,0.9724076546506453
26,27,7860,69430,0.11320754716981132
26,28,47450,71390,0.6646589158145398
26,29,19010,69280,0.2743937644341801
26,32,17140,68360,0.25073142188414277
26,33,22100,72600,0.3044077134986226
26,37,34560,62110,0.5564321365319594
26,38,26240,85810,0.3057918657499126
26,44,33600,72730,0.4619826756496631
26,47,17240,68020,0.25345486621581886
26,48,7450,72210,0.1031713059133084
26,49,8720,33210,0.26257151460403494
26,50,8150,30490,0.2673007543456871
26,51,41200,77940,0.5286117526302284
26,63,36620,76430,0.47913123119194034
26,68,20530,66170,0.31026144778600573
26,75,58450,79370,0.7364243416908152
26,76,48300,79860,0.6048084147257701
26,77,19880,95570,0.20801506748979806
26,78,5520,95050,0.05807469752761704
26,90,4220,80570,0.05237681519175872
26,91,3960,69220,0.05720889916209188
26,94,22800,71480,0.318970341354225
26,95,10900,75480,0.1444091149973503
26,101,24900,70640,0.35249150622876557
26,102,18110,69710,0.259790560895137
26,108,27860,81860,0.3403371610065966
26,109,19420,73250,0.26511945392491465
26,118,9230,11790,0.7828668363019508
26,121,10150,18140,0.5595369349503859
26,122,49470,75600,0.6543650793650794
26,123,22680,68490,0.3311432325886991
26,125,9600,87070,0.11025611576892155
26,126,8430,67560,0.12477797513321492
26,129,3890,13660,0.2847730600292826
26,135,4480,12180,0.367816091954023
26,136,6270,11690,0.5363558597091531
26,144,13880,92120,0.15067303517151542
26,145,3210,71670,0.0447886144830473
26,146,27540,70450,0.3909155429382541
26,147,20020,71390,0.28043143297380585
26,149,13440,70590,0.19039524011899703
26,150,67240,96860,0.6941978112740037
26,157,27190,72890,0.3730278501852106
26,160,41620,77850,0.5346178548490688
26,162,8890,66680,0.13332333533293342
26,163,16760,71240,0.2352610892756878
26,165,19150,87210,0.21958490998738678
26,166,10240,80310,0.12750591458099864
26,168,11790,68480,0.17216705607476634
26,170,54620,115160,0.4742966307745745
27,1,11570,35290,0.32785491640691417
27,2,21470,43130,0.4977973568281938
27,3,33300,46410,0.7175177763413058
27,5,26510,29890,0.8869187019069923
27,8,10490,26710,0.3927368026956196
27,11,16110,39440,0.4084685598377282
27,12,1540,26850,0.05735567970204842
27,14,24240,26700,0.9078651685393259
27,17,14130,28760,0.49130737134909597
27,21,14110,81500,0.1731288343558282
27,22,35210,44980,0.782792352156514
27,24,45580,56530,0.8062975411286043
27,25,5300,29060,0.182381280110117
27,27,36520,41930,0.8709754352492249
27,30,26210,51430,0.5096247326463154
27,31,21260,29410,0.7228833730023801
27,34,17360,27970,0.6206649982123704
27,36,27870,41350,0.6740024183796857
27,38,4010,51500,0.07786407766990291
27,39,5580,29350,0.19011925042589436
27,40,12580,46940,0.268001704303366
27,41,5170,25290,0.2044286279161724
27,45,35720,48310,0.7393914303456841
27,51,31680,49120,0.6449511400651465
27,52,46340,49280,0.9403409090909091
27,55,28330,53680,0.5277570789865872
27,56,24770,39500,0.6270886075949367
27,62,29180,41020,0.711360312042906
27,63,21180,41400,0.5115942028985507
27,64,4060,36920,0.10996749729144095
27,65,31180,57250,0.5446288209606986
27,68,2210,11330,0.19505736981465135
27,69,20370,28020,0.7269807280513919
27,70,12330,24960,0.49399038461538464
27,71,1870,27360,0.06834795321637427
27,74,16820,24090,0.6982150269821503
27,78,8520,27960,0.30472103004291845
27,80,7040,28790,0.2445293504689128
27,83,8260,24040,0.34359400998336104
27,84,43170,52060,0.8292354975028813
27,88,32410,45760,0.7082604895104895
27,89,36570,42750,0.8554385964912281
27,90,1600,30220,0.05294506949040371
27,95,14630,36560,0.400164113785558
27,97,18620,50680,0.3674033149171271
27,101,14350,32340,0.44372294372294374
27,102,24630,41610,0.5919250180245134
27,107,20390,28270,0.7212592854616201
27,109,13870,40130,0.345626713182158
27,113,22420,27460,0.8164603058994901
27,116,40210,52400,0.7673664122137405
27,117,19770,41360,0.4779980657640232
27,119,35750,46160,0.7744800693240901
27,121,24010,48810,0.4919073960254046
27,127,15660,30640,0.5110966057441253
27,129,26950,46710,0.5769642474844787
27,130,26220,31720,0.8266078184110971
27,134,520,48680,0.010682004930156122
27,135,41540,48600,0.8547325102880658
27,143,9260,27480,0.3369723435225619
27,145,21500,26600,0.8082706766917294
27,148,27420,50970,0.5379635079458505
27,149,6880,32950,0.2088012139605463
27,151,33090,51390,0.6438995913601868
27,152,33550,40600,0.8263546798029556
27,159,40880,43030,0.9500348594004183
27,163,33260,41570,0.800096223237912
27,164,31380,41110,0.7633179275115544
27,170,18110,34910,0.5187625322257233
27,171,13310,48620,0.2737556561085973
27,172,15500,27310,0.5675576711827169
27,173,2380,32740,0.07269395235186317
27,176,28000,42130,0.6646095418941372
27,178,23640,43880,0.5387420237010028
27,179,32550,42840,0.7598039215686274
27,181,31670,38880,0.8145576131687243
27,182,37570,40430,0.9292604501607717
27,184,5650,27710,0.2038975099242151
27,185,12880,42380,0.3039169419537518
27,186,40240,45880,0.8770706190061028
27,187,33510,39540,0.8474962063732928
27,190,31390,66500,0.4720300751879699
27,192,8570,50680,0.1691002367797948
27,194,13690,50680,0.27012628255722176
27,195,11880,29180,0.40712816997943796
27,197,1990,22890,0.08693752730449979
27,198,17880,26240,0.6814024390243902
27,200,25380,41080,0.6178188899707887
27,201,19280,40550,0.475462392108508
27,203,22240,38020,0.5849552866912151
27,204,55050,72310,0.7613054902503111
27,205,19720,29110,0.6774304362761937
27,210,22450,42150,0.5326215895610913
27,212,110960,134100,0.8274422073079791
27,213,24550,71550,0.34311670160726765
27,214,141390,206550,0.6845315904139434
27,216,22330,32150,0.694556765163297
27,220,5750,25190,0.22826518459706233
27,221,7750,24720,0.31351132686084143
27,227,21980,32730,0.6715551481820959
27,228,17180,26770,0.6417631677250654
27,230,12450,35100,0.3547008547008547
27,231,23510,44510,0.528195911031229
27,234,20470,35150,0.5823613086770981
27,235,2680,9320,0.2875536480686695
27,238,14800,53660,0.27581065970928065
27,243,34360,47580,0.7221521647751156
27,244,13300,77190,0.17230211167249643
27,247,2930,3510,0.8347578347578347
27,251,29290,97890,0.29921340279906017
27,253,23370,37960,0.6156480505795574
27,254,20650,26310,0.7848726719878373
27,257,8730,23610,0.3697585768742058
27,259,41860,42590,0.9828598262502934
27,262,36400,43500,0.8367816091954023
27,263,91990,180410,0.5098941300371377
27,265,78690,189020,0.41630515289387365
27,266,28810,40120,0.7180957128614157
27,268,33290,43390,0.7672274717676885
27,270,22280,36960,0.6028138528138528
27,271,34640,39360,0.8800813008130082
27,282,7040,35530,0.19814241486068113
27,283,21210,27210,0.7794928335170893
27,285,30400,43130,0.7048458149779736
27,301,37000,41850,0.8841099163679809
27,305,44750,49910,0.8966139050290522
27,307,19710,41040,0.48026315789473684
27,308,25030,44750,0.5593296089385474
27,310,20680,106920,0.1934156378600823
27,320,13040,29010,0.44950017235436057
27,323,12320,30790,0.4001299123091913
27,324,17240,54180,0.3181985972683647
27,325,23030,34230,0.6728016359918201
27,327,15360,46500,0.3303225806451613
27,328,37740,44310,0.8517264725795531
27,332,28640,42190,0.6788338468831476
27,333,2680,31930,0.08393360476041341
27,336,17910,44130,0.40584636301835486
27,337,37640,45360,0.8298059964726632
27,340,35050,43230,0.8107795512375665
27,344,10250,25100,0.40836653386454186
27,350,2070,3300,0.6272727272727273
27,354,2710,28350,0.09559082892416226
27,355,20600,30930,0.6660200452634982
27,359,20040,44290,0.4524723413863175
27,362,41320,42550,0.9710928319623972
27,363,37540,43970,0.8537639299522402
27,365,18540,42570,0.4355179704016913
27,366,35220,39350,0.8950444726810673
27,367,34730,43730,0.7941916304596387
27,372,48630,56430,0.8617756512493354
27,373,12730,42010,0.303023089740538
27,374,5820,41890,0.13893530675578897
27,375,40460,51650,0.783349467570184
27,377,29990,43560,0.688475665748393
27,381,25770,34520,0.746523754345307
27,384,26470,68120,0.38857897827363475
27,391,23760,46450,0.5115177610333692
27,392,30580,51460,0.5942479595802566
27,393,36220,54780,0.6611902154070829
28,206,15830,38300,0.4133159268929504
29,59,12030,15840,0.759469696969697
29,61,16870,74880,0.22529380341880342
29,62,8110,35380,0.2292255511588468
29,71,9920,76870,0.12904904384024976
29,83,39160,54710,0.7157740815207457
29,85,21140,72690,0.29082404732425365
29,132,20560,55960,0.3674052894924946
29,168,39540,57020,0.6934408979305506
29,212,22340,57170,0.3907643869162148
29,213,44170,56960,0.7754564606741573
29,218,1540,19450,0.07917737789203085
29,238,39160,61180,0.6400784570120954
29,481,10440,51190,0.2039460832193788
29,605,59080,269570,0.21916385354453388
29,607,78210,87920,0.8895586897179254
29,635,13280,29590,0.44880027036160863
29,672,7720,15760,0.48984771573604063
29,680,43740,74500,0.5871140939597316
30,119,19200,36580,0.5248769819573538
30,142,5580,36600,0.15245901639344261
30,177,1920,20490,0.09370424597364568
30,188,23840,38300,0.6224543080939948
30,199,15180,52020,0.2918108419838524
30,222,19190,35610,0.5388935692221286
30,271,11270,19840,0.5680443548387096
30,287,1740,34810,0.04998563631140477
30,301,7410,36040,0.20560488346281908
30,324,15500,35550,0.4360056258790436
30,339,21370,38350,0.5572359843546284
30,390,20940,37970,0.5514880168554122
30,404,6940,34910,0.19879690633056432
30,417,16820,32790,0.5129612686794754
31,33,6190,28290,0.21880523153057618
31,58,23470,64080,0.3662609238451935
31,59,6690,60740,0.11014158709252551
31,143,23890,55810,0.4280594875470346
31,451,3820,39780,0.09602815485168427
31,499,5920,22820,0.25942156003505695
31,505,2110,26660,0.07914478619654913
31,543,39380,73630,0.53483634388157
31,546,18200,71670,0.25394167713129623
31,554,53270,63290,0.8416811502607047
31,555,32950,66070,0.49871348569698803
31,622,11580,24050,0.4814968814968815
31,634,157060,172280,0.911655444625029
31,657,72230,186370,0.38756237591887105
32,18,9800,28100,0.3487544483985765
32,30,10580,14910,0.7095908786049631
32,37,38580,115580,0.3337947741823845
32,43,25680,74150,0.3463250168577208
32,68,18650,76090,0.24510448153502432
32,82,11420,25680,0.4447040498442368
32,85,12070,68340,0.17661691542288557
32,86,23100,69260,0.3335258446433728
32,89,38200,96410,0.3962244580437714
32,90,217770,333240,0.6534929780338494
32,92,200320,274460,0.7298695620491146
32,127,36640,119600,0.3063545150501672
32,128,95560,215940,0.4425303324997685
32,162,27660,96360,0.28704856787048566
32,163,5090,36040,0.14123196448390676
32,177,20720,144550,0.14334140435835352
32,178,47640,175930,0.2707895185585176
32,317,12860,54710,0.23505757631146043
32,318,8430,52700,0.1599620493358634
32,321,17960,103290,0.17387936876754767
32,322,47510,94840,0.5009489666807254
32,385,18090,286010,0.06324953672948498
32,386,6000,51150,0.11730205278592376
32,388,184500,246900,0.74726609963548
32,446,14450,102140,0.1414724887409438
32,447,28580,92260,0.30977671797095163
32,482,31140,50220,0.6200716845878136
32,506,82580,209840,0.3935379336637438
32,509,124360,244020,0.5096303581673634
32,511,29040,88240,0.329102447869447
32,522,1760,7350,0.23945578231292516
32,533,20240,26990,0.7499073731011485
33,1,6940,10760,0.6449814126394052
33,13,8200,26650,0.3076923076923077
33,27,2910,19260,0.15109034267912771
33,34,11980,23780,0.503784693019344
33,35,18260,19410,0.9407521895929933
33,39,20330,91810,0.2214355734669426
33,40,3680,20810,0.17683805862566074
33,41,10930,39830,0.2744162691438614
33,50,22620,23930,0.9452569995821145
33,51,34970,36720,0.9523420479302832
33,55,182330,266110,0.6851677877569426
33,88,9590,32090,0.29884699283265814
33,115,24670,25920,0.9517746913580247
33,116,7230,21010,0.3441218467396478
33,118,19470,22070,0.8821930222020843
33,140,9090,10750,0.8455813953488373
33,142,4990,10610,0.470311027332705
33,155,8500,9930,0.8559919436052367
33,199,31780,51030,0.6227709190672154
33,200,17080,31490,0.5423944109241029
33,216,6960,9610,0.7242455775234131
33,281,10240,37650,0.27197875166002655
33,337,11790,18220,0.6470911086717892
33,338,23000,23390,0.983326207781103
33,340,15680,45950,0.341240478781284
33,341,125760,181310,0.693618664166345
33,342,92100,156180,0.5897041874759893
33,352,9900,21650,0.45727482678983833
33,360,11240,19820,0.5671039354187689
33,361,5050,11560,0.43685121107266434
33,371,5660,10910,0.5187901008249313
33,372,5260,11510,0.4569939183318853
34,8,45510,119010,0.3824048399294177
34,9,44030,135450,0.32506459948320415
34,11,29050,59370,0.48930436247262926
34,15,22060,71660,0.3078425900083729
34,16,11360,32000,0.355
34,25,10220,40690,0.25116736298844927
34,26,7940,21940,0.3618960802187785
34,27,8600,19990,0.4302151075537769
34,28,10710,12480,0.8581730769230769
34,29,4610,41860,0.11012900143334926
34,42,30380,142980,0.21247726954818855
34,43,50240,120450,0.41710253217102533
34,51,11710,34890,0.3356262539409573
34,55,12880,33070,0.38947686725128516
34,56,2090,13790,0.15155910079767948
34,61,9180,19780,0.4641051567239636
34,62,2220,34460,0.06442251886244922
34,63,7890,22380,0.35254691689008044
34,76,9610,16590,0.5792646172393008
34,78,9140,28390,0.3219443466009158
34,82,1450,36970,0.039220989991885315
34,83,6960,13490,0.5159377316530763
34,88,61540,110270,0.5580847011879931
34,91,26320,62460,0.4213896894012168
34,93,8010,13420,0.5968703427719821
34,97,10720,38600,0.277720207253886
34,98,2900,12670,0.22888713496448304
34,101,17650,139920,0.12614351057747283
34,102,24740,59020,0.4191799390037276
34,106,10950,12450,0.8795180722891566
34,107,3430,12380,0.2770597738287561
34,110,11420,26710,0.4275552227630101
34,113,10830,27520,0.39353197674418605
34,118,9910,32180,0.3079552517091361
34,120,3330,23390,0.142368533561351
34,121,560,11820,0.047377326565143825
34,128,12500,43210,0.2892848877574635
34,135,7840,11950,0.6560669456066945
34,136,7930,20100,0.3945273631840796
34,137,12370,34600,0.357514450867052
34,138,5760,12570,0.45823389021479716
34,141,7490,26830,0.2791651136787179
34,142,6770,12470,0.5429029671210907
34,143,2550,29680,0.08591644204851752
34,152,13880,26330,0.527155336118496
34,158,10120,23790,0.4253888188314418
34,160,10630,21290,0.4992954438703617
34,165,9100,36880,0.24674620390455532
34,181,3190,10890,0.29292929292929293
34,182,2950,21140,0.13954588457899716
34,189,4180,11220,0.37254901960784315
34,194,8950,13680,0.6542397660818714
34,199,15450,22840,0.6764448336252189
34,203,4370,13660,0.31991215226939973
34,219,2650,12890,0.20558572536850273
34,220,7900,19170,0.41210224308815857
34,221,7200,11670,0.6169665809768637
34,239,5320,11160,0.4767025089605735
34,242,740,11560,0.06401384083044982
34,243,7630,23790,0.3207229928541404
34,244,13390,30420,0.44017094017094016
34,246,4850,13030,0.37221795855717577
34,247,3140,12310,0.2550771730300569
34,248,4610,11230,0.41050756901157615
34,249,1480,11920,0.12416107382550336
34,263,1220,12020,0.10149750415973377
34,310,3170,34280,0.09247374562427071
34,371,4050,24980,0.16212970376301042
34,374,25070,27680,0.9057080924855492
35,1,47100,49250,0.9563451776649746
35,3,9920,18730,0.5296316070475173
35,11,30770,38150,0.8065530799475754
35,26,9050,21830,0.4145671094823637
35,37,7440,21000,0.35428571428571426
35,38,22190,28030,0.7916518016410988
35,43,28780,34560,0.8327546296296297
35,53,22890,50500,0.4532673267326733
35,67,560,18190,0.030786146234194612
35,70,3880,12850,0.3019455252918288
35,88,12990,27440,0.47339650145772594
35,98,3990,12870,0.31002331002331
35,125,35560,50220,0.708084428514536
35,129,21150,50120,0.4219872306464485
35,130,11070,18400,0.6016304347826087
35,133,33670,37380,0.900749063670412
35,138,3330,18070,0.18428334255672385
35,139,7520,32770,0.22947818126335062
35,147,15670,33630,0.46595301813856677
35,148,7840,22860,0.3429571303587052
35,158,14550,18410,0.7903313416621401
35,163,25400,35260,0.7203630175836642
35,172,1740,17800,0.09775280898876404
35,176,22270,49620,0.44881096332124143
35,179,21650,32390,0.6684161778326644
35,182,19070,30700,0.6211726384364821
35,185,16460,33890,0.48568899380348185
35,202,8680,33360,0.26019184652278177
35,215,11600,48390,0.23971895019632156
35,224,28070,51420,0.5458965383119408
35,233,17270,18610,0.9279957012358947
35,234,28500,58320,0.4886831275720165
35,242,8580,17450,0.49169054441260746
35,243,27470,35210,0.7801760863391082
35,253,18170,33940,0.5353565114908663
35,258,43040,74580,0.5770984178063824
35,260,32120,62290,0.5156525927115106
35,266,23270,31530,0.7380272756105296
35,272,11870,26090,0.45496358758144884
35,277,32010,55960,0.5720157255182273
35,282,19260,33930,0.5676392572944297
35,287,11540,31820,0.3626649905719673
35,289,29170,62440,0.4671684817424728
35,292,40600,63500,0.6393700787401575
35,300,10630,33260,0.3196031268791341
35,309,11720,31330,0.37408234918608363
35,310,2140,17220,0.12427409988385599
35,315,24860,50140,0.49581172716394095
35,322,19950,34000,0.586764705882353
35,333,710,23180,0.030629853321829163
35,335,44930,64390,0.6977791582543873
35,336,15220,32320,0.4709158415841584
35,352,370320,999620,0.3704607750945359
35,363,699840,1025630,0.6823513352768542
35,365,256660,289330,0.8870839525800989
35,370,20090,36160,0.5555862831858407
35,373,27380,35380,0.7738835500282646
35,380,35890,51460,0.6974349008938981
35,384,1750,3690,0.4742547425474255
35,385,11850,27370,0.432955791012057
35,390,19750,32850,0.6012176560121766
35,391,10270,31030,0.3309700290041895
35,398,15260,48250,0.31626943005181346
35,399,15560,47730,0.3260004190236748
35,409,30380,36290,0.8371452190686139
35,410,13770,22140,0.6219512195121951
35,416,7390,33060,0.2235329703569268
35,433,10100,32510,0.3106736388803445
35,434,2590,32110,0.08066023045780131
35,436,29710,44240,0.6715641952983725
35,437,24430,42940,0.5689333954354914
35,443,970,31450,0.030842607313195547
35,448,28780,46410,0.6201249730661496
35,458,69380,73600,0.9426630434782609
35,460,20970,34550,0.6069464544138929
35,470,49670,65000,0.7641538461538462
35,476,39270,59120,0.6642422192151556
35,477,2830,41030,0.06897392152083841
35,479,13400,48700,0.2751540041067762
35,480,43930,63420,0.6926836959949543
35,481,14990,48640,0.3081825657894737
35,487,32220,60840,0.5295857988165681
35,490,25210,55140,0.45719985491476245
35,493,18030,19230,0.9375975039001561
35,498,13120,39210,0.3346085182351441
35,502,7620,32850,0.2319634703196347
35,516,3090,24160,0.12789735099337748
35,522,26490,52120,0.508250191864927
35,523,16340,33520,0.48747016706443913
35,525,7680,32830,0.23393237892171795
35,526,16720,19480,0.8583162217659137
35,529,5060,32380,0.15626930203829525
35,530,24830,45350,0.5475192943770673
35,531,31100,46260,0.6722870730652832
35,547,35540,46370,0.7664438214362734
35,548,22280,46330,0.480897906324196
35,554,21610,32510,0.6647185481390342
35,555,22550,45230,0.49856290072960424
35,556,17750,44280,0.40085817524841916
35,562,16970,65160,0.2604358502148557
35,565,26820,53470,0.5015896764540864
35,590,11990,21100,0.5682464454976304
35,594,17880,34380,0.5200698080279232
35,595,13630,18510,0.7363587250135062
35,603,5850,47670,0.12271869100062932
35,604,25600,33320,0.7683073229291717
35,605,28730,36850,0.7796472184531886
35,607,1520,31830,0.047753691486019476
35,610,12090,17180,0.7037252619324796
35,616,14550,30020,0.48467688207861426
35,619,25030,49830,0.5023078466787076
35,621,14460,41150,0.3513973268529769
35,624,22930,47530,0.48243214811697877
35,625,25500,44380,0.5745831455610635
35,632,38070,67040,0.5678699284009546
35,643,17330,31060,0.5579523502897618
35,646,20400,35590,0.5731947176173082
35,648,17010,42200,0.4030805687203792
35,650,14670,23840,0.6153523489932886
36,305,11670,35460,0.3291032148900169
37,9,42770,63210,0.6766334440753046
37,10,6850,56630,0.12096062157866855
37,14,15620,53990,0.28931283571031674
37,26,7960,56260,0.1414859580519019
37,29,22260,43380,0.5131396957123098
37,31,1890,40360,0.04682854311199207
37,35,22760,43100,0.5280742459396752
37,37,48920,69170,0.7072430244325575
37,39,18190,41210,0.44139771900024266
37,42,4590,70790,0.06483966661957903
37,50,37240,52140,0.7142309167625623
37,53,24490,55670,0.4399137776181067
37,56,21600,34910,0.6187338871383558
37,57,4260,43780,0.09730470534490634
37,63,10260,44790,0.2290689886135298
37,64,840,83700,0.01003584229390681
37,67,27140,39570,0.6858731362143038
37,70,16550,56220,0.2943792244752757
37,72,32470,45670,0.7109700021896211
37,74,16710,54800,0.3049270072992701
37,77,57160,73220,0.7806610215788036
37,80,22980,55670,0.4127896533141728
37,104,20770,40110,0.5178259785589628
37,107,21580,58510,0.36882584173645533
37,116,12570,30320,0.4145778364116095
37,118,14760,18760,0.7867803837953091
37,151,16240,29390,0.5525689009867302
37,158,32290,59240,0.5450708980418636
37,159,7480,48120,0.15544472152950956
37,188,17600,28190,0.6243348705214615
37,220,15440,23320,0.6620926243567753
37,221,14980,30450,0.49195402298850577
37,242,8980,32860,0.2732805842970176
37,244,25760,100960,0.2551505546751189
37,245,49190,108600,0.45294659300184165
37,247,90540,138740,0.6525875738791985
37,248,27080,46780,0.5788798631893972
37,256,31400,68000,0.46176470588235297
37,260,63280,123800,0.5111470113085622
37,267,100570,125050,0.8042383046781287
37,272,47740,113400,0.42098765432098767
37,341,13310,45780,0.2907383136740935
37,347,24910,33950,0.7337260677466863
37,348,26200,45860,0.5713039686000873
37,372,7950,36370,0.21858674731921915
37,374,10070,43910,0.22933272603051696
38,2,23460,26560,0.8832831325301205
38,3,24560,42210,0.5818526415541341
38,4,23340,57890,0.40317844187251684
38,8,2440,41300,0.05907990314769976
38,12,36300,38950,0.9319640564826701
38,17,6860,50600,0.13557312252964426
38,18,12580,38960,0.3228952772073922
38,23,10290,49150,0.20935910478128178
38,24,21080,38730,0.544280919184095
38,56,10510,41140,0.2554691298006806
38,57,19570,69690,0.2808150380255417
38,90,34510,73590,0.4689495855415138
38,91,36810,50720,0.7257492113564669
38,99,56340,85680,0.657563025210084
38,100,2520,42320,0.05954631379962193
38,103,66620,87600,0.7605022831050229
38,104,900,15880,0.05667506297229219
38,107,61260,86110,0.7114156311694344
38,108,33710,68990,0.4886215393535295
38,109,15190,28070,0.5411471321695761
38,111,55840,71430,0.7817443651126977
38,117,26280,70240,0.37414578587699315
38,121,68590,74410,0.9217847063566725
38,122,33470,67080,0.49895646988670245
38,127,9720,18780,0.5175718849840255
38,128,14860,16290,0.9122160834868017
38,140,15440,20310,0.7602166420482521
38,144,570940,637500,0.8955921568627451
38,146,16380,72500,0.2259310344827586
38,147,15200,54180,0.28054632705795496
38,151,10860,39560,0.27451971688574317
38,152,3390,40920,0.08284457478005865
38,155,25900,44180,0.5862381167949299
38,156,23030,43320,0.5316251154201292
38,160,77520,544000,0.1425
38,161,640,25440,0.025157232704402517
38,165,5100,32520,0.15682656826568267
38,167,7220,20010,0.36081959020489757
38,180,67800,81140,0.8355928025634706
38,181,15900,42280,0.3760643330179754
38,188,19240,30840,0.6238651102464332
38,196,11820,19730,0.5990876837303598
38,198,25350,26660,0.9508627156789198
38,199,2920,14390,0.2029186935371786
38,201,6240,17500,0.3565714285714286
38,203,14420,18820,0.7662061636556854
38,204,7460,26470,0.2818284850774462
38,206,13810,32230,0.42848278001861617
38,209,1780,40500,0.04395061728395062
38,210,13570,15920,0.8523869346733668
38,212,11020,31120,0.35411311053984573
38,220,14920,18670,0.7991430101767542
38,224,10440,30980,0.3369916074887024
38,227,11330,27350,0.41425959780621574
38,228,2990,13910,0.21495327102803738
38,229,9640,11520,0.8368055555555556
38,230,12180,28300,0.4303886925795053
38,232,30630,219610,0.1394745230180775
38,245,14210,19050,0.7459317585301837
38,248,14420,19230,0.749869994799792
38,249,13950,18680,0.7467880085653105
38,252,1070,19010,0.05628616517622304
38,256,20050,44000,0.4556818181818182
38,257,24470,64040,0.38210493441599
38,260,60890,71000,0.8576056338028168
38,261,1250,62200,0.02009646302250804
38,269,37420,50170,0.7458640621885589
38,270,3710,16290,0.22774708410067526
38,273,18870,22670,0.8323775915306573
38,282,35640,47040,0.7576530612244898
38,296,26540,45720,0.5804899387576553
38,300,10530,18900,0.5571428571428572
38,301,20190,21510,0.9386331938633193
38,302,26930,51360,0.5243380062305296
38,310,41170,54770,0.7516888807741464
38,311,11960,15230,0.7852921864740644
38,314,11570,31770,0.3641800440667296
38,316,14400,47880,0.3007518796992481
38,333,33490,54660,0.6126966703256495
38,353,4110,17830,0.23051037577117217
38,365,46500,57330,0.8110936682365254
38,367,11430,16400,0.6969512195121951
38,370,38390,49570,0.7744603590881581
38,371,9620,36080,0.26662971175166295
38,372,16610,44670,0.3718379225430938
38,373,1890,15260,0.12385321100917432
38,384,21730,46400,0.4683189655172414
38,387,12070,15450,0.7812297734627832
38,396,9140,21840,0.4184981684981685
38,398,23600,45190,0.5222394335029874
38,399,24790,36960,0.6707251082251082
38,406,18310,20530,0.8918655625913298
38,410,49490,58570,0.8449718285811849
38,411,3430,31100,0.11028938906752411
38,413,780,17770,0.04389420371412493
38,414,14860,26930,0.551800965466023
38,415,9850,15300,0.6437908496732027
38,416,11520,46230,0.2491888384166126
38,417,11140,15870,0.7019533711405167
38,418,1740,17290,0.1006362058993638
38,421,35810,46470,0.7706046911986227
38,423,17370,60990,0.28480078701426464
38,430,28450,52980,0.5369950924877313
38,433,22590,35880,0.6295986622073578
38,439,28590,46070,0.6205773822444107
38,441,2510,8760,0.2865296803652968
38,442,1950,17990,0.10839355197331851
38,444,23570,50000,0.4714
38,445,9470,121380,0.07801944307134619
38,446,16410,21620,0.7590194264569843
38,448,21940,22650,0.9686534216335541
38,455,32710,33900,0.9648967551622419
38,456,7310,32150,0.22737169517884914
38,460,42220,67560,0.6249259917110717
38,465,30210,42900,0.7041958041958042
38,468,9270,18170,0.5101816180517337
38,479,9120,37080,0.2459546925566343
38,481,4700,21870,0.21490626428898033
38,490,15970,34180,0.46723229959040374
38,491,13600,42890,0.31709023082303567
38,492,15390,31750,0.4847244094488189
38,495,31580,46340,0.6814846784635304
38,496,6530,29210,0.2235535775419377
38,499,13610,44850,0.30345596432552957
38,500,10820,17400,0.6218390804597701
38,502,10940,28680,0.38145048814504884
38,510,8190,60070,0.1363409355751623
39,26,6820,58940,0.1157108924329827
39,34,4170,62940,0.06625357483317446
39,38,46700,98840,0.4724807770133549
39,40,1220,15010,0.08127914723517655
39,53,1410,77490,0.018195896244676733
39,61,6400,43810,0.14608536863729743
39,82,10680,26880,0.39732142857142855
39,86,26620,65600,0.4057926829268293
39,87,35690,61550,0.5798537774167344
39,94,12910,56390,0.22894130164922857
39,95,8830,32840,0.26887941534713766
39,96,22280,33660,0.6619132501485443
39,111,17140,20980,0.8169685414680649
39,112,3080,16720,0.18421052631578946
39,157,7730,34330,0.22516749198951355
39,163,19060,36720,0.5190631808278867
39,189,18120,24610,0.7362860625761886
39,190,9170,16480,0.5564320388349514
39,220,14940,110730,0.13492278515307504
39,237,5040,26230,0.19214639725505148
39,308,11590,40030,0.2895328503622283
39,309,100990,148160,0.681627969762419
39,335,16850,40130,0.41988537253924746
39,353,8910,10770,0.8272980501392758
40,10,202530,372980,0.5430049868625664
40,13,125950,324850,0.38771740803447746
40,17,27350,56710,0.48227825780285666
40,26,21530,148100,0.14537474679270762
40,28,51180,143950,0.35554011809656133
40,34,16020,44370,0.36105476673427994
40,40,84600,210400,0.40209125475285173
40,41,23760,34510,0.6884960880904086
40,44,67760,194440,0.34848796543921
40,70,160010,448810,0.35652057663599296
40,78,62340,406760,0.15325990756219884
40,80,183410,556620,0.3295066652294204
40,93,24930,64730,0.38513826664606826
40,95,28700,144410,0.19873969946679593
40,96,34240,234780,0.14583865746656444
40,101,3120,8400,0.37142857142857144
40,102,15810,65320,0.24203919167176974
40,103,338260,633620,0.5338530980713992
40,122,92810,253360,0.3663167035048942
40,123,55760,176230,0.31640469840549285
40,132,96480,158930,0.607059711822815
40,133,36060,144080,0.2502776235424764
40,137,85360,202590,0.4213436003751419
40,153,28610,197660,0.14474349893756958
40,159,39410,112830,0.349286537268457
40,160,177620,196010,0.9061782562114178
40,171,98720,167760,0.5884597043395327
40,172,29640,143570,0.20644981542104895
40,203,84700,127190,0.6659328563566318
40,207,19770,136940,0.14436979699138308
40,221,17680,63050,0.2804123711340206
40,223,28600,84900,0.336866902237927
40,235,129890,214180,0.6064525165748436
40,250,77930,149070,0.5227745354531428
40,252,42680,147380,0.2895915320939069
40,255,54660,205740,0.2656751239428405
40,256,82840,192930,0.4293785310734463
40,279,12690,58130,0.21830380182349907
40,290,20610,48930,0.4212139791538933
40,297,59190,151930,0.38958730994536955
40,298,7450,148100,0.050303848750844024
40,299,44110,94470,0.4669207155710808
40,301,35330,144060,0.2452450367902263
40,338,27480,52760,0.5208491281273692
40,339,37570,68860,0.545599767644496
40,366,4940,455450,0.010846415632890547
40,371,442570,587810,0.7529133563566458
40,376,47860,61270,0.7811326913660845
40,377,30000,49890,0.6013229104028863
40,412,41810,58190,0.7185083347654236
40,413,3190,65890,0.048414023372287146
41,1,119960,221480,0.5416290409969298
41,25,1420,20280,0.07001972386587771
41,27,23050,47030,0.4901126940250904
41,44,47570,81450,0.5840392879066912
41,46,41110,85380,0.48149449519793863
41,62,16830,47000,0.35808510638297875
41,63,9820,39110,0.25108667859882383
41,65,27530,46550,0.59140708915145
41,91,25700,39400,0.6522842639593909
41,95,10410,38650,0.26934023285899095
41,102,8720,39620,0.22009086320040383
41,105,2350,39750,0.05911949685534591
41,115,1840,23050,0.07982646420824295
41,157,11490,38780,0.2962867457452295
41,159,3460,38800,0.08917525773195877
41,160,3550,46390,0.07652511317094202
41,162,4230,16530,0.2558983666061706
41,163,4740,16860,0.28113879003558717
41,183,7160,17470,0.4098454493417287
41,184,8140,38200,0.2130890052356021
41,191,23830,59450,0.40084104289318756
41,202,12230,43210,0.2830363341819023
41,209,8410,28340,0.29675370501058573
41,275,8860,44290,0.20004515692029803
41,330,17900,111110,0.16110161101611017
41,362,41790,200520,0.20840813883901854
41,368,1710,38730,0.044151820294345466
41,460,15780,38880,0.4058641975308642
41,461,80410,97860,0.8216840384222358
