Driver,Trip,Lanechange,Distance,Frequency
1,8,25,122.416290111,0.20422118639056494
1,9,20,32.860220395,0.6086386445248309
1,10,8,26.5330955152,0.3015102401232093
1,14,12,57.33805696395,0.20928508281235841
1,16,12,51.0176149185,0.2352128773399119
1,20,3,8.08130147803,0.37122733363627936
1,29,4,14.94295057978,0.2676847506551073
1,30,2,11.231207448070002,0.17807524340080505
1,54,3,6.440903319129999,0.4657731767359028
1,56,14,33.62860964385,0.41631218620899246
1,58,14,34.88688637933,0.40129691849757065
1,69,5,8.934082714799999,0.5596545453644741
1,77,6,8.929782834400001,0.6719088371204656
1,79,6,12.528807583999999,0.478896332294411
1,86,5,11.81629876062,0.4231443450518892
1,89,1,6.4570968427,0.15486836024931838
1,109,1,9.153310749980001,0.10925008746176185
1,115,9,22.175882548039997,0.4058463053501093
1,119,6,27.93544434162,0.21478090438177921
1,120,5,22.95469527864,0.2178203604668472
1,123,41,268.77828173665,0.15254208686463722
1,131,2,6.7917294425,0.29447580574761684
1,132,7,61.94443122329999,0.11300450842410828
1,133,3,69.157548945,0.0433792123313372
1,134,30,145.683301796575,0.20592613999022708
1,144,2,5.4849696914,0.3646328261641705
1,146,2,4.75839429396,0.4203098516948609
1,155,1,4.2764591005899995,0.2338383172803022
1,157,1,9.537645493339998,0.1048476797232908
1,159,3,7.7404371585,0.3875750088230627
1,249,1,6.67871715238,0.14972935328510567
1,260,5,5.68535716681,0.879452223193473
1,265,2,8.875345851439999,0.225343331232045
1,268,3,4.73910759053,0.6330305743627344
1,269,2,4.28758908003,0.4664626116610051
1,279,6,26.0675216153,0.23017147884432468
1,281,9,23.384460930316997,0.38487096310746544
1,317,13,23.583683896210005,0.551228555182982
1,319,9,24.070924284503,0.3738950733102614
1,326,2,2.62150783492,0.7629197110757571
1,352,3,6.4907875241,0.46219353027057747
1,360,2,5.585513446826001,0.3580691406510732
1,361,4,8.079118108124,0.49510354304361254
1,365,4,6.67910675137,0.5988824776875338
1,380,4,10.5043020845189,0.3807963601784784
1,381,1,2.88988561573,0.34603445705839636
1,418,3,6.660984495320001,0.4503838737513645
2,1,5,9.91041405552,0.5045197881732348
2,4,4,2.8317135777,1.412572243005211
2,6,5,2.92986828975,1.706561355502653
2,17,3,2.993033035730001,1.0023277271539703
2,18,5,4.8945331987675,1.0215478773867663
2,20,3,5.1184322275800005,0.5861169722703162
2,23,1,2.9316739909700003,0.3411020471853799
2,27,3,2.9321132995599997,1.0231528230679856
2,28,1,2.40794234455,0.4152923354927261
2,29,10,14.31162064005,0.6987328864779819
2,30,9,11.471592510379999,0.7845466958363807
2,34,1,2.6092618749599996,0.38325014809612784
2,38,7,13.3882182173,0.5228477670728979
2,44,6,2.9301447994000003,2.0476803744404055
2,45,4,2.7881076952099995,1.4346648111448654
2,50,4,5.6543178712,0.7074239706921697
2,61,7,9.645709814149999,0.7257112368994542
2,62,3,2.8664108785,1.0466050148295236
2,63,4,2.82061777361,1.418129048687286
2,66,2,2.4365029952299997,0.8208485702317821
2,68,2,2.8651842941199996,0.6980353773767531
2,69,1,2.4405182881699994,0.4097490294776037
2,72,2,2.8685359639000003,0.6972197752336501
2,74,1,2.64024959686,0.3787520699517506
2,76,2,3.0340347565499997,0.6591882296939141
2,77,1,2.8664593453599996,0.34886243951749113
2,78,4,2.82362458304,1.416618917410571
2,79,1,2.86364516063,0.3492052764596018
2,81,1,3.02821376239,0.3302276782504138
2,82,4,2.86070110957,1.3982586249988387
2,83,1,2.4366092495,0.4104063875671502
2,85,2,2.43675589282,0.8207633788403185
2,92,1,2.4384864082699997,0.410090454721647
2,94,2,2.8208141265299997,0.7090151673553489
2,97,1,2.82204071091,0.3543534989180005
2,102,2,2.864830113219999,0.6981216759663451
2,103,2,2.82288080315,0.7084960859021172
2,104,3,2.8623657598,1.048084085595552
2,108,1,2.43709826769,0.4103240370967267
2,109,3,2.8655993692800004,1.046901402952838
2,110,2,2.43927430543,0.8199159871228324
2,114,1,3.0295497078899998,0.3300820572099057
2,115,3,2.2066464262,1.3595290864817935
2,119,1,2.86525947989,0.34900853029841156
2,121,1,3.0302263798199993,0.33000834744874796
2,122,2,2.86504572861,0.6980691372665511
2,123,2,2.82462001778,0.7080598407611275
2,126,1,2.8648673954199997,0.3490562954497224
2,127,1,2.82620699676,0.353831124594346
2,129,1,2.07528756546,0.48186093177807093
2,135,2,2.8669993158900002,0.6975934695607493
2,136,3,2.82755412692,1.060987647040321
2,137,1,2.8713631974000005,0.34826663548014164
2,138,1,2.44143667303,0.4095948959261464
2,141,2,2.83159116781,0.7063166543024759
2,143,3,2.44292485418,1.2280361366281114
2,145,1,2.07510923227,0.4819023425123899
2,147,2,2.4413503026,0.8192187732624978
2,150,8,2.8230628645599998,2.833801577864216
2,152,3,5.031126635730001,0.596287912670421
2,154,1,2.2055229892400003,0.4534071986003598
2,155,3,2.4431634602599996,1.2279162032329767
2,158,4,2.82662331466,1.4151160429670266
2,159,3,2.2074417798,1.3590392405600875
2,162,3,2.8301589099599997,1.060011149706926
2,164,3,2.82874777869,1.0605399401813431
2,168,3,2.44365993489,1.2276667293868135
2,170,2,2.44127263135,0.8192448374330152
2,175,2,2.4409712669,0.8193459821180002
2,176,2,2.86598648279,0.6978399975051615
2,177,6,2.8269265432199995,2.1224463771052657
2,179,2,2.86902249661,0.6971015397624711
2,187,7,2.21104261895,3.1659272146116404
2,189,3,2.82803755278,1.0608062813914754
2,190,1,2.2075275288599996,0.4529954833752017
2,193,1,2.8285166290499997,0.3535422029093268
2,194,1,2.2067793993800002,0.4531490552616869
2,195,2,2.4439352018,0.8183523026825612
2,196,1,2.87159993937,0.34823792349688865
2,197,2,2.44477094445,0.8180725497168978
2,199,1,2.44448511425,0.40908410289371433
2,207,4,2.82712041066,1.4148672214022138
2,208,3,2.20688627502,1.3593813301380073
2,209,3,2.44232896035,1.2283357601303972
2,211,4,2.87387539631,1.3918487924479683
2,216,2,2.2081016747400004,0.9057553929148194
2,217,1,2.44434344189,0.40910781310943206
2,218,2,2.20854346881,0.9055742068222155
2,228,3,2.86905045826,1.045642118758489
2,230,2,2.87035471389,0.6967779941349248
2,231,2,2.44514314508,0.8179480223987313
2,233,3,2.8679910224099996,1.0460283789448797
2,236,3,2.8301825220200003,1.0600023060911263
2,240,2,2.4444571526,0.8181775646477331
2,241,4,2.87211816195,1.3927003606579453
2,242,2,2.83019246394,0.7066657216717117
2,243,1,2.8691722467800003,0.3485325780361478
2,245,1,2.6492861807700003,0.37746016540551897
2,246,1,2.21185226406,0.4521097616910609
2,247,4,2.82985008907,1.4135024379735104
2,248,2,2.21335908631,0.9036039440551413
2,249,2,2.4481232356,0.8169523375770047
2,252,2,2.87649012127,0.6952918020510982
2,253,4,2.8340716768500003,1.4113969073802324
2,255,3,2.9688325383400005,1.0104982215256326
2,256,6,2.83268726449,2.1181300439391237
2,260,2,2.2092095774500002,0.9053011631012924
2,261,2,2.44464480634,0.818114760399201
2,262,1,2.21177769966,0.4521250034095753
2,263,3,2.83290101577,1.0589851121870495
2,264,2,2.2127109974,0.9038686038755438
2,265,2,2.4425147499800004,0.8188282179325125
2,268,2,2.83446562543,0.7056003720971539
2,270,1,2.21222073647,0.4520344572828124
2,271,5,2.8345047717400003,1.7639765682704003
2,273,4,2.4434306493599998,1.6370425741560162
2,277,4,2.8337448362299997,1.4115596961516057
2,280,2,5.73471445002,0.3487531972918067
3,2,3,4.71737144656,0.6359473774717611
3,26,30,135.0706952131,0.22210591240882582
3,27,30,85.23864522112294,0.35195303635076686
3,28,4,9.5427394846,0.41916684474674903
3,42,4,8.676425430599998,0.4610193485779073
3,43,2,8.5567682097,0.23373310471736153
3,57,70,255.61697852279997,0.27384722409492174
3,69,2,2.7853283072,0.7180482081160964
3,70,2,2.19805474321,0.9098954455880546
3,90,4,5.623954626150001,0.7112432915800898
3,114,8,12.4056396226,0.6448679990208632
3,115,2,12.695409308399999,0.15753726023442877
3,125,1,2.41328736929,0.41437253297115817
3,148,1,2.4097530167300003,0.41498028763005157
3,150,2,2.4453258278599996,0.817886916014901
3,153,1,2.41135242311,0.41470503872273773
3,162,3,6.24328404707,0.48051634001946664
3,164,2,2.7927853685699997,0.7161309359852696
3,175,1,2.41111878799,0.4147452232470213
3,177,2,3.23398727296,0.6184316236252354
3,196,2,7.0015909462999995,0.2856493638859184
3,197,3,2.83082688271,1.0597610254174383
3,198,1,2.4135558011300002,0.4143264471166612
3,205,2,2.4062602959599997,0.8311652747451753
3,213,1,2.41102868934,0.4147607220193394
3,225,2,2.8315340017699993,0.7063309141793087
3,237,2,24.9920730604,0.08002537425232663
3,239,1,3.9094655511899994,0.2557894389670759
3,241,2,3.8738653997799997,0.5162801991296811
3,250,7,25.288802090199997,0.27680235604013304
3,258,1,2.41633767462,0.41384944269317114
3,261,2,2.834876351,0.7054981425537314
3,262,3,4.58633942644,0.6541164360197942
3,277,3,5.626935338039999,0.5331498977283387
3,284,1,2.4116401174199997,0.4146555668802738
3,287,1,2.41439402926,0.4141826014648053
3,291,4,5.2505311399900005,0.7618276881617767
3,302,3,2.41271819437,1.24341085792796
3,303,1,2.83420713551,0.35283236269887364
3,306,3,5.66358436201,0.5296998876053297
3,307,7,15.092852364059999,0.46379569819875915
4,17,22,29.375527725399998,0.7489227157263073
4,19,11,30.4690954295,0.36102154806177356
4,42,2,1.7804854040300002,1.1232891859001732
4,61,1,1.77919854676,0.5620508187920031
4,64,2,1.7791072053699997,1.1241593502422251
4,80,1,1.77706911177,0.5627243157718148
4,82,1,1.8372463107900001,0.5442928333164042
4,84,1,1.77964158357,0.5619108978078485
4,90,2,1.83627200263,1.0891632596562495
4,102,2,1.77719027892,1.1253718995218687
4,105,2,5.1233205453699995,0.390371826687171
4,106,5,7.1206951479,0.7021786351118507
4,107,1,1.78032136235,0.5616963437881876
4,108,1,1.8362595752300002,0.5445853154365419
4,112,2,5.01407500019,0.3988771607772547
4,115,1,1.78181078624,0.5612268192125005
4,117,1,1.83738425493,0.5442519697863079
4,118,2,1.7816057341400002,1.122582826084931
4,125,1,1.8351609930699997,0.5449113204651993
4,128,1,1.83826660033,0.5439907355225205
4,136,1,1.85120041688,0.5401900252839144
4,152,3,6.8105811869299995,0.4404910414631307
4,174,2,3.6254503729599996,0.5516555997888615
4,178,1,1.8375893070300002,0.5441912380390632
4,183,1,1.7212179155448002,0.5809839596536386
4,185,27,31.104434448469995,0.8680434310654412
4,192,6,5.13100689227,1.1693611265732582
4,194,1,4.4562040432300005,0.22440624134328638
4,196,1,1.7801355727199997,0.5617549670512042
4,197,1,1.8381367339999997,0.5440291690509245
4,229,2,5.12864071531,0.3899668764141748
4,230,1,5.026291134389999,0.19895385548958297
4,231,1,1.7871912290699996,0.5595372133290795
4,232,1,1.8408869176199998,0.5432164194489769
4,233,1,1.7802554971300002,0.5617171252172107
4,235,1,1.78417447772,0.560483300533422
4,236,1,1.8401630215699998,0.5434301136791755
4,251,11,12.5791199129,0.8744649924768904
4,252,1,1.7712841570699998,0.564562154529834
4,255,1,1.8384368557100002,0.543940357208408
4,256,1,1.78512268834,0.5601855864203419
4,257,1,2.27756586978,0.43906523770335315
4,266,1,1.78248435132,0.5610147428556445
4,267,1,1.8425671020999999,0.5427210758621956
4,286,1,1.8376042199099998,0.5441868217134247
4,292,1,1.8411304946599998,0.5431445532515984
4,293,1,1.78181762131,0.5612246663408771
4,294,1,1.83833060144,0.5439717965945193
4,298,1,1.78091725618,0.5615084005334207
4,299,1,1.84072287594,0.5432648298507895
4,304,2,2.62948746846,0.7606044995420082
4,322,1,1.77843301892,0.562292753992656
4,323,1,2.27085320967,0.4403631180305661
4,325,1,1.8384610891400002,0.5439331873310316
4,335,1,1.7801629129999998,0.5617463394486525
4,337,1,7.46830443878,0.1338992013779445
4,350,1,1.78085139096,0.5615291680576064
4,351,2,1.83877612373,1.0876799922455778
4,354,1,1.79620917188,0.5567280334914175
4,355,3,2.27623178839,1.3179677110659842
4,356,1,1.77890588149,0.5621432872898292
4,359,7,5.65787459308,1.237213707168681
4,362,1,1.7845280372499999,0.5603722548069482
4,367,1,1.77824474381,0.562352287828186
4,369,1,1.7840750585199998,0.5605145339734537
4,372,1,1.7241360865443003,0.5800006204871612
4,379,1,1.8413827708800001,0.5430701404478213
4,387,1,1.7856415322899999,0.5600228164034401
4,401,2,1.78871110009,1.1181235471168982
4,402,1,1.84030282982,0.5433888291623232
4,403,1,1.78086878932,0.5615236821472042
4,404,1,1.84349356477,0.542448326975724
4,407,1,1.84318474388,0.542539212805629
4,416,1,1.7854681700600001,0.5600771925082234
4,417,1,5.67421848819,0.17623572340073684
4,424,1,1.84311950003,0.5425584179342269
4,427,2,5.685968594889999,0.3517430612960837
4,444,1,1.78190088489,0.5611984417762562
4,454,1,1.78607959814,0.559885461455014
5,1,5,8.707692769,0.5742049165767943
5,29,1,1.83394559335,0.5452724462634343
5,33,1,1.77684666131,0.5627947654541776
5,36,3,12.759926938426199,0.23511106407400933
5,111,1,1.77869710117,0.5622092706747064
5,155,2,7.74650235107,0.2581810356933212
5,156,2,6.698842083939999,0.298559060646445
5,209,7,10.021679674569999,0.6984857057208177
5,237,3,7.74883497405,0.38715497362463797
5,238,5,6.693998504790001,0.7469377228605845
6,1,2,5.11984708707,0.39063666667915375
6,5,2,2.79639739238,0.7152059308343904
6,6,13,22.40485925715,0.580231272635705
6,12,1,2.83843617973,0.352306670532618
6,17,2,5.2455732287600005,0.3812738689900588
6,22,1,2.8355716640299997,0.3526625733658129
6,24,2,3.23081020815,0.6190397674722043
6,27,5,2.79417785874,1.789435122878931
6,28,1,2.8332514684500003,0.352951374466974
6,32,2,3.2285248092899996,0.6194779715630649
6,37,3,2.4153254628900003,1.2420686346801566
6,38,1,2.8317154418099997,0.35314282827825794
6,40,4,10.152149354839999,0.3940052357575901
6,42,4,13.094328848399998,0.3054757556733243
6,43,5,13.184371575099998,0.37923688448245796
6,45,6,2.7951291762099997,2.146591310007211
6,47,1,2.8336609512799997,0.3529003706488907
6,48,1,2.41411317002,0.4142307876940647
6,52,1,3.2304019680599994,0.30955899912373586
6,53,1,2.8327879264300004,0.35300912951159125
6,54,4,3.23157014366,1.2377883883621026
6,55,2,2.83378771076,0.7057691697955792
6,60,1,2.40921553168,0.41507286784867997
6,64,6,18.44447740542,0.3253006234937766
6,65,9,17.452506181799997,0.5156852492271553
6,66,1,2.83509134502,0.3527223211896002
6,70,6,2.79504901948,2.146652870194119
6,72,2,3.2100607997399995,0.6230411586478334
6,73,1,2.8349695565,0.3527374739200308
6,74,1,2.79531931543,0.3577408829395834
6,76,1,8.847179770710001,0.11303036966770579
6,78,1,7.93580147883,0.12601121672053636
6,80,4,2.79782219379,1.4296834190815748
6,81,7,9.8388222896,0.7114672665039656
6,85,2,2.79523045952,0.7155045099012846
6,86,1,2.17933597196,0.45885536368247226
6,88,2,2.79828946403,0.7147223422410593
6,91,2,3.23382882361,0.6184619251947147
6,92,1,2.8348676518200002,0.3527501537357466
6,93,1,2.4130935018499997,0.41440582357598216
6,96,1,2.83859462908,0.3522870048986544
6,98,1,2.18329409886,0.4580234978522348
6,100,4,5.24768340128,0.7622411060515448
6,101,1,2.20198118024,0.45413648807434737
6,104,1,2.1855111470199997,0.4575588650570488
6,108,1,3.2319740341599994,0.3094084263767618
6,109,1,2.8392694369,0.3522032770133398
6,110,6,2.79797753629,2.14440606551679
6,113,6,3.6213984191899997,1.6568185285014907
6,115,1,1.9548542534300002,0.5115470875874216
6,117,4,3.2331589867499995,1.2371801128223627
6,118,4,6.9561874404,0.5750276332073635
6,120,4,6.8690900075,0.5823187635673153
6,121,6,10.107035407359998,0.5936458870650406
6,130,3,5.41354445264,0.554165579731594
6,131,4,10.527628954329998,0.3799526006617859
6,133,2,2.41330476765,0.8287390912286378
6,138,2,3.6145527859,0.5533187972248725
6,139,1,2.1804954483800003,0.45861136777100375
6,140,1,2.4140821015199996,0.4142361187179016
6,141,1,2.83265060366,0.3530262428793456
6,142,2,3.2353462091500003,0.6181718649904382
6,146,2,2.41962782877,0.826573399520159
6,149,2,2.83790677249,0.7047447856242246
6,150,3,2.79605998847,1.0729383533869012
6,152,1,1.8409117724199997,0.5432090852922485
6,153,2,1.77985595622,1.123686438225897
6,154,2,2.41491225184,0.8281874417905392
6,155,3,4.97402646095,0.6031331002262146
6,156,1,2.1781684177300003,0.45910132194560044
6,157,1,2.7989046203300005,0.35728262861708254
6,160,2,2.7995638939000003,0.7143969831722081
6,163,2,2.8003095378999996,0.7142067592641328
6,166,1,2.1836060266,0.4579580692754624
6,167,1,2.4136514921099996,0.4143100208414124
6,169,1,2.79976956737,0.3571722514790255
6,171,3,2.79779733899,1.0722720899731053
6,174,2,2.80123972879,0.713969596905547
6,175,1,2.83969942494,0.3521499462997317
6,176,2,2.8024470507,0.7136620117409307
6,181,1,2.80068608812,0.35705536734081617
6,183,2,2.41185449007,0.8292374221721616
6,190,5,2.80084205199,1.7851774242133707
6,191,2,5.018161129310001,0.3985523677823794
6,192,2,5.5133290182,0.3627572367616404
6,193,2,5.189568529289999,0.3853884939975205
6,195,1,2.41021469464,0.4149007979346688
6,198,2,2.41454688628,0.8283127618537668
6,202,2,2.1867420809900002,0.9146026032912593
6,203,4,2.79896924281,1.4290975187652422
6,205,1,5.13575291633,0.1947134171545383
6,207,4,2.8032144426500003,1.426933287422216
6,208,1,10.277827651039999,0.09729682516118193
6,209,6,12.145124657770001,0.49402539447476335
6,211,2,5.032250694060001,0.3974364795380271
6,212,4,5.5142374611400005,0.7253949486558835
6,214,1,2.4165265711000004,0.4138170926648661
6,216,1,2.8013907217,0.3569655572333582
6,219,1,2.1858243175,0.45749330904312263
6,220,2,2.4172467389300003,0.8273876091297592
6,221,2,4.67564334421,0.42774862254552937
6,222,1,5.1304370959800005,0.19491516634782616
6,223,1,2.18393038174,0.4578900538044034
6,226,2,3.61721287087,0.5529118886273803
6,227,1,2.83663669221,0.35253016459464476
6,228,3,3.61858485583,0.8290533784682758
6,232,2,2.83233619044,0.7061308635431808
6,234,1,2.41634202421,0.41384869773431204
6,236,1,2.1850581682900003,0.4576537203961887
6,237,1,2.7996415651500004,0.3571885817270403
6,242,4,11.63967558086,0.34365218963469246
6,246,3,3.6209143719600005,0.8285200067783156
6,249,1,2.8421283602699994,0.3518489924589476
6,250,2,2.4193786594,0.8266585274815953
6,254,5,2.80326042403,1.7836373521129876
6,259,1,2.1889317888699997,0.45684383820668695
6,260,3,2.8029043790199997,1.0703183535104799
6,262,1,2.4180793747300005,0.4135513542071623
6,263,1,2.84387254586,0.35163319870145426
6,268,2,2.1850718384300003,0.9153017144905512
6,269,1,2.41931093007,0.41334083501663266
6,273,1,2.42008453572,0.41320870624153205
6,279,3,2.18683280101,1.3718469919668457
6,280,1,2.42029518015,0.4131727436394862
6,282,1,2.42023739274,0.4131826088629594
6,286,3,2.84347114084,1.0550485133862688
6,287,5,2.80001065893,1.7857074879531736
6,290,1,2.42046357142,0.41314399927669043
6,292,2,2.41865041376,0.8269074309465121
6,293,1,2.1893947095199997,0.456747244182041
6,299,2,2.18843096465,0.9138967745870219
6,300,5,6.1071580356899995,0.8187114154865799
7,7,2,3.19580905742,0.6258196168999579
7,8,2,3.40022611728,0.5881961760825171
7,18,3,7.885723406419999,0.38043434259406206
7,32,2,3.1930191061199995,0.6263664367578126
7,33,2,8.714111521100001,0.22951278454002796
7,91,2,8.16937570457,0.24481674883445348
7,92,4,10.59065637754,0.37769141565984043
7,111,1,3.40422463323,0.29375264788304495
7,116,4,9.242175359159999,0.4327985397978373
7,120,3,5.02668259749,0.5968150846639901
7,136,5,9.393207415469998,0.5322995414500618
7,166,2,3.6145888253600003,0.5533132803288648
7,184,6,8.94485229964,0.6707768668512815
7,188,4,12.0428154659,0.3321482431850139
7,190,13,24.881730175799998,0.5224717054702175
7,229,5,10.032125525639998,0.4983988674405094
7,236,5,9.454167540690001,0.528867293548627
7,237,4,8.857891568140001,0.45157473076179555
7,300,1,1.7883904731699998,0.5591620034899071
8,1,2,11.107417495299998,0.1800598564739537
8,2,3,3.40635282548,0.8807073587796239
8,8,7,16.02892141426,0.4367106069764935
8,11,2,3.1979136376099997,0.6254077585080517
8,12,2,3.40921174885,0.5866458722238778
8,46,1,3.3994152294299997,0.29416824145006726
8,48,1,3.40460615441,0.29371972987380524
8,50,4,12.31251800755,0.32487262130680433
8,51,5,16.830552093999998,0.29707878696281587
8,56,1,3.4017136770600005,0.2939694797782834
8,73,9,21.950395639261004,0.41001538869314885
8,74,6,24.965015503750003,0.24033632180595835
8,93,1,3.61750180792,0.2764338632286634
8,138,2,5.819258673589999,0.34368638896853954
8,155,3,5.81090621805,0.5162705931617543
8,158,4,11.211509397699999,0.35677622504785894
8,177,8,58.488626045,0.13677873017302472
8,183,3,7.5028501253,0.3998480510604689
8,200,3,4.74084680516,0.6327983424258216
8,240,1,6.050610258840001,0.16527258527997077
8,241,1,7.05171872831,0.1418093997404315
8,258,1,7.187057463899999,0.13913900160433085
8,259,3,11.8443126057,0.25328612135382755
8,260,2,4.74201063117,0.4217620236558893
9,9,2,1.56343216385,1.2792368266717362
9,11,5,6.3227566487,0.7907943129565222
9,23,2,6.591915491599999,0.30340194781753144
9,26,6,14.0264708402,0.42776262599170295
9,27,34,68.94435068429999,0.4931513555865931
9,28,53,82.477049854,0.6426030040334861
9,29,6,12.514545278389999,0.47944211048249147
9,30,5,9.44304253221,0.5294903610721984
9,36,4,6.3262673892,0.632284371480831
9,40,9,6.3269446825,1.4224875436154092
9,42,11,24.165277517030002,0.455198579542402
9,43,9,33.20478683699,0.27104525754624137
9,52,6,8.51227003989,0.7048648564816367
9,53,2,7.1835004686172,0.2784157958557207
9,55,5,8.50807579239,0.5876769462340969
9,58,4,9.140688861169998,0.437603780278766
9,59,4,8.518734152,0.4695533313550926
9,60,5,9.15104834181,0.5463854864754263
9,63,7,8.51911691592,0.8216814100671435
9,64,2,9.16731332293,0.218166427779603
9,65,6,6.5867705480000005,0.9109168076033608
9,68,5,8.526690794849998,0.5863939622414748
9,69,7,9.15475854208,0.7646296696766369
9,70,7,8.51565961324,0.8220150074007797
9,71,4,3.61041756855,1.1079050896615437
9,73,4,8.50806647184,0.47014207202531866
9,77,2,7.295194485000001,0.2741530748922864
9,78,1,4.99771992042,0.20009124479227755
9,80,3,4.95177582262,0.6058432585529873
9,81,5,8.49930453347,0.5882834272275048
9,82,5,9.147228780419999,0.5466136378596648
9,83,4,8.516740797039999,0.4696632309615673
9,84,4,9.14549453675,0.43737383297606397
9,85,4,8.51635554764,0.46968447684273296
9,87,7,8.512490626239998,0.8223210229944099
9,88,4,9.131190288665,0.4380589905092
9,89,2,6.3185437601,0.31652863000324416
9,91,1,8.513558139899999,0.11745970175658495
9,93,3,7.2964496524,0.4111588708096161
9,94,3,8.51677932198,0.3522458298593738
9,96,3,9.15172128552,0.32780718581832774
9,98,1,5.004249897749999,0.19983014846033528
9,101,6,8.50722575823,0.705282799647761
9,102,1,3.6101292528699997,0.2769983925658658
9,103,1,4.87890900546,0.20496385541950002
9,107,3,9.07210390468,0.33068404325179723
9,109,4,7.2912425718,0.5486033362091962
9,111,5,8.534797809239999,0.5858369596742956
9,112,2,9.16784459428,0.21815378515990985
9,113,2,4.33739561375,0.4611061978436529
9,116,5,8.517956818130001,0.5869952274655555
9,120,5,8.51529984001,0.5871783840783847
9,121,4,9.14783088795,0.4372621279290382
9,122,4,6.762985487670001,0.5914547661373275
9,123,3,3.6122375612799997,0.8305101613906443
9,128,6,8.528153499830001,0.7035520643618344
9,129,4,3.61031566387,1.107936361363008
9,134,8,29.724010662500003,0.26914268369890104
9,138,4,9.150311396989999,0.4371435928744242
9,139,2,7.93940977442,0.2519078945192883
9,145,4,6.76657762764,0.5911407834384207
9,149,3,4.95022985406,0.6060324648439321
9,150,4,8.531121162949999,0.4688715496588762
9,151,4,9.15063326665,0.4371282165331907
9,154,5,6.324322501100001,0.7905985185180453
9,155,5,4.95519273625,1.0090424865661047
9,156,3,8.517545471190001,0.3522141455126115
9,161,3,4.9597069893,0.6048744424765731
9,162,4,5.9624253041660005,0.6708679431514495
9,166,4,6.5842167173,0.6075134175778294
9,167,4,5.843033532530001,0.6845759103949592
9,168,1,1.5638838998400002,0.6394336562338861
9,169,8,8.52647704357,0.9382538601957501
9,170,5,9.140676868728999,0.547005443011054
9,174,2,8.527125753850001,0.2345456203805836
9,175,5,9.14936940007,0.5464857501503596
9,177,2,8.52498637694,0.23460448047283447
9,180,2,7.2920317117,0.2742719833199598
9,183,3,8.51764116217,0.35221018858180025
9,184,5,9.14918485318,0.5464967732357207
9,185,3,8.52189319708,0.3520344518079551
9,187,4,8.78975151257,0.45507543578219495
9,188,3,8.51994333802,0.352115017785692
9,191,3,8.51525137315,0.35230903569793576
9,192,2,3.6099844736600004,0.5540190032929118
9,198,4,8.92836051847,0.4480105828752372
9,199,5,9.44578898761,0.5293364065784741
9,202,2,3.6106306984600005,0.5539198458743056
9,204,3,8.52032734468,0.35209914814753773
9,206,4,9.153434402610001,0.43699444646256974
9,209,5,8.52891467808,0.5862410621659054
9,213,4,4.959740543280001,0.8064938004508397
9,214,5,8.532724297549999,0.5859793221533772
9,216,2,8.52385486217,0.23463562347550823
9,220,2,7.310001732099999,0.2735977463886927
9,221,5,8.52601536566,0.5864404162509915
9,222,5,9.15991094212,0.5458568354642522
9,225,2,8.53377503422,0.23436286895074018
9,226,2,9.15640144436,0.2184264213570414
9,227,1,8.52723697908,0.11727128053944263
9,229,3,3.6157787489100004,0.8296967841033883
9,230,3,4.95811131114,0.605069110340369
9,231,3,8.52276249371,0.3519985453324636
9,232,6,9.15452180011,0.6554138087177753
9,233,3,7.960953915059999,0.3768392622302211
9,240,2,3.6118206220100006,0.5537373555630755
9,241,2,6.2218834429,0.32144607309901746
9,242,1,6.336519994200001,0.15781533095694938
9,243,4,7.75113280031,0.5160536018477226
9,245,3,4.96033830122,0.6047974589277806
9,248,5,9.16331294287,0.5456541789168637
9,249,3,7.5466629240000005,0.3975266989147427
9,253,1,7.2741548968,0.1374730142796263
9,255,2,8.1872829666,0.24428128454323553
9,257,6,9.317352429980001,0.6439597562816327
9,259,3,6.3337051881,0.473656400306808
9,260,3,4.9525258162100005,0.6057515117196901
9,264,2,7.299730486,0.2739827181066148
9,265,5,6.496681839920001,0.7696236514579833
9,267,3,10.7029801897,0.2802957631265212
9,268,3,9.7723791955,0.3069876782290074
9,269,8,16.295768015116,0.49092500534980477
9,271,2,4.95731906439,0.4034438723879276
9,272,2,7.961282619790001,0.2512158022161453
9,273,5,9.154857339909999,0.5461581556495511
9,274,3,7.96254089404,0.3767641560554514
9,275,3,3.61165285211,0.8306446169784396
9,286,2,6.3353518186,0.31568886105554345
9,292,4,8.520372083320002,0.4694630658009224
9,297,1,8.5299436668,0.1172340684842001
9,300,5,4.95733397727,1.0086066468238026
9,301,5,8.45143605278,0.591615433019257
9,302,5,9.15742856897,0.5460048049888732
9,304,5,8.52846542757,0.5862719433482703
9,305,6,9.16500928297,0.6546638213611987
9,306,7,8.522173434949998,0.8213867100254656
9,308,5,8.8087151036,0.5676196745149095
9,309,5,8.52036027729,0.5868296453762527
9,310,3,9.151369030866999,0.3278198037781218
9,311,4,6.332344387800001,0.6316775833775664
9,312,2,4.95569853143,0.40357580012496974
9,313,9,8.52152348193,1.0561491755652161
9,317,6,8.52399591316,0.7038952225137437
9,318,5,9.15947039079,0.5458830900340682
9,319,4,8.52789563128,0.46904889235840913
9,325,1,4.963239477749999,0.20148131164795882
9,326,1,2.17404252093,0.4599726042028955
9,327,1,12.894058811919999,0.07755509840513085
9,331,2,8.52308063515,0.2346569375105767
9,332,9,9.16497075803,0.9819998598592954
9,333,3,1.8798555158,1.595867328518227
9,335,3,6.328808792499999,0.4740228530138518
9,337,6,4.95764031268,1.2102531893356583
9,338,2,8.53070919464,0.23444709629260793
10,7,11,18.152667016265998,0.6059715627540166
10,8,5,17.8759636231,0.27970520109689695
10,30,4,10.36892981359,0.3857678730506416
10,47,4,7.86614714457,0.508508158630264
10,48,8,8.552818160609998,0.9353642097576677
10,79,3,16.5222780096,0.1815730251153563
10,83,3,13.6286014155,0.2201253018220973
10,111,1,8.414505548200001,0.11884239594017693
10,156,2,6.04728965756,0.3307266748004548
10,243,7,10.605326301869999,0.6600456978646395
10,245,4,18.75262162349,0.2133035092538475
10,269,2,8.0378310542,0.24882334382419521
10,271,5,8.3707051769,0.5973212404849858
10,332,3,10.991730828699998,0.27293244774215536
10,334,7,22.91437395797,0.3054851078558611
10,337,2,7.109042844837999,0.2813318253458319
10,351,5,16.74301038155,0.2986320790620641
11,8,3,17.975322923032,0.1668954718001791
11,9,7,11.174939722679,0.6264015890657413
11,12,5,17.97367529834,0.27818461817109746
11,16,8,18.53954452994,0.43151006148401266
11,17,4,17.984504907522,0.222413684478298
11,18,1,3.6145360089100005,0.27666068273630506
11,20,8,18.448982710742,0.4336282452767417
11,21,5,12.1640696077,0.4110466448527178
11,28,3,4.798004767349999,0.6252599039531466
11,29,13,12.1445958719,1.0704349603002619
11,30,27,39.58102355885,0.682145067821598
11,31,4,15.1976787258,0.2631980891403823
11,32,2,17.977910742671,0.11124763208735665
11,33,14,16.7823027135,0.8342121006277725
11,36,7,16.295788644599998,0.4295588358848541
11,37,5,16.807741601300002,0.2974819650733608
11,40,7,17.983630267109998,0.3892428778855735
11,41,2,7.300507198499999,0.27395356865217946
11,42,13,18.462073671765,0.704146253076737
11,45,8,17.9160916977,0.44652595750149066
11,48,10,17.990330624094,0.5558541534866096
11,51,2,7.2880176615000005,0.27442304518076116
11,52,2,3.9296664763009996,0.5089490449282613
11,55,2,4.00185767786,0.4997678980601587
11,59,3,3.9391877288109995,0.7615783269373447
11,63,13,18.012405601125,0.7217248094384494
11,64,5,16.8320558094,0.29705224701118854
11,69,8,17.992364243829996,0.444633061646881
11,70,10,16.8049081541,0.5950642460107844
11,76,7,13.6502934422,0.5128094886487523
11,78,10,18.52580790335,0.5397875251740958
11,85,6,17.979427382567003,0.3337147436529401
11,87,8,10.7863804711,0.7416760442888547
11,88,14,18.000663634372,0.7777491032756819
11,89,4,3.6144365897100004,1.1066731704154573
11,93,19,21.720794266890003,0.8747378096095946
11,101,3,18.022526786369998,0.16645834602220305
11,102,9,16.812495081799998,0.5353161417273963
11,105,11,17.990490191910002,0.6114341456324798
11,106,6,19.91237082492,0.30132022212498677
11,108,6,17.998750933238,0.33335646580451855
11,110,12,16.8149867755,0.7136490893638051
11,113,5,17.982640859659003,0.2780459243456644
11,135,10,20.721220581319997,0.4825970536221652
11,158,5,18.059236518189,0.2768666324827228
11,159,10,18.89038680893,0.5293697848088916
11,161,14,18.035387529808002,0.7762516872377424
11,162,14,18.57174019512,0.7538335047180289
11,163,9,18.033912086743,0.49905976899022564
11,165,14,18.56685746966,0.7540317483923881
11,168,7,18.038483133011,0.3880592369316119
11,171,17,16.8377475586,1.0096362319743373
11,172,6,18.026618756368,0.3328411212935021
11,174,2,11.67047937724,0.1713725662289794
11,178,14,17.995358066627002,0.7779784068850217
11,180,4,18.867337088779998,0.21200660067597535
11,189,6,18.034329398835,0.33269881387369993
11,190,13,19.93521859982,0.6521122371899839
11,195,5,18.041412022642998,0.27714017027739934
11,197,17,17.143020425899998,0.9916572212861673
11,199,11,16.311191039886,0.674383616322164
11,200,12,16.831949555130002,0.712929893278029
11,202,11,16.322362713253,0.6739220413885614
11,204,13,15.0971037776,0.8610923122412703
11,207,6,18.031683108278997,0.3327476400273019
11,208,17,16.547250869899997,1.0273609878559082
11,210,12,18.016669193517,0.6660498603325636
11,214,2,3.9460785357,0.5068322847368818
11,216,15,18.009498148758,0.8328938361358201
11,217,7,10.818934045399999,0.6470138343228244
11,228,5,4.196805431742,1.1913823695954884
11,229,11,16.8379153285,0.6532875231520677
11,233,3,5.573582086497,0.5382534882312108
11,235,11,7.296822474400001,1.5075054982620366
11,236,3,6.779758252353999,0.44249365365769056
11,237,14,16.8700898671,0.8298710979188534
11,240,1,11.825038329669999,0.08456632208040436
11,243,1,5.5769421447720005,0.17930973175639472
11,245,2,7.3140654919,0.2734457330488646
11,246,14,18.028326156853996,0.776555731141878
11,249,1,7.483186250280001,0.13363291605398472
11,252,17,32.078314608814,0.5299530292445288
11,254,12,11.650159646185001,1.030028803418978
11,256,7,9.22894577049,0.7584831652584674
11,257,3,16.1206492964,0.1860967225848619
11,261,5,15.397887805882998,0.32471986177803386
11,262,11,16.8387417506,0.6532554607061449
11,264,7,18.009487771878998,0.38868401415226167
11,265,15,18.58656173373,0.807034685322069
11,268,14,18.030145155392,0.7764773871392396
11,269,12,15.349645446864,0.7817770150809348
11,296,1,2.8544843027199995,0.3503259762357472
11,303,9,14.8688310807,0.6052930422810544
11,306,1,1.5272555053539998,0.6547692881082212
11,308,8,18.064256380008,0.4428635107755516
11,309,16,20.69622038074,0.7730880182784328
11,311,6,4.021977017089999,1.491803651414485
11,314,2,4.01311255267,0.4983662864549767
11,316,3,2.87510322343,1.0434407973780497
11,317,4,3.15310105458,1.2685923891306454
11,320,9,17.760940828208,0.5067299129619397
11,321,4,13.351122987533,0.29960026611507634
11,322,6,18.056633723533004,0.3322878500980096
11,324,18,16.8609681555,1.0675543559536615
11,325,14,18.773084518193,0.7457485202515653
11,330,10,16.874439457100003,0.5926122776062023
11,335,2,3.949929041316,0.5063382098969704
11,339,2,4.185504886236999,0.4778396046260767
11,340,7,15.571718611,0.44953291122632655
11,343,4,7.235596402820001,0.5528224319478406
11,344,9,16.8623289558,0.5337341018308354
11,347,4,18.069769485333,0.22136419633060336
11,348,17,18.60252969999,0.9138542055389992
11,349,8,18.052328375077,0.4431561310974589
11,351,3,6.50802743475,0.46096916924186915
11,352,24,28.27986165481,0.8486604458306445
11,353,13,18.575741942194,0.6998374568539337
11,354,8,15.364896165733,0.5206673649927884
11,364,11,18.031645453257003,0.6100386139753597
11,365,6,15.1527468210889,0.3959678117006135
11,366,13,18.037704494264,0.7207125498776193
11,367,13,16.5702850558,0.7845368957880231
11,368,16,18.029196136991,0.8874494391445639
11,369,11,15.1566265186675,0.7257551663262247
11,370,8,14.966539586953,0.5345256967064022
11,371,18,11.34707306923,1.586312160869998
11,374,16,18.051263533307996,0.8863645456439642
11,375,16,15.151215647348598,1.056020874655027
11,376,14,10.580493995464,1.32318963613627
11,378,5,20.33279287377,0.2459081755782882
11,380,11,16.336548093257,0.6733368602232628
11,382,19,24.385925382659998,0.7791379536291968
11,383,3,9.0303639963,0.33221252224486036
11,384,28,21.9822437722,1.2737553222574303
11,385,10,18.049337037759997,0.5540369698388127
11,391,2,3.6198195180199995,0.5525137344676172
11,393,1,3.5905300003300002,0.2785104148713676
11,394,7,12.8984367488194,0.5427014247009982
11,396,8,10.423801817687,0.7674742996768877
11,399,7,20.017166739529998,0.34969983969691204
11,400,18,18.006207621786,0.9996552510158503
11,401,7,12.884792290041501,0.5432761229228519
11,406,4,4.01668356606,0.995846432564175
11,409,17,18.011586262643,0.9438369143121456
11,411,26,18.53965699791,1.4023991923330088
11,412,1,4.028926419169999,0.24820507896145952
11,418,20,30.050876510121995,0.6655379916543674
11,421,10,13.9638367442,0.7161355566659419
11,426,2,18.038661217653,0.11087297310305708
11,427,5,7.5031918788,0.6663830648030368
11,428,2,5.2977297838199995,0.3775201985779413
11,429,11,18.073964478477,0.6086102478014228
11,431,2,8.648979517699999,0.23124115346868745
11,436,16,18.005038886953,0.8886401246039012
11,437,14,12.8789792432038,1.0870426712883912
11,440,14,18.030703953432997,0.7764533229627143
11,442,6,16.5710555546,0.36207711574139556
11,443,13,18.078449651411002,0.7190882100327317
12,110,8,38.44364492016,0.20809681331243304
12,111,7,39.552820506605,0.17697852922602716
12,129,1,5.6789527062200005,0.17608880575897867
12,151,6,15.816465069340001,0.37935151588523514
12,152,6,15.963673836039998,0.37585333185987846
12,156,3,5.315551918160001,0.5643816571052253
12,201,6,12.077006350149999,0.49681186098949753
12,212,1,2.5428268586699994,0.3932631105379468
12,301,4,9.94679837587,0.40213944717162714
12,348,6,9.950306009519998,0.6029965303840379
12,367,2,2.8485440055199995,0.7021130781635587
12,405,1,2.41857212114,0.4134670995581672
13,7,4,6.80741841363,0.5875942621642134
13,9,2,6.86368595261,0.29138862322794296
13,10,5,14.082172932479999,0.3550588409880757
13,11,3,8.25573060032,0.3633839505232544
13,19,4,6.86177772534,0.5829393139956017
13,22,2,3.6165287425,0.5530164813835985
13,25,1,4.89119846132,0.20444887033476197
13,27,1,6.130276044403,0.16312479124215123
13,35,2,6.8676546428,0.29122023514924206
13,36,4,8.189481373660001,0.4884314179973939
13,37,1,8.25979560286,0.12106837118992925
13,43,3,6.862185344059999,0.43717851523740037
13,45,4,3.6532889916999998,1.0949038001339892
13,51,2,6.86482430245,0.29134030411910417
13,53,1,3.6572837794299997,0.27342696391906823
13,54,2,7.4159763856000005,0.269688021645202
13,58,2,6.4844246952999995,0.3084313711669175
13,60,6,8.264080570379999,0.7260335797674959
13,61,4,8.187474969930001,0.48855111187401873
13,64,1,5.72616750567,0.17463687518917476
13,66,3,11.2922564292,0.26566878097476354
13,67,2,10.029756863200001,0.19940662842368231
13,71,2,6.86582532952,0.2912978271382594
13,76,2,8.0846574974,0.24738215572436972
13,90,3,6.802302053050001,0.4410271664803339
13,91,5,10.538601105789999,0.47444627136071754
13,101,2,6.817397615829999,0.293367075342063
13,102,3,10.557883459629998,0.2841478608350859
13,126,2,3.63704265168,0.549897318107109
13,127,3,3.3314497788299997,0.9005088472483579
13,133,2,3.32322035455,0.6018258756936452
13,150,1,7.35932670407,0.13588199576015023
13,155,3,6.8087350966599995,0.4406104742526463
13,156,3,7.2045738842,0.4164021423361559
13,157,5,14.737226778809998,0.3392768581935156
13,167,6,8.12122760738,0.7388045613384389
13,169,2,5.68592012803,0.3517460595586909
13,174,4,6.74427355149,0.5930957529319503
13,175,4,8.476487827069999,0.471893557992951
13,183,5,6.752553306739999,0.7404606484201014
13,187,1,3.6244046072500002,0.27590738572610557
13,193,3,14.431867541079999,0.20787330478613145
13,198,2,8.19482391292,0.2440564948377707
13,201,5,6.7418645,0.7416346027126473
13,202,3,6.802479143500001,0.441015685122181
13,210,9,12.1746142566,0.739243134140451
13,212,5,10.788219477752,0.46346850935979267
13,224,2,10.514088556386,0.19022095821945964
13,227,3,7.202487323739999,0.41652277402998683
13,236,6,8.59784387355,0.6978493780816509
13,238,1,8.19596723372,0.1220112247259581
13,239,3,6.74557221479,0.44473617722486936
13,240,4,4.29380775099,0.9315740787597538
13,243,1,3.5925270835100003,0.2783555911352996
13,250,1,3.5882974179199993,0.27868369968609297
13,252,4,3.62531864252,1.1033512897557483
13,253,7,7.617380422329999,0.9189510844804105
13,254,4,6.942470076279999,0.5761638085652837
13,256,3,6.79977431989,0.4411911129498385
13,257,6,8.320728387800001,0.721090717105645
13,260,7,8.18557979143,0.8551623926907098
13,265,4,6.946390299609999,0.5758386482004297
13,266,2,6.801901269400002,0.2940354352094882
13,269,3,7.618851826489999,0.39376011875822214
13,278,1,4.84415950958,0.2064341601514898
13,279,1,3.5955655828100004,0.2781203615867526
13,281,1,3.6275729728800004,0.27566640491482125
13,282,2,3.59457139081,0.5563945690752633
13,288,5,8.1220763988,0.6156061276078032
13,289,2,8.19060605336,0.24418217491726976
13,298,1,10.840151345419999,0.09224963454246453
13,306,1,3.6243250718899995,0.27591344047914657
13,318,5,6.74065779946,0.741767368816817
13,319,6,10.44540181949,0.574415432138249
13,330,2,7.195294344620001,0.2779594418531914
13,332,1,3.5906182348699995,0.27850357085823846
13,340,5,4.071102529289999,1.228168527819416
13,348,4,6.6724054312625,0.5994839554051427
13,349,3,4.2898328471,0.6993279474812291
13,353,7,8.3216728702,0.8411770216379298
13,354,3,8.20345039263,0.3656997795336469
13,359,1,3.6230469137999997,0.2760107787152994
13,360,1,3.58578521901,0.27887894531398905
13,364,2,12.68282470179,0.15769357749758448
13,365,4,6.79704091326,0.5884913819183587
13,368,1,3.01797172068,0.3313483665694134
13,376,6,8.107436921599998,0.7400612620265572
13,377,6,8.183983491900001,0.7331393087410828
14,231,2,8.128756126299999,0.2460401036671706
14,232,2,5.957054927530001,0.3357363704600368
14,678,5,17.10719906677,0.2922746137742844
15,256,2,1.80942819726,1.1053215612692349
15,269,1,1.80334063537,0.554526405264985
15,275,2,1.8600114434800001,1.0752622017518814
15,311,1,1.85861460372,0.5380351569381351
15,326,1,1.80366809736,0.5544257291370202
15,341,1,1.85963800011,0.5377390653131678
16,285,2,14.860847718939999,0.13458182452478942
17,15,6,7.654414695700001,0.7838613713169478
17,26,1,2.8296382019,0.35340207074124746
17,33,2,3.24823715117,0.6157185903989828
17,42,1,2.82666246097,0.3537741112735615
17,56,1,2.42519033301,0.4123387704415184
17,58,2,2.21564013558,0.9026736643206948
17,60,2,2.80674009603,0.7125704310238432
17,69,3,3.7933234203800006,0.7908632266582404
17,71,2,2.19430726074,0.9114493834949657
17,73,2,2.4251027198400004,0.8247073345132172
17,79,11,24.93683202466,0.44111457257770814
17,80,1,17.86959395923,0.05596098055062299
17,85,2,5.1081212138,0.39153338699106033
17,91,1,2.21381641463,0.45170863915883114
17,92,3,2.80790702889,1.0684114428054752
17,97,3,6.4944660345,0.46193174066402914
17,98,4,7.556729118,0.5293295468898135
17,106,1,2.2132391619,0.45182645292681783
17,107,2,2.80532523654,0.7129298143222557
17,120,2,3.0074556547999998,0.6650139618211603
17,122,2,2.8063355841599997,0.7126731426165648
17,126,2,5.10474779607,0.39179212762278737
17,132,2,2.62663600153,0.7614302091477508
17,135,3,7.43007154268,0.403764618249949
17,140,2,2.7991351486,0.7145064078096797
17,146,1,2.2138891149199997,0.4516938058282723
17,155,4,10.538696175399998,0.37955359310357756
17,157,5,8.755158601929999,0.5710918816362497
17,162,2,5.62535270865,0.3555332622832053
17,170,1,2.6308029087500002,0.3801120930321383
17,189,4,7.187573200999999,0.5565160712997655
17,232,2,2.42412406209,0.8250402820867451
17,239,3,2.41864482143,1.2403640143517556
17,241,2,5.23725059898,0.3818797596566254
17,259,2,5.10583022261,0.3917090684181895
17,278,3,7.581155172699999,0.3957180576916699
17,280,1,5.10744640598,0.195792558651063
17,304,1,2.4289912533,0.41169353682991294
17,307,1,5.104491791629999,0.19590588854305388
17,321,4,6.507185478399999,0.614705084598807
17,324,1,2.8019971788199993,0.35688829651895954
17,359,2,8.10712934345,0.24669644645744573
17,422,1,2.79579901307,0.35767950246964425
17,471,1,10.338002985949998,0.0967304808635733
17,489,1,5.19467494795,0.19250482658104234
17,515,1,2.7953584617400002,0.3577358731221682
17,517,1,2.41926494869,0.4133486911144175
17,524,1,2.79783275708,0.3574195053187042
17,542,1,2.7979421182,0.3574055351235536
17,543,1,5.2400579486400005,0.19083758420258293
17,544,6,11.7314469589,0.5114458617952606
17,545,7,15.40579790812,0.4543743882496654
17,550,2,2.80293358341,0.7135381344165975
17,558,1,2.8664947634500004,0.34885812901204794
17,581,1,2.7990580987199998,0.35726303804029536
17,596,2,2.8016311918900003,0.713869836183108
17,667,1,2.7961407665699993,0.35763578570713056
17,700,34,73.62562488345002,0.4617957410048782
17,701,20,81.82896541848538,0.24441223102011683
17,703,5,58.24908790999999,0.0858382539435715
17,708,32,119.19423811299998,0.2684693531046607
17,709,27,77.815967073,0.34697249183668194
17,731,2,2.79766063759,0.7148829894260756
17,756,2,5.09655938221,0.39242160249936076
17,771,4,10.523092331960001,0.3801164024619911
18,1,3,10.0284954821,0.29914756459278874
18,610,10,16.72279845819,0.5979860383417164
20,9,2,5.86941938821,0.34074920664511266
20,11,6,18.706480551400002,0.3207444598418037
20,12,3,16.599949259600002,0.18072344397468892
20,62,1,3.0971317731999997,0.32287938429135227
20,63,1,4.258208842319999,0.23484052497884772
20,119,1,6.6236923534,0.1509731954091574
20,120,1,7.0194739749,0.14246081737403207
20,136,1,6.05221028659,0.16522889203234054
20,162,1,3.7801671533700003,0.2645385665309813
20,163,2,4.26022518797,0.4694587520039055
20,179,8,28.002865472099998,0.2856850491950766
20,181,15,29.029803671099998,0.5167103494720817
20,215,10,27.07265345552,0.36937642689623545
20,216,9,23.245774812399997,0.3871671334955516
20,229,2,7.7735313247,0.25728332677390797
20,243,6,17.246832711800003,0.34788996334932254
20,294,12,29.122021192800002,0.41205931142467633
20,296,2,29.0330347951,0.06888704588118175
20,351,10,23.0987338156,0.43292416284941054
20,367,2,13.6181189036,0.14686316180359482
20,448,19,46.3384067746,0.4100270450043761
20,461,3,6.8086369202,0.44061682759137005
20,497,1,4.25296261541,0.23513021167330353
20,522,2,4.32197507446,0.4627513961889023
21,2,2,3.58655261096,0.5576385507041725
21,3,6,28.8058122135,0.2082912974482305
21,10,2,4.35146529466,0.4596152938308725
21,12,8,11.703535018499998,0.6835541558472931
21,15,2,5.963375192484999,0.3353805412948669
21,21,5,16.4274569476,0.3043684738270146
21,22,4,14.9984302216,0.2666945767590662
21,23,3,14.055196775299999,0.2134441835259163
21,26,4,14.4970467686,0.275918265550735
21,29,2,11.6913934487,0.17106600755296503
21,32,1,2.7964446164999996,0.3575969265043373
21,33,4,7.2944736958,0.5483603295880158
21,34,5,14.489024881899999,0.3450887855293911
21,36,5,24.4675311475,0.20435245263847884
21,37,4,29.881055716299997,0.1338640788992611
21,43,6,3.47078454489,1.7287157766199397
21,45,6,7.793788608069999,0.7698438207301852
21,49,4,4.51935698318,0.8850816642471647
21,50,10,25.06193928183,0.39901142076623086
21,52,7,14.7976966431,0.47304659426600837
21,53,1,9.080166801799999,0.11013013547303623
21,57,3,9.6172044654,0.31194096068074223
21,59,2,11.605386706561001,0.17233376625608848
21,61,1,5.62134611489,0.17789333365386775
21,68,1,5.878231533276,0.17011919219906765
21,79,3,6.5289272147,0.4594935586424435
21,82,2,9.614395873,0.20802139067485018
21,86,3,9.611506502500001,0.3121258877804104
21,87,4,14.0521272075,0.2846544114591485
21,88,2,4.45028673672,0.4494092444645628
21,94,4,5.495658001044001,0.7278473295172528
21,96,4,9.06439456709,0.4412870567795843
21,99,7,14.0612240643,0.49782294684943396
21,101,3,9.612190009499999,0.31210369302261143
21,102,2,3.869391660054,0.5168771155029803
21,106,1,6.531331916600001,0.1531081275257815
21,108,3,9.6151725855,0.3120068800974098
21,110,5,14.29249300734,0.34983400008887316
21,111,2,4.0469119738199995,0.49420397896921414
21,114,3,6.5167732175,0.4603505292993572
21,116,1,9.609984146,0.10405844430203703
21,123,1,5.9625585880309995,0.1677132367315199
21,124,5,18.164136388,0.27526769746692786
21,125,6,12.6338936784,0.4749129724162647
21,127,4,27.204964255100002,0.14703198881248802
21,132,1,14.4774425451,0.06907297313629869
21,137,1,6.519693656500001,0.15338143978636487
21,138,3,11.6522595661,0.25746079401869154
21,141,3,16.4260029418,0.1826372496479812
21,142,7,14.4832585683,0.4833166491497388
21,145,2,4.64633518542,0.43044677583225466
21,158,3,11.6979489022,0.2564552149339444
21,161,3,11.671403975799999,0.25703848536305757
21,162,8,14.8504695972,0.5387035034574509
21,164,14,14.7980383966,0.9460713389699436
21,171,2,14.0589187816,0.14225845038791715
21,172,6,14.485594919499999,0.4142045965901622
21,186,8,16.8634971314,0.47439744779295634
21,188,1,3.61426881981,0.27668113520470494
21,191,3,9.1490705211,0.3279021615454012
21,193,2,9.624399930000001,0.20780516339162558
21,199,1,2.7369434680399998,0.3653710833553049
21,200,4,9.087983636399999,0.44014163757721186
21,202,3,9.6194227563,0.31186902540853867
21,203,4,9.870704784299999,0.4052395535486241
21,209,6,9.6013657441,0.6249110970162735
21,213,2,3.24657995738,0.6160328796010945
21,214,1,7.80326574331,0.1281514731005199
21,219,4,9.6030372294,0.41653488416705026
21,232,6,14.486526974499998,0.41417794689931814
21,235,3,11.6652586265,0.25717389524351325
21,237,1,3.7180394739200002,0.26895895189237484
21,238,4,8.4369742874,0.4741036138955295
21,240,2,8.992966842849999,0.22239601623685867
21,249,2,3.60453692287,0.5548562943856773
21,250,1,3.4061452879000003,0.2935870068585749
21,255,5,14.795590198800001,0.33793852984692196
21,262,3,11.659579304700001,0.25729916334036973
21,270,6,14.4961084999,0.4139041867713249
21,271,3,9.0807136074,0.3303705115812989
21,272,4,9.6172976709,0.41591725002993224
21,273,5,16.429954855000002,0.30432219955116846
21,277,4,11.81130853815,0.3386584972427211
21,281,1,9.125588948799999,0.10958196841985728
21,284,6,13.90698573879,0.4314378480495975
21,286,3,3.60360051828,0.8325007127682125
21,287,1,3.41048058639,0.293213808045306
21,289,1,3.4614192562499997,0.28889883772223846
21,292,6,16.824972812770003,0.35661276049409446
21,307,14,43.8060009122,0.3195909169627258
21,310,1,9.0911339823,0.10999727888148517
21,316,4,14.8783007595,0.2688479057291502
21,320,9,14.8219487142,0.607207606337057
21,321,3,7.0062015117000005,0.4281920802577763
21,333,2,12.710514813100001,0.1573500388779465
21,337,3,4.14524688317,0.7237204645591112
21,346,2,14.053090330999998,0.1423174513856329
21,361,5,14.483128080600002,0.3452292883260107
21,362,1,9.8570532854,0.10145019723908492
21,364,2,14.9675916285,0.13362203149582008
21,366,5,15.2408639408,0.3280653917928453
21,367,1,9.6049137668,0.10411337616133153
21,368,2,16.4126310594,0.12185736660756417
21,369,3,14.4763116517,0.20723510740718962
21,371,2,8.69110219,0.23012041007885098
21,372,2,9.975780315409999,0.20048556972636192
21,383,4,3.59993940624,1.111129813203675
21,387,3,9.0762956667,0.3305313213855178
21,389,1,11.6506129356,0.08583239401459873
21,391,28,86.34431009068,0.3242830937046577
21,397,18,73.76381446459999,0.24402208766790912
21,402,4,8.829170604,0.4530436865935998
21,406,1,3.4599994258,0.28901738900398405
21,409,9,9.617316312,0.9358119986934668
21,412,6,14.144928816999998,0.4241802894609788
21,416,6,9.6090769458,0.6244096112293617
21,419,3,6.9895425819999994,0.42921263656449105
21,427,1,1.91726571802,0.5215761125863768
21,430,5,14.4686439459,0.3455748872316992
21,436,3,3.37641459751,0.8885164760904677
21,437,3,3.4091452622600005,0.8799859698589761
21,444,8,14.4721857549,0.5527845023196553
21,446,4,9.0966268931,0.4397234323234793
21,452,3,9.6124323438,0.3120958247300429
21,455,2,9.079185037199998,0.22028408847329714
21,459,8,16.838921947899998,0.4750897964104935
21,462,2,3.60359989691,0.5550005708777358
21,464,2,3.0556497333699997,0.6545252808783977
21,471,2,5.868004280172001,0.34083138056971163
21,472,4,8.5782054747,0.46629799342034167
21,478,3,7.135620455300001,0.42042594877250544
21,480,3,5.605478189199999,0.5351907364085476
21,493,4,9.609723170599999,0.41624508104849534
21,497,1,4.64471278835,0.21529856539423242
21,500,3,9.067994163499998,0.3308339138632707
21,507,2,9.0734062962,0.22042438470297673
21,508,1,9.6016018647,0.10414928822204865
21,517,2,2.7312336991099997,0.7322698166223273
21,519,1,3.4492497248,0.28991812126852706
21,525,1,11.6339975018,0.0859549780585118
21,531,1,2.44289067883,0.40935110550216713
21,533,2,6.5084717143,0.30729180179207466
21,536,3,9.592896471,0.3127314058969792
21,549,3,9.581655887699998,0.31309828229702025
21,558,3,3.38360757663,0.8866276398955033
21,559,1,3.25395375517,0.30731844249819584
21,561,7,11.675424239700002,0.59954994836058
21,563,3,11.6415471473,0.25769770650250584
21,565,5,3.5997498883899994,1.3889853892699937
21,571,5,6.5103731065,0.7680051386007303
21,573,3,14.453799416599999,0.2075578824315591
21,578,8,18.71356541214,0.4274973701596267
22,5,2,6.881200508799999,0.29064695868726786
22,7,8,21.21064266182,0.3771691469962067
22,18,1,3.82630014765,0.2613490738864724
22,23,2,6.5625184769,0.3047610466987606
22,25,10,21.000665583200004,0.4761753840792429
22,27,6,19.5685506483,0.30661442984901105
22,30,1,6.5602691175,0.15243277098685273
22,38,3,6.573224681999999,0.4563969961676719
22,43,1,6.886830120999999,0.14520468523692806
22,49,1,4.2444355549,0.23560258768578718
22,50,2,6.8905707684,0.2902517174878973
22,56,3,5.148925338960001,0.5826458537474057
22,65,15,38.62868642068,0.3883124535130374
22,66,17,40.07924485992,0.424159688123274
22,67,2,6.879746503,0.29070838571274027
22,74,1,3.82390849452,0.2615125339513455
22,76,5,31.633731705979997,0.15805912645629497
23,14,2,3.79787992659,0.5266095923669021
23,18,4,4.9293228972865,0.8114704764424998
23,21,4,13.56319538793,0.29491575440693224
23,31,2,6.625425975700001,0.3018673829177742
23,58,2,6.736201955189999,0.29690321241913964
23,60,1,10.0818400966,0.09918824246550388
23,78,2,6.73942375864,0.29676127687266773
23,94,3,2.1679959135366995,1.3837664458998145
23,122,1,2.6411866228199994,0.37861769833299336
23,134,1,1.7316826686901998,0.5774730082367656
23,152,1,10.07225546435,0.09928262875573655
23,171,1,1.8466283764199998,0.5415274739461485
23,173,19,39.6894992266,0.4787160425361616
23,175,19,39.647848795499996,0.4792189381572825
23,180,9,6.72889091577,1.3375161096619015
23,193,1,1.7857241744999999,0.5599968988939731
23,194,1,1.84675575727,0.5414901218330398
23,195,1,1.78913052484,0.5589307130565161
23,198,2,1.84686636113,1.0829153868915051
23,209,2,5.683989531439999,0.3518655319362128
23,213,2,1.7879996314400002,1.1185684632324344
23,222,1,1.8495879617300002,0.5406609583815936
23,258,1,1.7909629449699997,0.5583588442231846
23,259,2,1.84485871466,1.0840938572190835
23,266,2,1.7812068146,1.1228342400257063
23,279,1,1.7863455444999998,0.5598021072008782
23,284,2,1.78372709132,1.1212477568639454
23,298,5,10.3801163377,0.48169016967953243
23,299,5,11.59228058411,0.43132151294316484
23,303,4,6.42380135262,0.6226842613009145
23,305,12,21.61930839027,0.5550593841105819
23,306,2,21.74772817091,0.09196362876538165
24,82,2,4.153028299680001,0.48157629943289915
24,87,2,8.12952476099,0.24601684093480064
24,89,5,16.8626955641,0.2965124989058569
24,92,4,11.87383637988,0.33687511533996944
24,142,2,2.62653409685,0.7614597512358962
24,143,6,2.5424652213300005,2.3599142869932015
24,149,24,31.693244536195998,0.7572591683565325
24,156,9,14.598993080389999,0.6164808730602929
24,157,4,11.239421338100001,0.3558902081943118
24,158,2,10.386385960999998,0.19255976116329887
24,165,7,18.3997412509,0.38044013252945086
24,167,9,21.632977908900003,0.41603148849411614
24,184,5,10.371970177,0.4820684898504216
24,201,10,21.6092042927,0.46276576705687356
24,202,6,23.71394479616,0.2530156855628499
24,220,1,12.6433074339,0.07909322819428874
24,221,3,11.937729371500001,0.2513040718750222
24,225,2,11.215598012300001,0.17832308164099908
24,236,9,11.220351492799999,0.8021139093347673
24,238,4,10.363923435500002,0.38595422138093227
24,265,19,21.586586424700002,0.8801762180545436
24,266,8,21.592315456099996,0.3705021824206416
24,296,2,10.811342069068749,0.18499090928979117
24,297,2,10.377531438499998,0.19272406080892457
24,301,15,21.820842914700002,0.6874161579658769
24,302,10,21.5996165536,0.46297118169596874
24,303,5,14.9586314731,0.3342551762834364
24,311,6,11.2398625108,0.5338143588709208
24,318,3,5.39746712526,0.5558162616609708
24,320,2,8.46846966859,0.23617017929675124
24,372,1,4.14471436908,0.24127114945727116
24,416,1,4.1470358074,0.24113609007561326
24,417,9,11.215119557400001,0.8024881013472199
24,420,2,4.144605629330001,0.48255495911279533
24,463,8,9.61230123473,0.8322668843435089
24,522,4,11.2292557249,0.3562123882467394
24,523,3,10.3679188446,0.28935411676785183
24,525,4,5.67042067475,0.7054150352215894
25,13,1,1.78925044925,0.5588932507571368
25,14,1,1.8452408572099999,0.5419346726974157
25,16,2,1.84547200685,1.083733588250824
25,18,1,1.8456807871699998,0.5418054990610319
25,26,7,21.74290074738,0.32194416381372176
25,35,2,1.78747705927,1.1188954787575252
25,45,8,28.316956201070003,0.2825162402058491
25,49,12,39.267839470846994,0.3055935890974845
25,50,2,1.7908858950900002,1.1167657333632028
25,53,1,1.7862803006499999,0.5598225539609407
25,55,1,1.7877647535799999,0.5593577107936039
25,56,2,1.7233283987497998,1.1605449091716433
25,58,1,1.84282869887,0.5426440344743859
25,60,1,1.7265799782501998,0.5791796572397698
25,70,1,2.27639645144,0.4392907919740523
25,88,1,1.83901597255,0.5437690672220693
25,95,1,1.78444788052,0.5603974265186122
25,96,1,1.8418606044099999,0.5429292518693771
25,116,1,1.7858403706900001,0.5599604625432604
25,135,1,2.2763802958199997,0.43929390964956455
25,136,1,1.7854961317099998,0.5600684214545361
25,155,1,1.78627284421,0.5598248908286246
25,157,2,1.79030553551,1.1171277529621584
25,163,1,1.7870054394400001,0.559595386745646
25,168,1,1.78663013196,0.5597129378440308
25,170,1,1.7878188127699997,0.5593407972089891
25,171,1,1.84267708459,0.5426886828749501
25,174,1,1.7873701836300002,0.5594811915062179
25,175,1,1.8438272404599998,0.5423501606096887
25,176,1,1.78697872053,0.5596037538171748
25,183,1,1.84369488865,0.542389093855017
25,201,1,1.78650399385,0.5597524570012032
25,202,1,1.8423980894599998,0.5427708624541053
25,216,1,1.78631261189,0.5598124277597495
26,1,2,3.4385863942299997,0.581634360956011
26,27,3,13.784279455299998,0.21763923241171032
26,28,6,13.815528152599999,0.43429392881160583
26,29,8,13.799782636799998,0.5797192760606483
26,32,6,13.8092958115,0.43448993213711634
26,33,7,14.0907329256,0.4967804043239243
26,37,2,12.3001558514,0.16259956574227966
26,38,5,15.3947959309,0.32478507818113656
26,43,2,13.8176283832,0.14474263922394065
26,44,11,14.0777835748,0.7813730010518559
26,47,4,13.807848019399998,0.2896903264274062
26,48,4,14.0904470954,0.2838802752615174
26,49,5,6.1228122101,0.8166182186270805
26,50,1,5.0975827786,0.19617140975092512
26,51,8,14.083133570500001,0.5680553947707798
26,63,2,13.7993725326,0.14493412619125598
26,68,11,12.3135898708,0.8933219406702022
26,75,5,13.796228400399999,0.36241789095453314
26,76,3,13.7661105965,0.21792647814138166
26,77,2,13.8047970927,0.1448771746929626
26,78,3,14.059154902200001,0.21338409177997994
26,90,2,13.799850987500001,0.14492910117736876
26,91,6,13.000785944490001,0.46151055987064554
26,94,3,13.8056856518,0.2173017752007744
26,95,5,14.0973132339,0.35467751315736057
26,101,5,13.7990432065,0.3623439629238036
26,102,5,13.7797434543,0.36285145776351435
26,105,2,8.755056075879999,0.22843942776220008
26,108,2,16.241431196999997,0.12314185712706316
26,109,7,14.0794426327,0.49717877210155
26,122,1,13.7957126633,0.07248628790741973
26,123,9,13.784838688299999,0.6528912092122505
26,125,5,13.8147514401,0.3619319552494103
26,126,5,13.7796813173,0.36285309397704585
26,131,1,2.45000412259,0.4081625784951165
26,134,8,13.7894306126,0.5801544838762271
26,135,2,2.4457421457599997,0.8177476940761111
26,137,2,2.44840533758,0.8168582094240967
26,144,4,13.804921366699999,0.2897517409732397
26,145,7,14.0744157494,0.49735634676689255
26,146,4,12.943879015780002,0.3090263741745085
26,147,8,14.058937422699998,0.5690330470553878
26,149,3,13.802367536,0.217354014967016
26,150,3,14.0727318367,0.21317822543710804
26,157,6,13.7980738693,0.4348433018140082
26,158,7,14.069817611400001,0.49751888711963715
26,160,11,14.0835188199,0.7810548017628243
26,162,6,13.7949856604,0.43494064783435404
26,163,8,14.0679348603,0.56866911024561
26,165,5,13.8113090503,0.362022164719527
26,166,8,14.948820040800001,0.5351592953935829
26,167,2,18.3180000274,0.10918222497043384
26,168,7,13.468089117100002,0.5197470806094031
26,170,5,11.684186799439999,0.42792879691376046
26,171,5,8.413231739699999,0.594301946588041
26,185,1,2.44331569591,0.4092798984895627
27,1,2,6.41912243652,0.31156906879069596
27,2,3,7.3525158675,0.40802360090928425
27,3,2,7.5083492498,0.2663701345609721
27,5,2,5.572300759419999,0.3589181715683582
27,10,3,7.3556786408,0.4078481601085446
27,11,1,7.8269753584,0.12776327434412943
27,12,3,5.571200934519999,0.538483539771748
27,17,3,5.57266053265,0.5383424994978822
27,21,11,15.030348755759999,0.731852612254558
27,22,2,7.3576856659,0.2718246050207362
27,24,8,9.8982811849,0.8082211295638013
27,25,2,5.57089149226,0.35900896701698987
27,27,1,7.3570767233,0.1359235519228692
27,30,3,9.8914585423,0.3032919753108957
27,31,2,5.57735125478,0.35859315804897973
27,34,2,5.57043043572,0.3590386816744247
27,36,3,8.6080312347,0.34851174655438544
27,38,2,9.898610511,0.2020485600254163
27,39,2,5.5733595738999995,0.358849985090857
27,40,1,8.090369751809998,0.12360374502985817
27,41,1,5.2504149438,0.19046113701562942
27,51,3,7.3586922853,0.40768113187623195
27,52,1,7.515482577399999,0.13305865454430374
27,55,2,7.364669864699999,0.2715668233258234
27,56,2,7.5117916396,0.26624806650075017
27,62,2,7.360382411699999,0.2717250121163294
27,63,6,7.5045216105999994,0.7995179854669363
27,64,2,6.46344227314,0.30943263906159735
27,65,2,9.42041285818,0.21230492018864605
27,69,2,5.0967507641699985,0.39240686714758327
27,71,1,5.57251388933,0.17945222207785885
27,74,2,5.23462220388,0.3820715081439044
27,78,4,5.573163220980001,0.717725256088342
27,80,2,5.575338637350001,0.35872260504531694
27,83,2,5.2305155695500005,0.3823714839208608
27,84,1,7.3627498313999995,0.13581882080731428
27,88,6,7.8197053294000005,0.7672923399608941
27,89,2,7.3549764927,0.2719247304168886
27,90,1,6.029401658,0.1658539365466171
27,94,2,5.67345979542,0.352518581627129
27,95,3,7.4940701672,0.40031650799459834
27,97,2,7.3616872887,0.27167684819619387
27,102,3,7.5146872238,0.3992182123693194
27,107,1,5.573618685189999,0.17941665127848822
27,109,5,5.845685539689999,0.8553316742838606
27,113,1,5.56361089997,0.17973938472321857
27,116,2,7.3659623143,0.27151917355282634
27,117,4,7.4964065184,0.5335889922967708
27,119,2,7.3539512322,0.27196264115035235
27,121,2,8.74078258561,0.2288124639197194
27,127,2,6.10909795283,0.3273805749134392
27,129,2,7.3503348588,0.272096447089829
27,130,1,6.112473856040001,0.16359988174212908
27,134,1,7.3496762066,0.13606041570947047
27,135,3,7.5003397905,0.3999818786609945
27,143,2,5.55801111353,0.35984095014336187
27,145,3,5.55802229819,0.5397603390286805
27,148,1,7.3503472862,0.13604799352507635
27,149,2,7.290229738700001,0.27433977689112465
27,151,3,7.350285149199999,0.4081474308961358
27,152,6,8.3167640472,0.7214344384364273
27,159,3,8.3221202566,0.36048505759344185
27,163,2,7.3462338168,0.2722483451896437
27,164,4,8.317124441799999,0.4809354516684755
27,169,2,5.56554957437,0.3593535504939587
27,170,5,6.230350230519999,0.8025231030363262
27,171,3,9.8847726011,0.3034971183521362
27,172,4,5.649704820319999,0.7080015907403531
27,173,1,6.804430245300001,0.14696307610629505
27,176,2,8.3301980666,0.24009032966683194
27,178,1,7.3587419949,0.1358927926394285
27,179,2,8.3272714139,0.24017471036930194
27,181,5,7.3413436349,0.6810742349984149
27,182,1,8.327190635800001,0.1200885200947401
27,184,2,5.64862487926,0.3540684755582514
27,185,6,7.8071039458,0.7685308203470033
27,186,2,7.3529135443,0.2720010221730957
27,187,5,8.3286819238,0.6003350885224737
27,190,1,7.3188438272,0.13663360273976144
27,192,2,10.2024728684,0.19603090601638126
27,194,5,9.891713304000001,0.5054736066782389
27,195,2,5.570997125159999,0.3590021597691203
27,197,1,5.226674881579999,0.19132622989890366
27,198,1,5.5642341340799994,0.1797192526236752
27,200,1,7.350173302599999,0.1360512138735922
27,201,2,7.5002590124,0.266657457654922
27,203,3,7.342294331,0.4085916288228408
27,204,1,7.5069263125,0.13321031249965395
27,205,2,5.56453674127,0.3594189584852193
27,210,2,8.3318695519,0.24004216431160036
27,212,5,26.3803565555,0.18953496665144798
27,213,1,13.051583625497,0.07661905472117911
27,214,6,31.73439551009,0.18906930173263553
27,216,2,5.56886334058,0.3591397162552204
27,218,1,8.7125580961,0.11477685301721313
27,220,2,5.22845013567,0.3825225349966372
27,221,1,5.558346653330001,0.17990961384189683
27,227,2,5.844255145949999,0.34221640740411147
27,228,1,5.56419125955,0.17972063743920877
27,230,4,7.3354654747,0.5452960025230831
27,231,4,7.503359648700001,0.5330945319531661
27,234,3,7.340144390799999,0.40871130597378225
27,235,1,1.7275825836,0.5788435293878474
27,238,2,9.898399245199998,0.2020528724348893
27,243,1,9.7444113318,0.10262292569039969
27,244,2,9.903798950499999,0.20194271006470996
27,251,10,21.351677496199997,0.46834727631024403
27,253,3,8.3143842001,0.36082046821506253
27,259,1,8.332267228700001,0.12001535387097995
27,262,3,7.3519628482,0.4080542927028661
27,263,8,30.962308239822004,0.25837866925279307
27,265,9,36.9403967904,0.24363571542195514
27,266,3,7.3477561733000005,0.4082879084775958
27,268,4,7.5056276492,0.5329334450032766
27,270,4,7.3342724443,0.5453847031696638
27,271,2,8.3230895938,0.2402953827974928
27,282,1,8.17504694856,0.12232345652475375
27,285,1,7.3533609307,0.13599223666895477
27,301,3,8.3235866898,0.3604215480420597
27,305,1,8.3367783749,0.1199504119014073
27,307,2,7.349825335399999,0.2721153100560252
27,308,5,8.3292970801,0.6002907510581879
27,310,4,18.0450881097,0.22166696974174543
27,320,3,5.563980615119999,0.5391823242244166
27,323,6,5.764732213349999,1.0408115724968396
27,324,2,7.359916384199999,0.2717422176552885
27,325,2,5.91394614104,0.3381836682821546
27,327,2,7.345109137100001,0.2722900317298268
27,328,1,8.3310120613,0.1200334356308634
27,332,2,7.346159252400001,0.2722511085430931
27,333,3,6.10481484942,0.49141539489686914
27,336,1,7.3365093763,0.13630460328046728
27,337,5,8.3215423825,0.6008501513511338
27,340,3,8.3236550405,0.36041858839692986
27,344,3,5.08103445276,0.5904309502114103
27,355,5,5.762655594810001,0.8676555309852512
27,359,3,8.3201505137,0.36057040014602926
27,362,3,7.3452271974,0.4084284827924607
27,363,3,8.3239284433,0.3604067503024639
27,365,5,8.599791868499999,0.5814094197226327
27,366,1,7.4951948469000005,0.13341881304307895
27,367,1,7.348383757,0.13608434630913357
27,372,3,8.328781343,0.36019675345678004
27,373,4,8.6043030147,0.4648836742692825
27,374,5,7.495207274299999,0.6670929591426097
27,375,2,7.3481911323,0.27217582721939837
27,377,3,8.3193489464,0.3606051410186585
27,381,3,7.3221370882,0.4097164480619537
27,384,7,13.4169690072,0.5217273734659119
27,391,1,9.8353115491,0.10167446094694449
27,392,2,9.6765204456,0.20668586515614895
27,393,1,7.3422197666,0.1361985927674125
29,52,3,11.4345315181,0.26236317554866384
29,61,6,14.714352285,0.40776514547068965
29,62,2,7.337491140899999,0.2725727311412719
29,63,5,7.808110565199999,0.6403597846429738
29,71,5,14.702931504399999,0.34006823731061386
29,83,2,10.186279966199999,0.19634253197795248
29,85,5,14.6964941112,0.34021719480631557
29,132,4,11.2556763773,0.3553762444758132
29,168,2,11.416704412799998,0.17518190256004806
29,212,3,11.410894603300001,0.26290664354505633
29,213,3,11.5838777976,0.25898063260142073
29,218,1,3.31150380183,0.30197760891815406
29,220,2,5.70296554987,0.35069473636318743
29,238,3,11.4227938388,0.26263277113606376
29,481,3,9.4152654291,0.31863148443248596
29,605,1,34.4310561824,0.029043547043763544
29,607,8,18.0496924614,0.44322084806200024
29,635,1,6.7938918101,0.1471910398268884
29,672,2,3.1165874892699996,0.641727532721522
29,676,4,4.74636829898,0.8427496030722278
29,680,4,14.7217900839,0.2717060885397672
30,119,4,7.2871228887,0.5489134821923646
30,142,3,7.2900619688,0.41151913561769393
30,152,2,4.19697593567,0.4765335876725065
30,177,3,4.19755691662,0.7147014464822768
30,188,6,7.2971518005,0.8222386163857631
30,199,1,10.660729515179998,0.09380221105657756
30,222,1,7.2805052982000005,0.13735310380822544
30,271,3,4.19269096815,0.7155309138664546
30,287,3,7.2844572113999995,0.4118357638651611
30,301,3,7.2913419909999995,0.4114468919031671
30,324,3,7.2871415298,0.41168405852031487
30,390,4,7.2905777059,0.5486533662158137
31,33,1,4.9631189319699995,0.20148620528887312
31,58,3,12.6504966848,0.2371448390326525
31,59,7,11.9447632799,0.5860308685881804
31,143,4,10.00190395295,0.3999238563793871
31,451,4,7.774089314960001,0.5145297201953462
31,499,2,4.28893310334,0.46631643623504015
31,505,5,5.22981280008,0.9560571651672723
31,543,6,12.573984911219998,0.47717569588031633
31,546,9,14.497474271160002,0.6207977908195917
31,554,5,12.629009710199998,0.395913861398149
31,555,14,12.000127346899998,1.166654285849444
31,622,1,5.22676435886,0.19132295457415804
31,634,9,35.7736503414,0.2515818182967063
31,657,17,38.180203924,0.4452569198907247
32,37,12,23.733550075989,0.5056133600569214
32,43,11,15.488425826610001,0.7102077462966812
32,44,6,16.324881188,0.36753713126013104
32,68,8,16.3039783012,0.4906777874827757
32,82,2,5.33809273628,0.3746656528477166
32,85,7,14.658936022919999,0.4775244253099366
32,86,4,14.73252549339,0.2715080996665961
32,89,9,20.342162512,0.44243083765999947
32,90,15,61.72345341020001,0.24301945486286092
32,92,20,56.7335354115,0.35252518382533166
32,127,28,26.155923676651998,1.0705032001983592
32,128,31,44.63293545603899,0.6945543617791688
32,162,15,17.678732707290003,0.8484771079668284
32,163,4,7.720832935,0.5180788178782164
32,177,10,31.7877047065,0.3145870421388174
32,178,21,37.62791721923,0.5580962634112475
32,273,3,7.542195273700001,0.3977621754850534
32,317,5,12.2976268755,0.40658250983051625
32,318,1,11.6869382258,0.08556561014350253
32,321,6,20.3817313536,0.2943812719295914
32,322,6,18.64308527715,0.32183514213465153
32,385,19,67.87255112472499,0.2799364350558288
32,386,11,11.5085118303,0.9558142844358753
32,388,26,52.422520061099995,0.4959700519871275
32,446,10,20.357535205799998,0.49121860278797075
32,447,10,18.945565086299997,0.5278280143373103
32,482,7,9.9374274949,0.7044076551594947
32,493,1,0.894680588692,1.1177173313461224
32,495,2,6.6111655341999995,0.30251851805160024
32,496,1,6.639270099299999,0.15061896639894698
32,506,12,43.99085792796699,0.27278395023914853
32,509,16,48.437018705750006,0.33032586289421284
32,511,7,19.8094495836,0.3533667086739863
32,522,1,1.5069002195076002,0.6636139454055978
32,533,1,4.39786982763,0.22738281013171716
33,13,4,5.03620819959,0.7942483395197287
33,16,1,1.78545263581,0.5600820654345353
33,39,5,16.86421419238,0.29648579785349394
33,40,2,3.7808332620100003,0.5289839200517248
33,41,2,7.45010637559,0.26845254271172914
33,55,20,48.82090544134,0.409660571003352
33,88,3,5.685644239749999,0.5276446913484534
33,199,3,8.60803185607,0.34851172139709663
33,281,4,6.945555799699999,0.5759078344994036
33,282,1,1.78183626241,0.5612187949567615
33,337,2,3.50685320928,0.5703118666921974
33,340,5,8.720555128,0.5733579946012812
33,341,2,28.9082761265,0.06918433984953586
33,342,6,27.91378276205,0.2149475780888164
33,379,1,2.63390354505,0.3796646243478961
34,8,11,23.74323555659,0.46328984833522063
34,9,16,24.53795349508,0.6520511175965873
34,11,4,11.37925506427,0.3515168591799737
34,15,4,11.46095962694,0.34901091446109334
34,16,1,2.84741373349,0.35119588988366873
34,24,2,2.42145154972,0.8259508641547118
34,26,2,2.80495055043,0.7130250476941203
34,27,3,2.84854462689,1.0531693875111787
34,28,2,2.4163177907800004,0.8277056965070763
34,30,3,2.42387364998,1.2376882763772583
34,35,2,2.80047606506,0.7141642897623374
34,42,5,16.72286121656,0.2989918970952587
34,43,10,23.841213178189996,0.41944174255142463
34,51,1,2.8494903520300006,0.35093994941502143
34,52,1,2.42195050983,0.4128903526068299
34,54,1,2.4213850631300002,0.41298677159069913
34,59,1,2.4200124568,0.41322101346631385
34,60,1,2.84315362077,0.35172211332329417
34,62,1,2.84692347256,0.3512563683704444
34,77,1,2.41704106546,0.4137290070451015
34,78,2,2.84749451159,0.7023718542246562
34,82,1,2.84789032428,0.35113711770231837
34,83,2,2.42279495166,0.8254928873075627
34,88,3,18.4800533234,0.16233719391931134
34,91,5,11.455395879960001,0.43647553104183584
34,94,1,2.4209302202900003,0.41306436328437884
34,98,2,2.41923263745,0.8267084235884427
34,101,4,12.240390931375002,0.3267869484255653
34,102,6,11.50902011096,0.5213302211789708
34,107,3,2.4210793490899998,1.23911676051741
34,112,2,2.8012726614,0.7139612032626821
34,113,1,2.84771323383,0.35115895383014434
34,119,2,2.4122322830300003,0.8291075507404303
34,121,3,2.41715788302,1.241127036456467
34,136,3,2.7985094290099997,1.0719992467780535
34,138,2,2.41840870083,0.8269900779440622
34,142,2,2.4160369315400003,0.8278019155630972
34,159,2,2.4173268956599996,0.8273601735829538
34,160,2,2.8445579169699995,0.7030969515749512
34,161,1,2.4159362696,0.41391820329994355
34,162,1,2.84779587604,0.3511487632991972
34,163,1,2.4172666227699997,0.4136904016215132
34,166,6,2.79734622437,2.1448900203089023
34,180,3,10.5551314119,0.2842219469307373
34,182,5,2.7986753348,1.7865594975693426
34,189,1,2.18697260926,0.4572530976226388
34,195,3,2.41681177993,1.241304773881436
34,199,2,3.0033800889699998,0.6659163811284019
34,201,3,2.41610466087,1.2416680653725278
34,203,2,2.4159462115199997,0.8278329999498185
34,220,4,2.7988443474399998,1.4291612906800812
34,243,3,2.80228487313,1.0705549706119502
34,245,3,2.80030767379,1.0713108520463868
34,247,3,2.41623390583,1.2416016482350747
34,249,3,2.4143461837699998,1.2425724281658326
34,268,2,2.84744231651,0.7023847290614557
34,270,2,2.41712432904,0.8274295103364966
34,307,1,5.135447202289999,0.19472500847717408
34,310,4,5.51315565597,0.7255372874641299
34,371,2,5.08883823859,0.39301701218039775
34,373,2,5.22165048376,0.38302065720795664
35,11,5,6.970460309299999,0.7173127423635125
35,37,2,4.03634433423,0.4954978649960828
35,38,2,5.5726872515600006,0.3588932789006105
35,43,3,6.969248637800001,0.4304624724864196
35,53,8,9.94341501622,0.8045525593521097
35,70,2,2.42008515709,0.8264172002959078
35,84,2,4.76472294741,0.4197515830562943
35,88,1,4.7671891649400004,0.20976721615211716
35,89,1,6.976307401,0.14334230740128479
35,98,1,2.53674613185,0.39420578490080094
35,118,1,4.03489032843,0.24783821085642888
35,125,5,9.94027088402,0.5030044008194998
35,129,4,9.950069267549999,0.4020072516525222
35,130,2,3.78954486941,0.5277678636673282
35,133,1,6.9882812008999995,0.14309670307359884
35,139,4,6.9749466007,0.5734810929733231
35,147,3,6.976922557300001,0.4299890066661382
35,148,3,4.035300432630001,0.7434390698004993
35,163,3,6.978482196,0.4298929073315644
35,172,1,3.7872588491799997,0.2640432143201713
35,176,4,9.940661725750001,0.4023876991647866
35,179,4,5.015617861900001,0.7975089231548299
35,182,4,5.57586493774,0.7173774911451268
35,185,3,6.9766429408,0.43000624017258293
35,202,1,6.9745551375999995,0.1433783202327809
35,215,4,9.94081768962,0.4023813860077848
35,224,4,9.94682198793,0.40213849256112266
35,234,1,11.616760698000002,0.08608251697671321
35,242,1,3.78573587131,0.2641494372543123
35,243,5,6.972523257699999,0.7171005122827416
35,253,2,6.9739586224000005,0.2867811680981447
35,258,6,14.650874368539998,0.40953187155053855
35,260,9,12.1962192915,0.7379335993304446
35,266,2,5.57953661307,0.35845270650523614
35,272,2,5.57372742494,0.3588263019556485
35,277,5,11.5953296467,0.4312080943229576
35,282,1,6.9747974719000005,0.143373338656612
35,287,2,6.8077980707000005,0.2937807466128844
35,289,5,11.720697257899998,0.42659578094894435
35,292,2,12.205968586800001,0.1638542640657683
35,300,3,6.9745240691,0.4301368767642841
35,309,5,6.9661417878,0.7177574261776641
35,310,6,3.78151552627,1.5866654409636292
35,315,7,9.93733366803,0.7044143060748906
35,322,5,6.973666578499999,0.7169829448707993
35,333,2,4.036707835680001,0.49545324591545314
35,335,7,13.774741425799998,0.5081765082638173
35,336,6,6.9625689103,0.8617508964434041
35,351,1,2.84022448259,0.3520848461555758
35,352,17,214.33009617459135,0.07931690557425009
35,363,10,130.55128976306,0.07659824746388327
35,365,23,58.7515587605,0.39147897494531536
35,373,2,6.9814337035,0.28647410903541787
35,380,4,10.37439352,0.38556470720806046
35,385,1,4.00700572831,0.24956290751841806
35,390,2,6.9755058337,0.2867175582217448
35,391,2,5.01131860287,0.3990965569131032
35,396,1,4.20019960323,0.2380839232571207
35,398,1,8.62589189398,0.1159300408921075
35,399,2,8.55990177861,0.23364754079278352
35,409,4,6.974903104800001,0.5734846692346555
35,416,1,6.9765186668,0.14333796665073378
35,433,2,5.042036028819999,0.39666515442732075
35,434,2,6.9785754015000006,0.2865914438024289
35,436,2,8.63433009858,0.23163348831531466
35,437,3,8.557816460889999,0.35055671194986165
35,448,4,8.62538361332,0.4637474898882043
35,458,6,14.0188963399,0.42799374890326064
35,460,4,7.1575361752,0.5588515240564927
35,470,9,12.21936594537,0.7365357613674022
35,476,2,8.631107673759999,0.23171996869884176
35,477,5,8.54962928977,0.5848206782465663
35,479,4,10.05042176529,0.3979932477873063
35,480,9,12.215581180700001,0.7367639629148013
35,481,3,10.3688819681,0.2893272398344912
35,487,5,7.145898536469999,0.6997020702829555
35,490,2,11.28322916584,0.17725422134073146
35,493,1,3.7848019522,0.26421461746993863
35,498,5,7.14632355355,0.6996604565316953
35,514,2,8.62041265332,0.23200745491339503
35,516,2,4.29369031206,0.4657997793605316
35,522,2,10.379463899200001,0.1926881792184036
35,523,3,6.977699269800001,0.42994114306190034
35,525,2,6.980650777300001,0.286506239003345
35,526,2,3.7873719385199998,0.5280706602007367
35,529,1,6.980159894999999,0.14326319382974537
35,530,3,8.624458045422799,0.347847944091069
35,531,7,8.56449556702,0.8173277626478633
35,547,1,8.6299220998,0.1158759011304604
35,548,6,8.55703229195,0.7011776741387876
35,554,2,6.980663204699999,0.2865057289475624
35,556,2,8.561296754259999,0.23360947031824636
35,562,20,13.626109721799999,1.46777036207206
35,565,3,10.05648447238,0.2983149835550843
35,583,2,3.78706684585,0.5281132024885353
35,590,2,3.00443268975,0.6656830778147407
35,594,4,6.980271741599999,0.5730435931543162
35,603,6,10.377997465999998,0.5781462194086068
35,604,5,6.9769660532,0.7166438767043649
35,605,4,6.8233198933,0.5862248967584983
35,607,4,6.982266339299999,0.5728798939515987
35,610,1,3.784728630539999,0.26421973610755856
35,616,1,6.4922415299,0.15403000572213815
35,619,4,10.051063019130002,0.3979678559757186
35,621,3,8.101680549920001,0.3702935436067796
35,624,3,8.631510010835,0.3475637514448975
35,625,6,8.5793260098621,0.6993556362239743
35,632,8,13.6315777778,0.5868726372253528
35,643,1,6.5012265401,0.15381712878822681
35,646,3,6.862778373374301,0.4371407375821982
35,648,7,8.56000865425,0.8177561825856959
35,650,1,3.79593255301,0.263439875718299
36,305,3,7.280138689900001,0.41208006162877203
37,9,1,10.5093240155,0.09515359870198303
37,10,6,11.095108155600002,0.5407788654112071
37,14,8,10.523528533699999,0.7602012931671366
37,24,2,10.489353183699999,0.1906695260397861
37,26,6,11.0737330276,0.5418227064934376
37,29,3,8.605906149299999,0.34859780573414906
37,31,3,8.5792369489,0.34968144811347696
37,35,2,8.3111530761,0.2406404961727041
37,37,2,11.0909822588,0.18032667921843668
37,39,2,8.3101091745,0.24067072501732026
37,50,4,10.6871041862,0.37428286749230943
37,53,2,11.088459496599999,0.18036770577673575
37,56,2,6.6909656599569995,0.2989105163054825
37,57,3,7.977021300520001,0.37608022932124274
37,63,5,8.186014750430001,0.6107978243915767
37,67,1,8.2974891498,0.12051838597753438
37,70,3,11.085775178199999,0.2706170702342451
37,72,2,8.18678711334,0.2442960800508774
37,74,7,11.076572688499999,0.6319644349255787
37,77,8,12.1695811596,0.6573767737017953
37,80,9,11.0891616447,0.8116032833105554
37,104,1,6.704659660565,0.14915000173412682
37,107,5,6.9656074096,0.717812490136754
37,116,1,5.03061649096,0.1987827936788655
37,118,2,3.61102029745,0.5538600825402015
37,151,1,5.0345485203199996,0.1986275424626237
37,159,4,7.99356341266,0.5004026106385674
37,188,2,5.02682364848,0.39786555882157426
37,220,1,4.039527426329,0.24755370974390675
37,221,3,5.02886360619,0.5965562470828035
37,242,4,6.11333072527,0.6543078036765853
37,244,7,19.722084961599997,0.35493204768306147
37,245,10,20.745728035489996,0.48202694949499314
37,247,8,27.0208398967,0.29606777696710396
37,248,3,7.996603154700001,0.37515929476089493
37,256,3,14.6565400202,0.20468678118200662
37,260,8,24.237947359899998,0.33006095281960407
37,267,6,24.9492358126,0.24048832778156062
37,272,6,24.227266009599997,0.24765485290921865
37,341,4,9.251223749100001,0.4323752304001011
37,348,2,8.847373016779999,0.22605580167206513
37,374,1,8.12680813135,0.12304953972549161
38,2,1,3.58963522753,0.2785798379542013
38,4,2,11.76379858795,0.17001311141527517
38,8,1,8.7625348852,0.11412222754045853
38,12,1,8.048232788,0.12425087921052812
38,23,2,10.597248056910999,0.18872824239456198
38,24,4,8.040962759000001,0.4974528697478326
38,57,4,13.706615661739999,0.291829879724826
38,90,1,16.7854717005,0.05957532906091714
38,91,3,9.5951644715,0.312657485852456
38,100,2,8.97196391548,0.22291663440032908
38,103,5,9.058736371870001,0.5519533624498056
38,104,1,3.2563162039099995,0.3070954837860208
38,107,9,14.710576219510001,0.6118047223781546
38,108,3,14.53899483593,0.2063416373590109
38,109,2,4.0563021172600005,0.49305992063307746
38,111,4,14.94717713852,0.2676090584148962
38,117,9,14.729991546529998,0.6109983139888607
38,121,2,15.229356168399999,0.13132531525855834
38,122,4,14.9430972231,0.26768212374450345
38,127,1,3.58077200585,0.27926938614529884
38,144,34,125.56308985240999,0.2707802112863299
38,146,2,14.142250712300001,0.14142020536098482
38,147,2,10.015719182845,0.1996861097529187
38,151,2,9.049259858,0.22101255035039133
38,155,3,9.0656826671,0.3309182672902517
38,156,4,8.9005598033,0.4494099347006182
38,160,24,124.91788436639911,0.1921262125253829
38,161,4,5.6687995204199995,0.7056167686987882
38,164,1,3.3096757312899996,0.3021444036181254
38,165,1,6.409556445370001,0.156017036205736
38,167,1,4.19236971986,0.23852858092711202
38,181,1,9.1868063212,0.10885175598971132
38,183,1,6.9549012045,0.1437834946315232
38,188,1,4.0502201477,0.24690015938216847
38,189,1,3.2529980881099996,0.30740872663131585
38,196,1,4.18350836229,0.23903382362372347
38,198,2,3.58497184568,0.5578844370591252
38,199,1,3.25561964814,0.3071611883689545
38,204,5,5.657857816090001,0.8837266970161104
38,206,3,6.21548706012,0.48266531182225325
38,209,5,9.32286584599,0.5363157727031572
38,210,1,3.2556743287,0.3071560294543659
38,212,1,6.788231129400001,0.1473137818877402
38,213,1,6.9635258201,0.14360541280877157
38,221,2,3.2609957413800004,0.6133096019173679
38,227,1,5.66585422662,0.1764958927643566
38,228,2,3.2547677498699996,0.6144831686008573
38,230,4,5.65609188255,0.7072020898989771
38,232,9,16.918159050299998,0.5319727739431797
38,234,2,4.18900872953,0.4774399217411983
38,249,1,3.2593174210100004,0.30681270672008343
38,253,1,3.262441048,0.30651894862990336
38,256,5,8.92637586269,0.5601377397627563
38,257,8,12.732541136859998,0.6283113413111578
38,260,3,14.53848717664,0.20634884245867816
38,261,1,13.760567976099999,0.07267141892230372
38,269,6,8.94370711473,0.6708627555701362
38,270,1,3.2571109361399997,0.30702055275559614
38,273,1,4.197281028339999,0.23824947465943075
38,282,3,8.9489955948,0.3352331519464835
38,296,7,8.9390226063,0.7830833759237363
38,300,1,3.7816621695899997,0.26443398568001064
38,310,2,10.404604529399998,0.1922225870621662
38,311,1,3.25849783398,0.30688987716115135
38,314,3,5.85512787821,0.512371388362767
38,316,3,9.33538769423,0.3213578373241247
38,333,3,10.3962284618,0.28856618638415155
38,353,4,3.77911393122,1.0584491689851467
38,363,2,6.806449697800001,0.29383894523549414
38,365,2,10.41397354626,0.19204965243245367
38,370,2,8.957209484829999,0.22328382554714343
38,372,9,8.954849521569999,1.0050420141981442
38,373,1,3.2634308904100005,0.30642597731688603
38,384,5,8.945637089949999,0.558931683649146
38,398,5,8.95012586683,0.5586513613769909
38,406,1,4.19711512255,0.23825889231087852
38,410,2,8.95667137841,0.2232972401802066
38,413,1,3.7838978588499996,0.2642777467317576
38,414,3,5.66880076316,0.5292124605077297
38,416,2,8.95409952798,0.2233613769592742
38,418,2,3.7766166451899994,0.529574534007113
38,421,4,8.58177338124,0.46610412816820745
38,423,4,13.28533985051,0.3010837543494566
38,424,2,10.5388639453,0.18977377546390442
38,430,6,9.06301947528,0.6620310169657482
38,433,4,7.530819853109998,0.5311506685886428
38,439,4,8.586363441429999,0.46585496028500606
38,444,6,8.95359808239,0.6701216588893847
38,445,3,9.21739823041,0.3254714535499197
38,448,1,4.19951112527,0.2381229553084484
38,455,1,6.599079887699999,0.1515362773322227
38,456,3,6.6392949541,0.4518552076297489
38,460,2,12.322839584619999,0.16230025443942142
38,465,2,8.57803894754,0.23315352287757538
38,468,1,3.58876158131,0.27864765528251434
38,479,2,7.531028633429999,0.26556797183349734
38,481,3,4.28695403989,0.6997975653774393
38,484,3,3.2611877447100004,0.9199102397175154
38,489,2,7.1666268183,0.2790713191445932
38,490,2,6.9711624574,0.28689619733032734
38,491,1,8.582737126109999,0.11651294747893969
38,492,1,6.6392452445000005,0.15061953025886599
38,495,3,8.95639114054,0.33495634044172884
38,496,4,6.6382883347,0.6025649683053078
38,499,3,8.954803540190001,0.335015724972158
38,500,1,3.5841435594699997,0.27900668134729334
38,502,1,6.79343821,0.14720086782094982
38,507,1,6.8114952222,0.14681064397443952
38,508,2,6.972330633,0.2868481294524404
38,510,6,10.886866563389999,0.5511227647610383
39,26,5,9.42393664745,0.5305638383459356
39,34,8,12.6156191867,0.6341345503226659
39,38,10,19.487682449650002,0.5131446505163881
39,40,4,2.9342831235999998,1.3631949718241567
39,61,7,7.9514357694,0.8803441545662145
39,86,8,12.2885921557,0.6510102946405656
39,87,6,12.3008020762,0.48777307063650743
39,94,6,10.5809617628,0.5670562028769909
39,95,6,5.81729390165,1.0314074037583312
39,96,2,6.3763560249,0.31365877190512836
39,111,1,3.97731604834,0.25142583285966597
39,112,1,3.3422796365600003,0.2991969879065049
39,157,2,6.165251781099999,0.3243987546674309
39,163,5,7.0873648611,0.7054808236899449
39,190,2,3.3455281589199997,0.5978129326658062
39,220,11,21.973041282500002,0.5006134498441385
39,237,4,4.781129600890001,0.8366223746069141
39,308,4,7.96920384455,0.5019321977484025
39,309,11,28.249339960409998,0.3893896287635724
39,310,3,3.1783653374099994,0.9438814237902096
39,335,4,7.4197915974,0.5390986994030474
40,10,14,68.31742563649999,0.2049257545869851
40,13,15,67.6709895707,0.2216607159901007
40,17,12,9.75363121986,1.2303110225826481
40,26,9,30.813179067000004,0.29208281237163003
40,28,11,30.317120754899996,0.3628312889251572
40,34,3,8.17076570926,0.3671626511821376
40,40,16,31.291441342299997,0.5113219242595606
40,41,4,7.5772716101999995,0.5278944989401563
40,44,13,36.77127727476,0.3535368081685666
40,70,31,83.83480730510999,0.3697748106842783
40,76,1,1.207237217269,0.8283376172432706
40,78,48,85.05375131958999,0.5643490058379637
40,80,62,116.95584158802728,0.5301146070017841
40,93,4,13.3159404589,0.3003918508306721
40,95,22,30.0485522135,0.7321484191213711
40,96,19,48.6946107461,0.3901869161470139
40,102,4,13.7552801174,0.2907974222160787
40,103,22,136.477464133267,0.16119877475535097
40,122,14,30.8334209714625,0.4540527634918464
40,123,12,30.3248071018,0.395715625155212
40,132,14,31.076534314099998,0.4505006851310296
40,133,24,30.3166982233,0.7916429362863373
40,137,19,41.990867295600005,0.452479341906589
40,153,16,42.275218634999995,0.3784723182189168
40,159,16,20.479302909904998,0.7812765927819475
40,160,14,38.71718586189565,0.36159652847544377
40,161,8,30.3934747005,0.26321439318250744
40,171,13,30.969286827961582,0.4197707255002897
40,172,8,30.342292453600002,0.2636583907505917
40,203,3,19.787620855500002,0.15160993946203213
40,207,11,28.09041153414,0.3915926965552294
40,221,9,12.384163832659999,0.7267345717976412
40,223,10,15.81997767395,0.6321121436515376
40,235,8,41.272362003172006,0.19383431458042447
40,250,16,30.98157170214988,0.5164360334530648
40,252,14,30.379568439899998,0.46083603944856055
40,255,11,44.928257269199996,0.2448347803497135
40,256,19,41.6281487718,0.4564219298858444
40,279,8,10.91992779698,0.7326055765874633
40,290,2,9.8523433008,0.20299739249215992
40,297,23,30.8462056592125,0.7456346577631936
40,298,10,30.369986914499997,0.32927245007226363
40,299,7,19.0336939934,0.3677688630713131
40,301,14,30.362188720999995,0.46109982810023525
40,338,6,10.57288830239,0.5674892071491667
40,339,6,12.12266710323,0.49494058930326823
40,366,8,99.87137094900001,0.08010303577473923
40,371,33,125.7810273021,0.2623607129614296
40,376,8,10.0280667368,0.7977609453517494
40,377,5,9.2351924031,0.5414072367698195
40,412,3,10.580273090972561,0.28354655633224624
40,413,11,12.13128053417,0.9067468161350701
41,1,2,20.28936780995,0.0985737958291234
41,25,2,4.02254681338,0.4971974454958481
41,27,1,9.21113730629,0.10856422684277336
41,44,3,14.834968901179998,0.20222489308766767
41,46,5,16.618211323900002,0.3008747393174073
41,56,3,3.1455184764699995,0.9537378408174843
41,62,5,8.720449495099999,0.5733649398244309
41,63,3,7.5938808303,0.39505492211964083
41,65,6,8.6505640112,0.6935963935104948
41,89,2,3.1481288518399992,0.6352980116525574
41,91,2,7.516414011029999,0.26608433184562347
41,95,4,7.51814887607,0.5320458620780785
41,102,4,7.534142318499999,0.5309164375854762
41,105,3,7.668317228079999,0.3912201218038476
41,115,2,4.255256092080001,0.4700069647329699
41,149,2,8.493384099704212,0.23547739941134316
41,157,5,7.51910267902,0.6649729646532335
41,158,5,7.672217567569999,0.651702060840232
41,159,5,7.522234383819999,0.6646961188493121
41,160,2,7.6739176358900005,0.26062307349328817
41,162,1,3.14587576422,0.3178765071951097
41,163,3,3.14909135397,0.952655754561695
41,183,3,3.17862631281,0.9438039281024861
41,184,5,7.66860367965,0.6520091804024749
41,191,5,11.897497441118198,0.42025644676499885
41,202,4,7.677036913289999,0.5210343580705538
41,209,4,4.253748027089999,0.9403471890027325
41,362,4,27.2153100656,0.14697609508612497
41,368,2,7.51720936463,0.26605617896056044
41,460,4,7.51564661908,0.5322230012578273
41,461,2,16.3202706226,0.12254698750095713
