Driver,Trip,Speeding,Total,Ratio
1,8,172810,700270,0.2467762434489554
1,9,111400,157940,0.70533113840699
1,10,2570,135910,0.01890957251122066
1,14,46060,294090,0.15661872215988304
1,16,86710,253100,0.34259186092453575
1,20,3980,48080,0.08277870216306156
1,29,40,86760,0.0004610419548178884
1,30,230,61230,0.0037563285970929282
1,54,5010,36360,0.1377887788778878
1,56,5320,195820,0.027167807169849862
1,58,10140,179320,0.05654695516395271
1,69,1180,49980,0.023609443777511004
1,77,20810,46360,0.4488783433994823
1,79,12090,63160,0.19141861937935403
1,86,24070,58280,0.4130061770761839
1,89,6860,37420,0.18332442544094069
1,115,20700,120830,0.1713150707605727
1,119,28060,142490,0.1969261000771984
1,120,10230,118340,0.08644583403751901
1,123,927740,1297920,0.7147898175542406
1,127,15440,36680,0.42093784078516905
1,131,13730,36880,0.3722885032537961
1,132,174000,327960,0.5305525064032199
1,133,316730,331080,0.9566570013289839
1,134,155180,848160,0.18296076212035464
1,144,4130,27810,0.14850773103200288
1,146,1260,27280,0.04618768328445748
1,155,3730,21660,0.1722068328716528
1,157,10420,49300,0.21135902636916837
1,159,8810,42690,0.2063715155774186
1,231,2630,48180,0.054586965545869656
1,249,350,52690,0.0066426266843803376
1,260,2170,29570,0.07338518769022657
1,264,620,20570,0.030140982012639768
1,265,6390,46150,0.13846153846153847
1,268,910,25230,0.036068172810146654
1,269,2340,23510,0.09953211399404509
1,279,7970,148960,0.053504296455424274
1,281,6320,119710,0.052794252777545736
1,317,17990,129620,0.13879031013732449
1,319,36950,125150,0.29524570515381543
1,332,60,6720,0.008928571428571428
1,352,8230,33180,0.24804098854731765
1,360,3980,29210,0.13625470729202327
1,361,9580,43940,0.21802457897132455
1,380,9900,54750,0.18082191780821918
1,381,150,17690,0.008479366873940079
1,418,2670,38310,0.0696945967110415
2,1,16790,59000,0.2845762711864407
2,4,640,18550,0.03450134770889488
2,5,4350,12430,0.3499597747385358
2,6,3920,17680,0.22171945701357465
2,16,3730,10740,0.3472998137802607
2,17,9410,15780,0.5963244613434727
2,18,5370,25030,0.21454254894127048
2,20,15400,24820,0.6204673650282031
2,23,380,19740,0.019250253292806486
2,27,960,20010,0.047976011994003
2,28,9470,11150,0.8493273542600897
2,29,470,76280,0.006161510225485055
2,30,28920,58220,0.49673651666094126
2,33,3380,10870,0.3109475620975161
2,34,10330,12270,0.8418907905460473
2,38,30050,65710,0.45731243341957084
2,44,3170,17890,0.1771939631078815
2,45,9860,19930,0.49473156046161565
2,50,5800,28910,0.20062262193012798
2,61,4610,48730,0.09460291401600657
2,62,8470,17050,0.4967741935483871
2,63,8490,21720,0.39088397790055246
2,64,3360,11500,0.2921739130434783
2,66,8330,11500,0.7243478260869565
2,68,8930,17320,0.5155889145496536
2,69,8830,11330,0.7793468667255075
2,72,7490,17140,0.4369894982497083
2,74,10770,12800,0.84140625
2,76,3330,16780,0.19845053635280097
2,77,690,21200,0.032547169811320754
2,78,3600,19680,0.18292682926829268
2,81,10890,23040,0.47265625
2,82,6740,15410,0.4373783257624919
2,83,2750,12440,0.22106109324758844
2,84,9390,10270,0.9143135345666992
2,85,8320,11860,0.7015177065767285
2,91,5160,10580,0.4877126654064272
2,92,6240,12030,0.5187032418952618
2,93,6550,10870,0.6025758969641214
2,94,6900,18740,0.368196371398079
2,96,9680,10430,0.9280920421860019
2,97,9340,15210,0.6140696909927679
2,102,7710,17120,0.4503504672897196
2,103,9230,19670,0.469242501270971
2,104,9250,16540,0.5592503022974608
2,108,3880,12070,0.32145816072908034
2,109,750,19080,0.03930817610062893
2,110,8040,11240,0.7153024911032029
2,115,5010,10830,0.4626038781163435
2,116,3430,24390,0.14063140631406315
2,119,2420,17300,0.13988439306358383
2,121,7430,17650,0.4209631728045326
2,126,7440,17470,0.42587292501431023
2,127,8240,16970,0.48556275780789626
2,135,2190,16880,0.129739336492891
2,137,3010,29750,0.1011764705882353
2,138,5920,12220,0.4844517184942717
2,139,6180,10700,0.577570093457944
2,141,1480,17610,0.08404315729699034
2,142,3660,10900,0.3357798165137615
2,143,8810,11370,0.7748460861917327
2,144,70,11480,0.006097560975609756
2,145,4480,11190,0.40035746201966044
2,148,7350,10160,0.7234251968503937
2,150,9140,18660,0.48981779206859594
2,152,18510,27010,0.6853017400962607
2,154,1210,12380,0.09773828756058159
2,155,10410,11060,0.9412296564195298
2,156,5420,10470,0.5176695319961796
2,158,9270,17440,0.5315366972477065
2,161,4790,11260,0.42539964476021314
2,163,4620,11150,0.41434977578475335
2,164,7250,16260,0.44587945879458796
2,168,2720,12150,0.22386831275720165
2,169,2280,11430,0.1994750656167979
2,170,1570,12390,0.12671509281678772
2,173,10400,11300,0.9203539823008849
2,174,8930,18020,0.4955604883462819
2,175,9630,10940,0.8802559414990859
2,176,6380,16420,0.38855054811205847
2,177,8410,20130,0.4177844013909588
2,179,3330,16820,0.19797859690844233
2,189,6100,18310,0.3331512834516658
2,193,2190,17320,0.1264434180138568
2,194,4920,10790,0.45597775718257644
2,195,10340,11240,0.9199288256227758
2,196,5140,22980,0.22367275892080069
2,197,8020,11690,0.6860564585115483
2,198,6810,10560,0.6448863636363636
2,199,10190,11060,0.9213381555153707
2,201,8960,17750,0.5047887323943662
2,204,1300,10860,0.11970534069981584
2,206,3950,10730,0.3681267474370923
2,207,8680,20830,0.4167066730676908
2,208,8420,10460,0.8049713193116634
2,209,7370,11810,0.6240474174428451
2,211,2370,26770,0.08853193873739261
2,215,8880,18820,0.4718384697130712
2,216,1850,12170,0.15201314708299096
2,217,9870,10950,0.9013698630136986
2,218,180,11450,0.01572052401746725
2,231,8840,11220,0.7878787878787878
2,233,6470,15460,0.4184993531694696
2,236,8420,19770,0.42589782498735457
2,238,6070,10380,0.5847784200385356
2,240,8450,11790,0.7167090754877015
2,241,2410,42350,0.05690672963400236
2,242,0,21910,0.0
2,243,4970,21340,0.23289597000937207
2,245,3190,13340,0.2391304347826087
2,247,790,15630,0.05054382597568778
2,253,4860,19240,0.2525987525987526
2,255,110,48370,0.0022741368616911307
2,256,5400,20790,0.2597402597402597
2,260,1020,12550,0.08127490039840637
2,262,2820,11050,0.25520361990950224
2,263,530,23980,0.022101751459549623
2,265,4170,12170,0.34264585045193097
2,267,3830,10830,0.3536472760849492
2,268,9990,16620,0.6010830324909747
2,270,4110,10940,0.3756855575868373
2,271,4940,15640,0.31585677749360613
2,272,1360,11850,0.11476793248945148
2,273,8740,11650,0.7502145922746781
2,276,6560,10730,0.6113699906803355
2,277,390,20210,0.01929737753587333
2,279,7320,27960,0.26180257510729615
2,280,9030,28400,0.31795774647887326
3,26,86440,793810,0.10889255615323566
3,27,66160,432660,0.15291452872925623
3,42,12090,42620,0.28366963866729233
3,43,220,44440,0.0049504950495049506
3,57,624200,1299520,0.4803311992120167
3,90,580,36160,0.016039823008849558
3,92,3490,12690,0.27501970055161545
3,114,7790,62410,0.12481974042621374
3,115,1440,93270,0.015439047925377935
3,122,4490,11840,0.37922297297297297
3,148,6150,12070,0.5095277547638773
3,150,570,14530,0.03922918100481762
3,153,2080,12490,0.16653322658126501
3,162,7630,46810,0.162999359111301
3,163,690,13710,0.05032822757111598
3,164,5480,17840,0.3071748878923767
3,175,1320,12240,0.10784313725490197
3,177,390,22160,0.01759927797833935
3,196,17610,35260,0.4994327850255247
3,197,5150,17320,0.29734411085450346
3,198,2850,12270,0.23227383863080683
3,205,9850,11400,0.8640350877192983
3,225,2990,17610,0.16978989210675752
3,231,700,11900,0.058823529411764705
3,237,79980,119800,0.6676126878130217
3,241,16220,17480,0.9279176201372997
3,242,11090,19680,0.5635162601626016
3,250,81840,120960,0.6765873015873016
3,258,5300,12170,0.4354971240755957
3,260,4830,12360,0.3907766990291262
3,261,4240,19470,0.21777092963533642
3,262,5000,23760,0.21043771043771045
3,277,10890,32550,0.3345622119815668
3,280,1700,13410,0.1267710663683818
3,284,9740,11430,0.8521434820647419
3,287,5220,12360,0.4223300970873786
3,291,12480,29010,0.4301964839710445
3,302,7040,11550,0.6095238095238096
3,303,4270,16690,0.25584182144997003
3,306,4500,29850,0.1507537688442211
3,307,28270,76360,0.37022001047668934
4,17,49620,148890,0.3332661696554503
4,19,65820,148950,0.4418932527693857
4,53,50,9210,0.0054288816503800215
4,56,210,10350,0.020289855072463767
4,61,2200,9280,0.23706896551724138
4,62,0,10480,0.0
4,80,3920,8740,0.448512585812357
4,82,720,10100,0.07128712871287128
4,84,530,9440,0.05614406779661017
4,85,700,10250,0.06829268292682927
4,89,4930,8670,0.5686274509803921
4,90,1530,9720,0.1574074074074074
4,104,2240,9960,0.2248995983935743
4,105,5870,26420,0.22218016654049963
4,106,17920,36870,0.48603200433957144
4,107,1500,9850,0.15228426395939088
4,108,3290,9570,0.3437826541274817
4,109,1400,27850,0.05026929982046679
4,112,8190,25620,0.319672131147541
4,117,1860,10630,0.17497648165569143
4,120,1980,10120,0.1956521739130435
4,125,5070,9280,0.5463362068965517
4,128,4570,9600,0.47604166666666664
4,136,230,9460,0.024312896405919663
4,141,1520,10400,0.14615384615384616
4,152,1310,36160,0.03622787610619469
4,179,620,9140,0.06783369803063458
4,183,280,8890,0.031496062992125984
4,185,49900,158170,0.31548334070936335
4,191,4060,8620,0.4709976798143852
4,192,610,38000,0.016052631578947367
4,194,3820,25530,0.14962788875832353
4,197,140,10100,0.013861386138613862
4,201,190,10240,0.0185546875
4,231,2870,9300,0.3086021505376344
4,232,1730,9910,0.17457114026236126
4,233,480,9180,0.05228758169934641
4,234,5960,9380,0.6353944562899787
4,236,1230,10310,0.11930164888457807
4,237,5050,8550,0.5906432748538012
4,251,20660,63990,0.3228629473355212
4,252,70,9200,0.007608695652173913
4,254,340,9260,0.0367170626349892
4,257,1710,14440,0.11842105263157894
4,262,5050,9400,0.5372340425531915
4,267,2630,10490,0.25071496663489035
4,285,5930,8540,0.6943793911007026
4,286,2230,10000,0.223
4,291,3870,8950,0.4324022346368715
4,292,2550,10250,0.24878048780487805
4,293,4590,9200,0.4989130434782609
4,294,4810,9190,0.5233949945593036
4,298,2790,9130,0.30558598028477546
4,299,1630,10520,0.15494296577946767
4,300,5590,8680,0.6440092165898618
4,304,2620,18060,0.1450719822812846
4,305,1670,9120,0.18311403508771928
4,325,5100,10020,0.5089820359281437
4,333,2560,9200,0.2782608695652174
4,334,470,9860,0.04766734279918864
4,336,1920,10060,0.1908548707753479
4,337,2760,42640,0.0647279549718574
4,347,4590,8950,0.5128491620111731
4,349,6780,9500,0.7136842105263158
4,350,3440,9430,0.3647932131495228
4,351,1660,9960,0.16666666666666666
4,352,1530,9230,0.1657638136511376
4,353,5000,9340,0.5353319057815846
4,354,1610,9530,0.1689401888772298
4,355,5500,13500,0.4074074074074074
4,356,4560,8420,0.5415676959619953
4,359,11400,27930,0.40816326530612246
4,362,1650,11380,0.14499121265377857
4,364,3180,10110,0.314540059347181
4,367,5500,8280,0.6642512077294686
4,369,2710,9080,0.29845814977973567
4,370,160,9860,0.016227180527383367
4,371,6750,8290,0.8142340168878166
4,372,1020,17960,0.05679287305122494
4,379,3830,9830,0.3896236012207528
4,387,3890,9140,0.42560175054704596
4,388,4250,9530,0.4459601259181532
4,401,1250,9860,0.12677484787018256
4,402,2440,10080,0.24206349206349206
4,403,2970,8810,0.337116912599319
4,407,2860,9920,0.28830645161290325
4,412,2860,9910,0.2885973763874874
4,416,2880,9090,0.31683168316831684
4,417,3070,31160,0.0985237483953787
4,423,1150,9920,0.1159274193548387
4,424,3320,10360,0.3204633204633205
4,427,2820,53000,0.05320754716981132
4,445,2310,9980,0.23146292585170342
5,1,2980,45440,0.06558098591549295
5,29,240,10460,0.022944550669216062
5,32,970,9810,0.09887869520897044
5,36,2280,74860,0.030456852791878174
5,111,1540,10380,0.14836223506743737
5,155,1900,40910,0.04644341236861403
5,156,7610,34540,0.2203242617255356
5,209,11840,53320,0.2220555138784696
5,237,2790,42600,0.06549295774647887
5,238,9610,33280,0.2887620192307692
5,240,3810,9350,0.40748663101604277
5,241,2470,9320,0.26502145922746784
5,299,2780,9270,0.2998921251348436
6,1,1260,26670,0.047244094488188976
6,5,900,21150,0.0425531914893617
6,6,19750,119390,0.16542423988608762
6,12,2240,24860,0.09010458567980692
6,16,7310,11380,0.6423550087873462
6,17,5930,29100,0.20378006872852233
6,18,900,19110,0.04709576138147567
6,19,7090,11980,0.5918196994991652
6,22,2320,17920,0.12946428571428573
6,24,2410,20340,0.11848574237954769
6,26,5210,17400,0.29942528735632185
6,27,3390,16530,0.20508166969147004
6,28,2060,18570,0.11093161012385568
6,29,5060,11830,0.42772612003381233
6,30,4480,18640,0.24034334763948498
6,32,7140,19180,0.3722627737226277
6,34,5180,16640,0.3112980769230769
6,35,8890,11030,0.8059836808703535
6,36,620,19780,0.03134479271991911
6,37,6710,11840,0.566722972972973
6,38,7880,15930,0.49466415568110483
6,39,2510,20960,0.11975190839694656
6,40,4280,52420,0.08164822586798931
6,42,18910,66030,0.2863849765258216
6,43,18710,65660,0.28495278708498323
6,45,7750,19870,0.39003522898842474
6,47,6510,16810,0.3872694824509221
6,48,6290,11680,0.538527397260274
6,49,6740,17140,0.39323220536756126
6,52,6870,19680,0.3490853658536585
6,53,6470,15990,0.4046278924327705
6,54,6410,19150,0.33472584856396864
6,55,6970,16910,0.4121821407451212
6,58,840,10850,0.07741935483870968
6,60,8400,11040,0.7608695652173914
6,64,4710,95800,0.049164926931106474
6,65,35380,93730,0.3774671930011736
6,66,4370,17160,0.25466200466200467
6,70,6260,15480,0.4043927648578811
6,71,1770,11170,0.1584601611459266
6,72,9490,22590,0.42009738822487824
6,73,7930,17920,0.44252232142857145
6,74,6080,19440,0.31275720164609055
6,76,32150,43360,0.7414667896678967
6,78,1700,42120,0.04036087369420703
6,79,9550,10140,0.9418145956607495
6,80,1320,21160,0.062381852551984876
6,81,29820,49450,0.6030333670374115
6,84,8000,9720,0.823045267489712
6,85,5860,16800,0.3488095238095238
6,86,3740,10550,0.35450236966824644
6,88,4150,19460,0.2132579650565262
6,90,4590,10380,0.4421965317919075
6,91,3760,21230,0.17710786622703723
6,92,770,19190,0.040125065138092754
6,93,7800,11180,0.6976744186046512
6,97,7300,11330,0.6443071491615181
6,100,10140,29480,0.3439620081411126
6,101,1160,12210,0.095004095004095
6,103,9650,14710,0.6560163154316792
6,104,3930,10980,0.35792349726775957
6,105,7840,11410,0.6871165644171779
6,107,7890,10080,0.7827380952380952
6,108,8610,18510,0.4651539708265802
6,109,4140,35050,0.1181169757489301
6,110,7790,19180,0.4061522419186653
6,111,220,11650,0.01888412017167382
6,113,1060,42210,0.025112532575219143
6,115,6320,9330,0.677384780278671
6,116,7970,10130,0.786771964461994
6,117,4920,18340,0.2682660850599782
6,118,16610,36660,0.4530823786142935
6,120,8140,34980,0.23270440251572327
6,121,37340,45970,0.812268871002828
6,123,7160,10420,0.6871401151631478
6,130,9320,30310,0.30748927746618276
6,131,15140,55720,0.2717157214644652
6,137,2090,11040,0.18931159420289856
6,138,3140,32280,0.09727385377942999
6,139,7700,10620,0.7250470809792844
6,141,6310,16530,0.38173018753781
6,142,8410,20050,0.4194513715710723
6,146,190,13500,0.014074074074074074
6,147,3250,11710,0.2775405636208369
6,149,8460,19230,0.43993759750390016
6,150,8100,14480,0.5593922651933702
6,151,1320,11590,0.11389128559102675
6,152,3950,9650,0.40932642487046633
6,153,6520,8770,0.7434435575826682
6,154,8300,11270,0.7364685004436557
6,155,17650,29930,0.5897093217507517
6,156,8860,9970,0.8886659979939819
6,157,9500,15040,0.6316489361702128
6,159,8290,10260,0.8079922027290448
6,160,9180,18840,0.4872611464968153
6,162,3660,10800,0.3388888888888889
6,163,3910,23730,0.16477033291192583
6,169,7940,21490,0.3694741740344346
6,170,4280,10660,0.40150093808630394
6,171,5450,17800,0.3061797752808989
6,173,8490,10130,0.8381046396841066
6,174,2040,19870,0.10266733769501761
6,175,1170,16920,0.06914893617021277
6,176,4000,22310,0.17929179740026893
6,179,3790,10680,0.3548689138576779
6,182,4580,10540,0.43453510436432635
6,183,8890,10910,0.8148487626031164
6,186,630,51030,0.012345679012345678
6,190,9110,15500,0.587741935483871
6,191,16860,23760,0.7095959595959596
6,192,13020,33050,0.39394856278366114
6,193,2760,28940,0.09536973047684866
6,194,1400,9340,0.14989293361884368
6,195,8790,11140,0.7890484739676841
6,196,5270,10770,0.489322191272052
6,202,100,12220,0.008183306055646482
6,203,4820,15310,0.3148269105160026
6,205,2100,25850,0.08123791102514506
6,206,1650,10780,0.15306122448979592
6,207,5500,19770,0.278199291856348
6,208,13660,53100,0.25725047080979285
6,209,8770,67560,0.1298105387803434
6,211,1780,26490,0.06719516798791997
6,212,7840,33670,0.23284823284823286
6,213,3180,11320,0.28091872791519434
6,214,8580,11150,0.7695067264573991
6,215,2620,11060,0.23688969258589512
6,219,120,11910,0.010075566750629723
6,220,2660,11870,0.22409435551811288
6,221,12650,25650,0.49317738791423
6,223,1360,11120,0.1223021582733813
6,226,3720,29710,0.12521036687983844
6,227,4120,16470,0.2501517911353977
6,228,5380,25240,0.21315372424722662
6,230,5900,11620,0.5077452667814114
6,232,10610,14500,0.7317241379310345
6,233,240,11670,0.02056555269922879
6,234,4220,12280,0.34364820846905536
6,237,4140,20280,0.20414201183431951
6,242,28140,57890,0.4860943168077388
6,243,7990,10340,0.7727272727272727
6,246,5640,29990,0.18806268756252084
6,247,510,20720,0.024613899613899613
6,249,2140,45120,0.047429078014184396
6,250,5570,11970,0.4653299916457811
6,251,3640,11440,0.3181818181818182
6,253,2030,10960,0.1852189781021898
6,254,9030,18080,0.49944690265486724
6,259,2140,11580,0.1848013816925734
6,260,7230,17730,0.4077834179357022
6,261,6760,9840,0.6869918699186992
6,262,6260,11190,0.5594280607685433
6,263,5650,31490,0.17942203874245793
6,268,3850,10810,0.3561517113783534
6,269,5110,12120,0.42161716171617164
6,272,2060,11190,0.1840929401251117
6,273,4470,12160,0.3675986842105263
6,274,4280,19370,0.22096024780588538
6,276,6610,11380,0.5808435852372583
6,277,1590,13530,0.11751662971175167
6,278,4940,12200,0.40491803278688526
6,279,1860,11010,0.16893732970027248
6,280,7800,11400,0.6842105263157895
6,281,4170,10560,0.39488636363636365
6,282,9450,11450,0.8253275109170306
6,286,7440,15900,0.4679245283018868
6,287,7910,18820,0.42029755579171096
6,288,1810,11530,0.1569817866435386
6,290,3530,12640,0.27927215189873417
6,291,3990,10910,0.36571952337305225
6,292,2960,11830,0.2502113271344041
6,293,2300,11480,0.20034843205574912
6,295,1780,19380,0.09184726522187822
6,299,4240,11030,0.3844061650045331
6,300,13500,30660,0.44031311154598823
7,8,10790,19830,0.5441250630358043
7,18,610,47400,0.012869198312236287
7,32,7440,15680,0.4744897959183674
7,33,31090,40970,0.758847937515255
7,91,5470,44070,0.12412071704107103
7,92,26680,57550,0.4635968722849696
7,111,10800,22870,0.47223436816790554
7,116,2710,49270,0.05500304444895474
7,120,1060,26930,0.03936130709246194
7,136,8960,52110,0.1719439646900787
7,166,8340,18290,0.4559868780754511
7,184,8150,48280,0.1688069594034797
7,188,19610,59680,0.3285857908847185
7,190,26040,151370,0.1720288035938429
7,229,19760,50870,0.3884411244348339
7,236,16960,47610,0.35622768325981935
7,237,14740,44720,0.3296064400715564
7,245,2020,6120,0.3300653594771242
8,1,33070,53370,0.6196364999063144
8,2,2640,24320,0.10855263157894737
8,8,18180,83970,0.2165058949624866
8,11,680,16960,0.04009433962264151
8,22,640,17390,0.03680276020701553
8,45,4210,16640,0.2530048076923077
8,46,6970,18130,0.3844456701599559
8,47,3060,15880,0.19269521410579346
8,50,2020,66400,0.03042168674698795
8,51,15620,88090,0.1773186513792712
8,55,1960,16630,0.11785929043896573
8,56,3610,22610,0.15966386554621848
8,73,39790,110520,0.3600253347810351
8,74,10870,132930,0.08177236139321448
8,138,15060,31750,0.4743307086614173
8,155,16230,30360,0.5345849802371542
8,158,29730,54750,0.5430136986301369
8,177,178830,284810,0.6278922790632352
8,183,2050,43940,0.046654528903049615
8,199,14560,21480,0.6778398510242085
8,200,10930,27680,0.39486994219653176
8,240,2030,31560,0.06432192648922687
8,258,12040,37980,0.31700895208004215
8,259,16170,60120,0.2689620758483034
8,260,4220,30330,0.13913616880975932
9,11,1920,32980,0.05821710127349909
9,23,3840,66070,0.0581201755713637
9,26,10690,95800,0.1115866388308977
9,27,68700,358710,0.19151961194279501
9,28,152300,410470,0.3710380783004848
9,29,11190,65020,0.17210089203322054
9,30,5190,52180,0.09946339593714067
9,40,630,33640,0.01872770511296076
9,42,44450,121130,0.3669611161561958
9,43,50090,202750,0.2470530209617756
9,44,2880,6480,0.4444444444444444
9,52,4400,50360,0.08737092930897537
9,53,2000,40190,0.04976362279173924
9,54,670,8110,0.08261405672009864
9,55,10350,43510,0.23787635026430706
9,58,12050,49180,0.24501830012200082
9,59,420,49850,0.008425275827482447
9,60,27060,45600,0.593421052631579
9,63,2840,49630,0.05722345355631674
9,64,1090,55770,0.019544558006096467
9,65,11510,36080,0.31901330376940135
9,68,5140,67060,0.07664777810915598
9,69,24870,45910,0.5417120453060336
9,70,10270,44520,0.2306828391734052
9,71,15430,16650,0.9267267267267267
9,73,16390,42050,0.3897740784780024
9,75,1310,40870,0.03205285050159041
9,77,26550,34110,0.7783641160949868
9,78,15070,24620,0.6121039805036556
9,80,6710,25550,0.26262230919765167
9,81,22420,41770,0.5367488628202058
9,82,18310,46580,0.39308716187204806
9,83,3220,48180,0.0668327106683271
9,84,18970,47740,0.3973607038123167
9,85,4270,50930,0.08384056548203417
9,87,4070,44910,0.09062569583611668
9,88,14030,47630,0.29456225068234304
9,89,23420,30730,0.7621217051740969
9,91,19330,42790,0.4517410609955597
9,92,14430,17240,0.8370069605568445
9,93,8710,37690,0.23109578137436987
9,94,12170,44490,0.273544616767813
9,96,10760,48390,0.2223599917338293
9,98,8710,25760,0.33812111801242234
9,100,3130,8000,0.39125
9,101,18070,41770,0.43260713430691883
9,102,14660,17050,0.8598240469208212
9,103,14530,23770,0.6112747160286075
9,105,7750,9660,0.8022774327122153
9,107,18770,44590,0.4209464005382373
9,109,21330,34990,0.6096027436410403
9,113,1990,87140,0.022836814321781043
9,116,8910,46140,0.1931079323797139
9,118,8040,17610,0.4565587734241908
9,120,790,48880,0.016162029459901802
9,121,4140,49180,0.08418056120374136
9,123,9680,18210,0.5315760571114773
9,128,7380,47330,0.15592647369533066
9,129,8930,18110,0.49309773605742685
9,134,42190,152610,0.2764563265841033
9,138,19810,45290,0.437403400309119
9,139,14970,39850,0.3756587202007528
9,145,25630,33210,0.7717554953327311
9,146,13290,25090,0.5296931048226385
9,149,7230,26660,0.2711927981995499
9,151,27440,46160,0.5944540727902946
9,154,21050,30490,0.6903902918989833
9,155,8960,26520,0.3378582202111614
9,156,4620,48000,0.09625
9,157,230,16810,0.013682331945270671
9,159,880,3600,0.24444444444444444
9,161,330,26450,0.012476370510396975
9,162,15490,30380,0.509874917709019
9,166,10640,34170,0.31138425519461516
9,167,11880,41450,0.28661037394451144
9,168,4590,7560,0.6071428571428571
9,169,12630,52170,0.242093156986774
9,170,20100,47010,0.42756860242501593
9,172,4080,18690,0.21829855537720708
9,174,8380,124630,0.06723902752146353
9,175,14250,46430,0.3069136334266638
9,177,5930,53660,0.11051062243756989
9,178,6410,18130,0.35355763927192496
9,180,5560,36860,0.15084102007596312
9,183,8640,44330,0.19490187232122716
9,184,11360,47430,0.23951085810668354
9,185,6300,48440,0.13005780346820808
9,187,23410,44110,0.5307186579007028
9,188,9850,44630,0.2207035626260363
9,191,16990,43840,0.3875456204379562
9,192,13250,17330,0.7645701096364685
9,198,7270,49370,0.14725541827020458
9,199,21720,50540,0.4297586070439256
9,201,6160,48020,0.1282798833819242
9,202,14160,17250,0.8208695652173913
9,204,10850,43900,0.24715261958997722
9,206,15000,47420,0.31632222690847744
9,209,4460,52120,0.08557175748273216
9,212,13880,17570,0.7899829254410927
9,213,9460,27730,0.34114677244861163
9,214,60,57780,0.0010384215991692627
9,216,9080,44570,0.20372447834866503
9,220,10810,39930,0.2707237665915352
9,221,5770,47370,0.1218070508760819
9,222,15140,46390,0.3263634403966372
9,226,21660,47660,0.45446915652538816
9,227,1120,56140,0.0199501246882793
9,229,4140,18790,0.22032996274614156
9,230,12770,25950,0.49210019267822736
9,231,4750,48760,0.09741591468416735
9,232,19240,45740,0.4206383909051159
9,233,5070,46430,0.10919664010338144
9,234,12760,17470,0.73039496279336
9,239,3720,43040,0.08643122676579926
9,240,9650,18270,0.5281882868089764
9,241,1600,38350,0.041720990873533245
9,242,10810,46590,0.23202403949345354
9,243,22780,38930,0.5851528384279476
9,245,8990,25200,0.35674603174603176
9,247,7580,16210,0.4676125848241826
9,248,24250,47150,0.5143160127253447
9,249,3620,39200,0.0923469387755102
9,253,19920,36040,0.5527192008879024
9,255,750,42190,0.0177767243422612
9,257,33140,45990,0.7205914329202
9,259,22060,30870,0.7146096533851636
9,260,11470,25870,0.4433706996521067
9,263,23600,44100,0.5351473922902494
9,264,19040,35320,0.5390713476783692
9,265,18720,33710,0.5553248294274696
9,267,24550,52880,0.46425869894099847
9,268,15430,51840,0.2976466049382716
9,269,48760,80270,0.6074498567335244
9,271,7960,26320,0.30243161094224924
9,272,70,45580,0.00153576129881527
9,273,29580,45490,0.6502528028138053
9,274,7650,63380,0.12070053644682865
9,275,14310,16960,0.84375
9,285,27530,33720,0.816429418742586
9,286,23280,30170,0.7716274444812727
9,289,5480,7710,0.7107652399481194
9,292,10900,44870,0.24292400267439268
9,297,4800,53160,0.09029345372460497
9,298,7820,17860,0.43784994400895855
9,300,9910,26080,0.3799846625766871
9,301,180,81430,0.0022104875353063983
9,302,23950,47070,0.5088166560441895
9,304,10550,53120,0.19860692771084337
9,305,19020,46000,0.41347826086956524
9,306,16030,43780,0.366148926450434
9,308,7700,47700,0.16142557651991615
9,309,9110,44380,0.20527264533573683
9,310,19970,46800,0.4267094017094017
9,311,23420,31020,0.754996776273372
9,312,10780,25600,0.42109375
9,313,10770,44380,0.2426768814781433
9,314,9930,17360,0.5720046082949308
9,317,13240,45440,0.2913732394366197
9,318,24970,47040,0.5308248299319728
9,319,10470,45410,0.23056595463554283
9,321,10020,15540,0.6447876447876448
9,325,7070,30700,0.23029315960912053
9,326,4400,12120,0.36303630363036304
9,330,6590,20320,0.3243110236220472
9,331,17600,42380,0.4152902312411515
9,332,16690,47470,0.3515904781967559
9,333,4470,9320,0.4796137339055794
9,334,3840,6680,0.5748502994011976
9,335,22210,30050,0.7391014975041598
9,337,16280,24130,0.6746788230418566
9,338,1700,48450,0.03508771929824561
10,7,6410,99770,0.06424776987070262
10,8,3100,101190,0.030635438284415457
10,30,4310,58840,0.07324949014276003
10,47,3630,41000,0.08853658536585365
10,48,4340,45670,0.0950295598861397
10,79,7690,90200,0.0852549889135255
10,83,12340,72370,0.1705126433605085
10,111,3790,55980,0.06770275098249375
10,156,3850,32540,0.1183159188690842
10,163,720,6830,0.1054172767203514
10,243,5020,60280,0.08327803583278036
10,245,58000,89080,0.6511001347103726
10,271,190,44800,0.004241071428571428
10,332,13540,59150,0.22890955198647506
10,334,42540,116420,0.36540113382580314
10,337,7390,38500,0.19194805194805195
10,351,1600,94670,0.01690081335164255
11,7,1100,11280,0.0975177304964539
11,8,14210,100580,0.14128057267846492
11,9,13160,58170,0.22623345367027678
11,12,14000,111550,0.12550425818018826
11,16,33660,94000,0.35808510638297875
11,17,10460,112400,0.09306049822064057
11,20,10770,108160,0.09957470414201183
11,21,3400,74260,0.045785079450579046
11,28,4620,25440,0.18160377358490565
11,29,48600,57350,0.8474280732345248
11,30,129590,189190,0.6849727786880914
11,31,59650,68970,0.8648687835290706
11,32,930,116670,0.007971200822833634
11,33,15220,87510,0.17392298023083078
11,36,2700,110670,0.02439685551640011
11,40,3560,112020,0.03178003927870023
11,42,4010,117270,0.03419459367272107
11,45,13470,96290,0.13988991587911517
11,48,7660,101200,0.07569169960474308
11,51,1950,84130,0.023178414358730536
11,52,20,20400,0.000980392156862745
11,69,1130,125330,0.009016197239288279
11,78,650,100700,0.006454816285998014
11,135,21210,117000,0.18128205128205127
11,158,8790,130230,0.06749596867081317
11,159,28450,98340,0.2893024201749034
11,161,6680,113690,0.058756267041956196
11,162,35360,93420,0.37850567330336116
11,163,10830,113700,0.09525065963060686
11,165,26350,95320,0.27643726395300044
11,168,2020,136670,0.014780127313967951
11,171,50600,83440,0.6064237775647172
11,172,2000,113790,0.017576236927673784
11,174,100,87560,0.0011420740063956144
11,178,19800,89800,0.22048997772828507
11,180,5000,109460,0.04567878677142335
11,190,40850,101990,0.4005294636729091
11,197,22280,92180,0.24170101974397917
11,202,490,86930,0.005636719199355804
11,204,47140,76250,0.6182295081967213
11,207,5870,126960,0.04623503465658475
11,208,25380,82900,0.30615199034981905
11,210,4830,97420,0.049579141859987685
11,216,67110,86900,0.7722669735327963
11,217,15850,52900,0.2996219281663516
11,229,38760,85880,0.45132743362831856
11,235,21240,34890,0.6087704213241617
11,236,1540,66320,0.023220747889022918
11,237,23410,97340,0.24049722621738237
11,246,6590,107280,0.06142803877703207
11,249,350,43990,0.007956353716753808
11,252,40610,161320,0.2517356806347632
11,254,39180,54610,0.7174510162973814
11,256,35020,46260,0.7570255079982706
11,264,3710,94770,0.03914740951777989
11,265,19710,102710,0.19189952292863402
11,268,9820,117750,0.08339702760084926
11,269,41160,77630,0.5302073940486925
11,309,38310,104840,0.365413964135826
11,311,14860,17010,0.8736037624926514
11,314,15630,16820,0.9292508917954816
11,320,19230,92040,0.2089308996088657
11,321,10,71670,0.00013952839402818474
11,322,6830,151750,0.04500823723228995
11,330,710,92900,0.007642626480086114
11,335,1120,20680,0.05415860735009671
11,340,1810,97280,0.01860608552631579
11,347,970,167700,0.005784138342277877
11,348,3570,96480,0.03700248756218905
11,349,14810,145700,0.10164722031571723
11,350,220,22260,0.009883198562443846
11,351,21490,31460,0.6830896376350922
11,352,24420,146320,0.16689447785675232
11,353,11460,161740,0.07085445777173241
11,354,9890,79450,0.12448080553807427
11,364,2970,109530,0.027115858668857847
11,366,1180,116770,0.010105335274471182
11,368,12050,105610,0.1140990436511694
11,370,24450,98570,0.24804707314598762
11,371,33380,55680,0.5994971264367817
11,374,2400,122680,0.019563090968373
11,375,34930,84130,0.41519077617972183
11,376,35270,53930,0.6539959206378639
11,378,60,111360,0.0005387931034482759
11,380,5850,82870,0.0705924942681308
11,382,7600,121150,0.06273215022699133
11,384,130,109750,0.0011845102505694761
11,385,7680,150160,0.05114544485881726
11,391,7360,17980,0.40934371523915464
11,400,56580,81680,0.6927032321253673
11,401,28610,63800,0.44843260188087775
11,411,64280,84770,0.7582871298808541
11,418,55220,148700,0.3713517148621385
11,421,1980,75830,0.026111037847817486
11,426,1230,133780,0.009194199431903124
11,427,15530,38470,0.4036911879386535
11,436,61890,86020,0.719483840967217
11,437,47330,59860,0.7906782492482459
11,440,57040,88680,0.6432115471357691
11,442,3960,83160,0.047619047619047616
12,110,86690,194050,0.44674053079103326
12,111,101410,198350,0.5112679606755735
12,129,990,31490,0.03143855192124484
12,137,5300,30370,0.17451432334540665
12,151,23170,80220,0.28883071553228623
12,152,32590,82140,0.3967616264913562
12,156,1500,29290,0.05121201775349949
12,180,6310,14240,0.4431179775280899
12,201,34530,58380,0.5914696813977389
12,212,1070,16630,0.06434155141310884
12,233,2790,11570,0.2411408815903198
12,301,4290,53760,0.07979910714285714
12,348,5930,54850,0.1081130355515041
12,367,2210,18770,0.11774107618540224
12,405,10190,10670,0.9550140581068416
13,7,4180,42850,0.09754959159859977
13,9,10920,34740,0.3143350604490501
13,10,27900,82650,0.33756805807622503
13,11,7260,43000,0.16883720930232557
13,19,2720,37230,0.0730593607305936
13,21,4580,19000,0.24105263157894738
13,22,3290,19650,0.16743002544529262
13,25,8430,25580,0.3295543393275997
13,27,8310,31850,0.2609105180533752
13,35,8490,35530,0.23895299746692936
13,36,7300,52790,0.1382837658647471
13,37,10200,41430,0.24619840695148443
13,42,7840,25260,0.3103721298495645
13,43,15050,35170,0.4279215240261587
13,45,4540,19000,0.23894736842105263
13,46,530,21460,0.024697110904007457
13,51,12700,35760,0.35514541387024606
13,53,6220,18660,0.3333333333333333
13,54,11370,40100,0.2835411471321696
13,58,12210,31760,0.3844458438287154
13,60,6710,42580,0.15758572099577267
13,61,13820,41840,0.3303059273422562
13,64,9280,29070,0.31922944616443066
13,66,20070,55740,0.36006458557588805
13,67,5550,54170,0.10245523352409082
13,71,5740,36550,0.1570451436388509
13,74,4320,21080,0.2049335863377609
13,76,6540,40320,0.16220238095238096
13,90,1060,37890,0.027975719187120614
13,91,5370,55950,0.09597855227882038
13,101,390,40340,0.009667823500247892
13,102,2410,57640,0.04181124219292158
13,126,3530,19510,0.18093285494618144
13,132,11770,17560,0.6702733485193622
13,133,3750,17760,0.21114864864864866
13,149,7540,17850,0.42240896358543417
13,150,1420,41750,0.034011976047904194
13,155,18690,32950,0.5672230652503794
13,156,21260,35410,0.6003953685399605
13,157,16910,77640,0.21780010303967026
13,167,21320,40600,0.5251231527093596
13,169,4850,30580,0.15860039241334206
13,174,9410,34990,0.26893398113746786
13,175,6090,56180,0.10840156639373442
13,177,12090,17970,0.672787979966611
13,183,3680,38820,0.09479649665121072
13,184,2950,58480,0.050444596443228455
13,187,2910,19170,0.15179968701095461
13,193,26390,75360,0.35018577494692144
13,198,18280,40110,0.45574669658439293
13,201,8120,35650,0.22776998597475456
13,202,17820,33390,0.5336927223719676
13,205,11700,17260,0.6778679026651216
13,210,35990,59980,0.6000333444481494
13,212,23720,53470,0.44361324106975875
13,224,29280,50820,0.5761511216056671
13,227,6830,36810,0.18554740559630536
13,236,16630,44050,0.3775255391600454
13,238,17260,41440,0.4165057915057915
13,239,6230,36440,0.17096597145993414
13,240,6260,22230,0.28160143949617633
13,242,7940,18460,0.4301191765980498
13,243,790,20090,0.039323046291687404
13,248,3200,18980,0.16859852476290832
13,250,5730,18150,0.315702479338843
13,252,6760,18220,0.37102085620197583
13,253,9200,40290,0.22834450235790518
13,254,12350,36280,0.34040793825799337
13,256,15250,34200,0.44590643274853803
13,257,22220,40500,0.548641975308642
13,260,20060,39110,0.5129122986448479
13,265,6010,39840,0.15085341365461846
13,266,18570,34260,0.542031523642732
13,268,11890,16830,0.7064765300059418
13,269,480,41810,0.011480507055728294
13,278,12020,24950,0.48176352705410824
13,281,2630,18450,0.14254742547425475
13,282,2170,28200,0.07695035460992908
13,288,14710,40600,0.3623152709359606
13,289,18140,40150,0.4518057285180573
13,298,9420,55100,0.17096188747731397
13,300,11850,17500,0.6771428571428572
13,301,1290,19720,0.0654158215010142
13,306,11810,17570,0.672168468981218
13,318,7980,37220,0.21440085975282105
13,319,15070,55040,0.27380087209302323
13,330,20290,34270,0.5920630288882405
13,339,10140,17610,0.575809199318569
13,340,560,27790,0.020151133501259445
13,348,10400,36020,0.2887284841754581
13,349,11860,21520,0.5511152416356877
13,353,18520,40350,0.45898389095415115
13,354,13620,40880,0.33317025440313114
13,359,12930,18030,0.7171381031613977
13,360,1900,19290,0.09849663037843442
13,364,23680,66270,0.3573260902369096
13,365,16230,33910,0.47861987614273077
13,367,2250,18230,0.12342292923752057
13,368,3850,15680,0.24553571428571427
13,376,24110,38680,0.6233195449844882
13,377,21130,38780,0.5448684889118102
14,232,180,32410,0.005553841406973156
14,658,560,50660,0.011054086063955783
14,678,1080,100160,0.010782747603833865
15,235,860,9760,0.08811475409836066
15,255,340,10680,0.031835205992509365
15,257,1880,10220,0.18395303326810175
15,258,1570,10270,0.1528724440116845
15,259,2150,10110,0.21266073194856577
15,264,3070,10150,0.3024630541871921
15,270,1900,9850,0.19289340101522842
15,274,450,10350,0.043478260869565216
15,275,1280,10470,0.12225405921680993
15,277,2110,9940,0.21227364185110664
15,299,1940,9720,0.19958847736625515
15,300,3440,9990,0.34434434434434436
15,302,3090,10360,0.2982625482625483
15,308,2950,10320,0.2858527131782946
15,321,600,9820,0.06109979633401222
15,329,1040,10140,0.10256410256410256
15,330,660,10560,0.0625
15,332,3070,9840,0.3119918699186992
15,340,390,9570,0.04075235109717868
15,341,2230,10490,0.21258341277407056
17,15,3760,69920,0.05377574370709382
17,20,2880,11740,0.2453151618398637
17,26,3840,26060,0.14735226400613968
17,33,3400,23290,0.145985401459854
17,42,2710,28280,0.09582743988684583
17,52,1870,11750,0.15914893617021278
17,56,3530,11950,0.295397489539749
17,58,1430,11610,0.1231696813092162
17,60,1890,14880,0.12701612903225806
17,63,860,11120,0.07733812949640288
17,69,15820,16700,0.9473053892215569
17,71,390,11990,0.03252710592160134
17,73,1210,13540,0.08936484490398819
17,85,3790,28090,0.1349234603061588
17,91,3490,10940,0.3190127970749543
17,92,7420,15050,0.4930232558139535
17,97,17700,32860,0.5386488131466829
17,98,4820,47120,0.10229202037351443
17,106,3590,11020,0.3257713248638838
17,107,7310,18100,0.4038674033149171
17,120,5440,16540,0.32889963724304716
17,122,1630,23440,0.06953924914675767
17,126,2510,27380,0.091672753834916
17,135,16840,36400,0.46263736263736266
17,146,800,12040,0.0664451827242525
17,150,470,15050,0.03122923588039867
17,155,14170,57410,0.24682111130465076
17,157,18640,42980,0.43369008841321544
17,162,15860,29560,0.5365358592692828
17,175,22050,23330,0.9451350192884698
17,189,3530,35690,0.09890725693471561
17,203,5100,26080,0.1955521472392638
17,223,5780,10510,0.5499524262607041
17,239,2090,12110,0.17258464079273328
17,241,8780,26580,0.3303235515425132
17,280,2580,28070,0.09191307445671536
17,307,2950,27710,0.10645976181883797
17,321,7230,33260,0.21737823211064342
17,324,2350,15020,0.15645805592543274
17,359,2380,46330,0.05137060220159724
17,422,10490,13660,0.7679355783308931
17,427,8880,13580,0.6539027982326951
17,471,4940,55020,0.08978553253362413
17,489,2170,31060,0.06986477784932389
17,502,2450,10920,0.22435897435897437
17,515,4820,13870,0.3475126171593367
17,517,1740,13070,0.1331293037490436
17,524,2510,14790,0.16970926301555106
17,542,4490,14210,0.3159746657283603
17,543,14690,25440,0.577437106918239
17,544,16120,63700,0.2530612244897959
17,545,26930,79620,0.33823160010047726
17,550,2560,15280,0.16753926701570682
17,578,260,26740,0.009723261032161555
17,579,810,11630,0.06964746345657781
17,581,530,15070,0.035169210351692105
17,585,2380,14290,0.16655003498950316
17,604,5590,14430,0.38738738738738737
17,634,3120,14570,0.21413864104323954
17,661,460,15400,0.02987012987012987
17,667,2030,14720,0.13790760869565216
17,688,4280,25780,0.16602017067494182
17,700,74460,362830,0.20522007551745997
17,701,13090,407120,0.032152682255845944
17,703,12910,282610,0.045681327624641735
17,708,177140,613190,0.2888827280288328
17,709,183000,377770,0.4844217380946078
17,731,1600,14400,0.1111111111111111
17,756,5660,25750,0.21980582524271844
17,771,5220,70280,0.0742743312464428
18,1,120,53310,0.0022509848058525606
18,610,5840,97840,0.059689288634505316
20,1,100,44220,0.002261420171867933
20,9,5920,36460,0.1623697202413604
20,11,48210,104070,0.4632458921879504
20,12,33300,80410,0.41412759607014055
20,17,15400,29230,0.5268559698939446
20,18,14990,37670,0.397929386779931
20,52,4410,19120,0.23064853556485357
20,62,7400,16780,0.4410011918951132
20,63,4560,21570,0.2114047287899861
20,119,7840,34720,0.22580645161290322
20,120,1780,39470,0.04509754243729415
20,136,8090,30320,0.266820580474934
20,137,6560,38990,0.16824826878686844
20,162,6430,20610,0.311984473556526
20,163,16550,20220,0.8184965380811078
20,179,112160,134730,0.8324797743635419
20,181,62150,139650,0.44504117436448265
20,215,37170,139740,0.26599398883641046
20,216,16380,122740,0.13345282711422518
20,228,1840,36370,0.050591146549353865
20,229,3180,48770,0.06520401886405577
20,243,13630,93290,0.14610354807589238
20,251,3660,21780,0.16804407713498623
20,260,6730,15340,0.438722294654498
20,262,930,16740,0.05555555555555555
20,263,3880,47990,0.08085017712023339
20,294,30420,148230,0.20522161505768063
20,296,430,148090,0.0029036396785738403
20,351,47790,113160,0.42232237539766704
20,359,1970,32720,0.060207823960880195
20,367,12580,70510,0.17841440930364488
20,448,139870,221510,0.6314387612297413
20,461,27140,30720,0.8834635416666666
20,496,730,23030,0.0316977854971776
20,497,980,33230,0.029491423412578995
20,522,4830,22220,0.21737173717371738
21,3,48760,143950,0.33872872525182357
21,10,3660,29550,0.12385786802030457
21,12,32190,56560,0.5691301272984441
21,15,12880,33120,0.3888888888888889
21,21,57570,83350,0.6907018596280744
21,22,49520,74030,0.6689180062136971
21,23,21960,69270,0.3170203551320918
21,26,5720,74380,0.07690239311642914
21,29,32730,56390,0.5804220606490512
21,32,710,15810,0.04490828589500316
21,33,14220,36050,0.39445214979195564
21,34,30360,70670,0.4296023772463563
21,36,81160,120520,0.6734152007965483
21,37,92400,142730,0.6473761647866602
21,43,1280,23290,0.05495920996135681
21,45,14510,40230,0.3606761123539647
21,49,10020,30070,0.3332224808779514
21,50,66680,120720,0.5523525513585156
21,52,29070,74180,0.3918846050148288
21,53,30300,43240,0.7007400555041629
21,57,19380,47050,0.4119022316684378
21,59,39800,58100,0.685025817555938
21,61,6700,27860,0.2404881550610194
21,68,11900,31730,0.3750393948944217
21,71,5630,33720,0.1669632265717675
21,76,48150,53950,0.8924930491195552
21,78,530,1300,0.4076923076923077
21,79,16100,31310,0.51421271159374
21,82,7720,49230,0.1568149502335974
21,86,18270,47000,0.38872340425531915
21,87,56260,64900,0.8668721109399076
21,88,3280,22430,0.14623272403031654
21,89,2120,34390,0.06164582727537075
21,94,17650,28370,0.6221360592174833
21,96,34120,43840,0.7782846715328468
21,99,56290,63220,0.890382790256248
21,101,24330,45920,0.5298344947735192
21,102,11890,19110,0.6221873364730508
21,103,15560,21570,0.7213722763096894
21,105,570,1290,0.4418604651162791
21,106,12570,32520,0.3865313653136531
21,108,28570,45800,0.6237991266375545
21,110,22500,88990,0.2528373974603888
21,111,8430,20540,0.4104186952288218
21,114,28230,28230,1.0
21,116,24520,47600,0.515126050420168
21,123,11270,32270,0.3492407809110629
21,124,73750,82310,0.8960029158060989
21,125,48860,58950,0.8288379983036471
21,127,73670,129860,0.567303249653473
21,131,40040,42520,0.9416745061147695
21,132,51050,66370,0.7691728190447491
21,133,1270,1270,1.0
21,137,27440,28290,0.9699540473665607
21,138,49620,52910,0.9378189378189378
21,139,1230,1230,1.0
21,141,47450,86310,0.5497624840690534
21,142,28140,70850,0.3971771347918137
21,143,3180,11260,0.2824156305506217
21,144,1570,21310,0.07367433129985922
21,145,15020,21740,0.6908923643054278
21,150,10740,48300,0.22236024844720498
21,158,38800,54500,0.7119266055045872
21,161,36790,55180,0.6667270750271838
21,162,49770,74480,0.668233082706767
21,164,55280,69780,0.7922040699340785
21,171,49560,66280,0.7477368738684369
21,172,52790,67820,0.7783839575346505
21,178,17850,32340,0.551948051948052
21,182,30570,42260,0.7233790818741126
21,186,41730,87590,0.4764242493435324
21,189,4480,17620,0.2542565266742338
21,191,21180,45370,0.4668283006391889
21,193,32060,45940,0.6978667827601219
21,197,14430,51800,0.2785714285714286
21,199,5720,14470,0.3953006219765031
21,200,35900,40540,0.8855451406018747
21,202,28560,46090,0.6196571924495552
21,203,40410,46520,0.86865864144454
21,209,33410,44920,0.743766696349065
21,210,1620,2150,0.7534883720930232
21,213,8150,17660,0.4614949037372593
21,214,19760,41320,0.4782187802516941
21,215,1070,1230,0.8699186991869918
21,219,34430,44330,0.7766749379652605
21,220,540,1320,0.4090909090909091
21,223,39780,54550,0.7292392300641614
21,225,22210,47290,0.4696553182491013
21,232,35360,69350,0.5098774333093007
21,235,40970,54660,0.7495426271496524
21,237,2020,19650,0.10279898218829517
21,238,24740,40440,0.6117705242334323
21,248,1110,1230,0.9024390243902439
21,250,6790,16770,0.4048896839594514
21,255,37000,72820,0.5081021697335897
21,258,490,2180,0.22477064220183487
21,259,5880,9100,0.6461538461538462
21,262,25240,57390,0.4397978741941105
21,264,1020,2160,0.4722222222222222
21,270,34850,70750,0.4925795053003534
21,271,34020,41030,0.8291494028759444
21,272,8490,48610,0.1746554206953302
21,273,51870,82490,0.6288034913322827
21,277,42230,57040,0.7403576437587658
21,278,1190,1190,1.0
21,281,31980,42040,0.7607040913415795
21,284,46480,65900,0.7053110773899848
21,287,4200,17280,0.24305555555555555
21,289,9820,16490,0.5955124317768344
21,292,34290,87870,0.3902355752816661
21,293,1820,2120,0.8584905660377359
21,307,128640,225340,0.5708706842992811
21,308,1170,1290,0.9069767441860465
21,310,31760,41530,0.764748374668914
21,316,4370,93480,0.046747967479674794
21,320,37340,73600,0.5073369565217392
21,321,23210,33360,0.6957434052757794
21,333,42030,60610,0.6934499257548259
21,337,6930,20390,0.33987248651299656
21,339,280,2430,0.11522633744855967
21,342,11680,15990,0.7304565353345841
21,346,45420,66750,0.6804494382022472
21,352,610,1290,0.4728682170542636
21,357,22450,30280,0.7414134742404227
21,361,38120,70080,0.5439497716894978
21,362,35270,47130,0.7483556121366434
21,364,37830,72880,0.519072447859495
21,366,57700,70660,0.8165864704217379
21,367,28650,45030,0.6362425049966689
21,368,53650,81640,0.6571533561979422
21,369,41800,68930,0.6064123023357029
21,371,17470,43390,0.40262733348697854
21,372,26370,51870,0.5083863504916136
21,383,4440,20110,0.2207856787667827
21,384,9040,16450,0.5495440729483283
21,387,31010,41760,0.7425766283524904
21,389,40930,53930,0.758946782866679
21,391,303900,440350,0.6901328488702169
21,397,281110,339200,0.8287441037735849
21,398,1730,2090,0.8277511961722488
21,401,16530,32470,0.5090853095164768
21,402,30570,42040,0.7271646051379639
21,406,12710,16380,0.775946275946276
21,409,6250,49900,0.125250501002004
21,410,5620,10710,0.5247432306255836
21,412,44740,72280,0.6189817376867737
21,416,36520,44920,0.8130008904719501
21,419,23120,32680,0.7074663402692778
21,420,33240,38150,0.87129750982962
21,427,2040,9700,0.21030927835051547
21,430,54630,65720,0.831253804017042
21,431,1170,1170,1.0
21,435,1130,1130,1.0
21,436,6160,16890,0.36471284783895797
21,437,12960,15690,0.8260038240917782
21,440,20610,44240,0.46586799276672697
21,444,56940,65550,0.8686498855835241
21,446,7010,47220,0.1484540448962304
21,452,27460,46170,0.5947585011912497
21,453,2020,2020,1.0
21,455,38530,40260,0.9570293094883259
21,459,56270,84030,0.6696417945971677
21,460,1180,1180,1.0
21,462,1450,20580,0.07045675413022352
21,464,5620,16550,0.3395770392749245
21,466,1240,1240,1.0
21,469,37220,41890,0.8885175459536883
21,470,22720,47190,0.48145793600339054
21,471,13570,30950,0.43844911147011306
21,472,19790,44860,0.4411502452073116
21,478,13720,36460,0.37630279758639607
21,480,16250,27290,0.5954562110663246
21,482,1150,1150,1.0
21,484,36470,40650,0.897170971709717
21,493,23030,46430,0.49601550721516263
21,494,1760,2100,0.8380952380952381
21,497,15990,22120,0.722875226039783
21,500,37130,40600,0.9145320197044335
21,503,12270,33180,0.36980108499095843
21,507,36760,40560,0.9063116370808678
21,508,40840,43450,0.9399309551208286
21,509,1070,1070,1.0
21,513,1040,1040,1.0
21,517,9820,13310,0.7377911344853494
21,518,690,1280,0.5390625
21,519,14060,15560,0.903598971722365
21,520,26260,46450,0.5653390742734122
21,521,1260,1260,1.0
21,523,33370,55510,0.6011529454152404
21,525,35170,55230,0.6367915987687851
21,531,9630,11070,0.8699186991869918
21,533,14940,31890,0.4684854186265287
21,536,40700,42350,0.961038961038961
21,545,36850,41550,0.8868832731648616
21,549,39210,43370,0.9040811620936131
21,558,10720,16930,0.6331955109273479
21,559,9520,15590,0.6106478511866581
21,561,47050,53700,0.8761638733705773
21,563,36260,55320,0.6554591467823572
21,564,590,1290,0.4573643410852713
21,565,1110,21760,0.051011029411764705
21,566,11130,16310,0.6824034334763949
21,571,23950,29790,0.8039610607586438
21,573,53720,65420,0.8211556099052277
21,578,4350,97550,0.04459251665812404
22,5,170,50950,0.0033366045142296367
22,7,37180,107040,0.34734678624813153
22,13,8350,20960,0.39837786259541985
22,18,8900,18600,0.478494623655914
22,23,9600,33140,0.28968014484007243
22,25,29100,108780,0.2675124103695532
22,27,13850,102460,0.1351747023228577
22,30,24550,30580,0.802812295618051
22,43,12520,34000,0.36823529411764705
22,49,12900,19780,0.6521739130434783
22,50,850,38020,0.02235665439242504
22,56,3700,27200,0.13602941176470587
22,61,28800,31920,0.9022556390977443
22,65,98720,190130,0.5192236890548572
22,66,88770,196220,0.45240036693507285
22,67,23200,31420,0.7383831954169319
22,74,16720,16880,0.990521327014218
22,76,98660,151880,0.6495917829865684
23,10,110,49210,0.002235318024791709
23,14,300,19520,0.015368852459016393
23,21,2400,75550,0.03176704169424222
23,40,530,10390,0.05101058710298364
23,60,470,55530,0.008463893390959841
23,127,410,8710,0.04707233065442021
23,133,450,10230,0.04398826979472141
23,173,1730,235020,0.007361075653135903
23,180,3560,34500,0.10318840579710145
23,209,30,30920,0.0009702457956015524
23,266,10,9370,0.0010672358591248667
23,298,780,56740,0.013746915756080367
23,299,280,61360,0.0045632333767926985
23,303,4350,34400,0.12645348837209303
23,305,1370,111870,0.012246357379100741
24,87,2590,42610,0.060783853555503406
24,92,2540,63550,0.03996852871754524
24,142,5120,13200,0.3878787878787879
24,143,710,15310,0.046374918354016983
24,149,71250,162900,0.43738489871086556
24,156,17430,77960,0.22357619291944586
24,157,24710,56290,0.4389767276603304
24,158,14390,51410,0.27990663295078777
24,165,34200,92340,0.37037037037037035
24,167,70490,105520,0.6680250189537529
24,184,35890,49650,0.7228600201409869
24,201,61740,105250,0.586603325415677
24,202,32040,119220,0.26874685455460495
24,220,28960,61020,0.47459849229760737
24,221,21950,60870,0.3606045671102349
24,225,7280,60410,0.1205098493626883
24,236,30440,56430,0.5394293815346447
24,238,30320,49300,0.6150101419878297
24,265,82500,105980,0.7784487639177203
24,266,54310,107710,0.5042243060068703
24,296,32490,52270,0.6215802563612014
24,297,23580,51170,0.46081688489349226
24,301,25380,115070,0.220561397410272
24,302,23250,117210,0.1983619145124136
24,303,8370,79870,0.10479529235006886
24,311,21430,58160,0.36846629986244844
24,318,7360,32080,0.22942643391521197
24,320,20990,41010,0.5118263838088272
24,372,6300,20530,0.3068679980516318
24,416,2290,22860,0.10017497812773403
24,417,38690,55300,0.6996383363471971
24,420,4600,20320,0.2263779527559055
24,433,3170,13500,0.2348148148148148
24,440,5280,8220,0.6423357664233577
24,463,13610,48910,0.2782662032304232
24,522,25890,58320,0.44393004115226337
24,523,36680,48550,0.7555097837281154
24,525,6580,29010,0.22681833850396416
25,8,120,10200,0.011764705882352941
25,14,1190,10550,0.11279620853080569
25,16,730,10730,0.06803355079217148
25,18,1890,10240,0.1845703125
25,26,54700,111590,0.4901872927681692
25,37,230,9950,0.023115577889447236
25,45,1690,158320,0.010674583122789287
25,49,32640,206900,0.15775737071048815
25,53,1950,9530,0.20461699895068206
25,54,1540,9940,0.15492957746478872
25,55,650,9510,0.0683491062039958
25,57,2260,9930,0.22759315206445116
25,58,3530,9860,0.3580121703853955
25,60,1890,9120,0.20723684210526316
25,62,3550,9830,0.3611393692777213
25,63,990,10270,0.09639727361246349
25,64,2650,14190,0.18675123326286117
25,69,860,10110,0.08506429277942631
25,70,3240,13400,0.2417910447761194
25,78,1210,10020,0.12075848303393213
25,88,4100,9330,0.43944265809217575
25,92,3050,9830,0.31027466937945064
25,95,2080,9870,0.21073961499493415
25,96,2530,10410,0.2430355427473583
25,108,1380,10130,0.1362290227048371
25,110,4070,8720,0.46674311926605505
25,113,1410,9560,0.14748953974895398
25,114,640,10110,0.06330365974282888
25,116,1050,9260,0.11339092872570194
25,117,2840,9720,0.29218106995884774
25,134,90,9600,0.009375
25,135,4420,13790,0.3205221174764322
25,137,1530,9210,0.16612377850162866
25,140,2020,9690,0.2084623323013416
25,142,2480,13090,0.1894576012223071
25,143,690,10520,0.0655893536121673
25,153,4830,9000,0.5366666666666666
25,155,3380,9380,0.3603411513859275
25,156,780,10790,0.07228915662650602
25,158,1320,13590,0.09713024282560706
25,159,1910,9570,0.19958202716823406
25,160,2100,10070,0.20854021847070506
25,163,4000,9650,0.41450777202072536
25,168,3060,9350,0.32727272727272727
25,169,3000,10350,0.2898550724637681
25,170,1140,10350,0.11014492753623188
25,171,2700,9910,0.272452068617558
25,174,4390,9210,0.4766558089033659
25,175,1630,10410,0.15658021133525457
25,176,5030,9400,0.5351063829787234
25,177,170,10180,0.01669941060903733
25,181,3410,10110,0.33728981206726016
25,183,3690,13100,0.2816793893129771
25,201,3750,9550,0.39267015706806285
25,202,2110,9860,0.21399594320486814
25,214,3790,9580,0.395615866388309
25,217,1460,10390,0.14051973051010588
26,27,4910,69430,0.07071870949157424
26,28,5620,71390,0.07872251015548395
26,29,5380,69280,0.07765588914549654
26,32,3880,68360,0.05675833820947923
26,33,6350,72600,0.087465564738292
26,37,25420,62110,0.4092738689421993
26,38,17960,85810,0.20929961542943712
26,43,1870,76190,0.024543903399396248
26,44,8090,72730,0.11123332875017188
26,47,980,68020,0.014407527197882975
26,48,3060,72210,0.0423764021603656
26,51,2210,77940,0.028355144983320504
26,63,420,76430,0.00549522438832919
26,68,3250,66170,0.04911591355599214
26,76,4960,79860,0.06210869020786376
26,78,170,95050,0.001788532351394003
26,90,1940,80570,0.02407844110711183
26,91,8950,69220,0.12929789078301068
26,94,3100,71480,0.04336877448237269
26,95,8080,75480,0.10704822469528352
26,101,4470,70640,0.06327859569648923
26,102,2210,69710,0.03170276861282456
26,105,4120,44750,0.09206703910614525
26,107,20,12600,0.0015873015873015873
26,108,3350,81860,0.04092352797459076
26,109,11320,73250,0.15453924914675768
26,118,3830,11790,0.3248515691263783
26,122,780,75600,0.010317460317460317
26,123,11170,68490,0.16308950211709738
26,125,920,87070,0.01056621109452165
26,126,26620,67560,0.39402013025458854
26,131,800,12530,0.06384676775738228
26,134,7260,78410,0.09259023083790333
26,135,2400,12180,0.19704433497536947
26,136,5370,11690,0.4593669803250642
26,137,2360,12220,0.19312602291325695
26,140,0,17300,0.0
26,144,640,92120,0.006947459834997829
26,145,13890,71670,0.1938049393051486
26,146,14440,70450,0.2049680624556423
26,147,17880,71390,0.2504552458327497
26,149,9940,70590,0.1408131463380082
26,150,1650,96860,0.0170348957257898
26,154,2980,12100,0.2462809917355372
26,157,2570,72890,0.03525860886266978
26,158,15260,72760,0.2097306212204508
26,160,7750,77850,0.09955041746949261
26,162,23480,66680,0.352129574085183
26,163,25580,71240,0.35906793935991016
26,165,3440,87210,0.03944501777319115
26,166,7330,80310,0.09127132362096875
26,167,9840,95380,0.1031662822394632
26,168,11870,68480,0.17333528037383178
26,170,6770,115160,0.05878777353247656
26,171,290,45130,0.006425880788832263
26,186,690,12690,0.054373522458628844
27,2,6380,43130,0.1479248782749826
27,3,10130,46410,0.2182719241542771
27,5,3980,29890,0.13315490130478422
27,8,15540,26710,0.5818045675776863
27,10,21580,35900,0.6011142061281337
27,11,18450,39440,0.46779918864097364
27,12,17270,26850,0.6432029795158287
27,14,5520,26700,0.20674157303370785
27,17,8790,28760,0.3056328233657858
27,21,3450,81500,0.04233128834355828
27,24,2830,56530,0.05006191402794976
27,25,1230,29060,0.042326221610461116
27,27,500,41930,0.011924636298592892
27,30,17490,51430,0.34007388683647677
27,31,5930,29410,0.20163209792587555
27,34,10570,27970,0.37790489810511263
27,36,22030,41350,0.5327690447400242
27,38,34350,51500,0.6669902912621359
27,39,550,29350,0.018739352640545145
27,40,3840,46940,0.0818065615679591
27,41,12850,25290,0.5081059707394227
27,45,5890,48310,0.12192092734423515
27,51,660,49120,0.013436482084690555
27,55,1100,53680,0.020491803278688523
27,56,17880,39500,0.4526582278481013
27,62,3440,41020,0.08386153096050707
27,63,17960,41400,0.43381642512077295
27,64,11670,36920,0.31608884073672805
27,69,910,28020,0.0324768022840828
27,70,14530,24960,0.5821314102564102
27,71,12600,27360,0.4605263157894737
27,74,17730,24090,0.7359900373599004
27,78,7720,27960,0.2761087267525036
27,80,4110,28790,0.14275790204932268
27,83,19500,24040,0.8111480865224625
27,88,13850,45760,0.3026660839160839
27,90,5760,30220,0.19060225016545335
27,94,5940,31460,0.1888111888111888
27,95,22620,36560,0.6187089715536105
27,101,890,32340,0.027520098948670378
27,102,8630,41610,0.20740206681086276
27,107,5330,28270,0.1885390873717722
27,109,19760,40130,0.4923997009718415
27,113,8940,27460,0.325564457392571
27,117,14390,41360,0.34792069632495165
27,119,2870,46160,0.06217504332755633
27,121,2240,48810,0.04589223519770539
27,127,9630,30640,0.31429503916449086
27,129,6730,46710,0.14408049668165276
27,130,9420,31720,0.2969735182849937
27,134,5510,48680,0.11318816762530813
27,135,6660,48600,0.13703703703703704
27,143,12830,27480,0.4668850072780204
27,145,16560,26600,0.6225563909774436
27,148,1860,50970,0.03649205414949971
27,149,24970,32950,0.757814871016692
27,152,18200,40600,0.4482758620689655
27,159,5970,43030,0.13874041366488496
27,163,3340,41570,0.08034640365648305
27,164,17760,41110,0.432011675991243
27,169,15050,26860,0.560312732688012
27,170,3710,34910,0.10627327413348611
27,171,32800,48620,0.6746194981489099
27,172,17960,27310,0.6576345660930062
27,173,16350,32740,0.49938912645082467
27,176,9570,42130,0.22715404699738903
27,178,1390,43880,0.03167730173199635
27,179,14390,42840,0.33590102707749764
27,181,2640,38880,0.06790123456790123
27,182,19240,40430,0.4758842443729904
27,184,14870,27710,0.536629375676651
27,185,19070,42380,0.449976403964134
27,186,2800,45880,0.06102877070619006
27,187,27330,39540,0.6911987860394537
27,190,330,66500,0.004962406015037594
27,192,23830,50680,0.4702052091554854
27,194,29800,50680,0.5880031570639306
27,195,6380,29180,0.21864290610006853
27,197,20090,22890,0.8776758409785933
27,198,19920,26240,0.7591463414634146
27,200,5340,41080,0.1299902629016553
27,201,26570,40550,0.6552404438964242
27,203,12070,38020,0.31746449237243557
27,204,8690,72310,0.12017701562716084
27,205,7690,29110,0.26417038818275507
27,210,13140,42150,0.3117437722419929
27,212,35540,134100,0.2650260999254288
27,213,790,71550,0.011041229909154437
27,214,14220,206550,0.06884531590413943
27,218,29910,41200,0.7259708737864078
27,220,13830,25190,0.5490273918221517
27,221,23620,24720,0.9555016181229773
27,227,10220,32730,0.3122517567980446
27,228,14340,26770,0.5356742622338438
27,230,18950,35100,0.5398860398860399
27,231,6470,44510,0.1453605931251404
27,234,17020,35150,0.4842105263157895
27,235,1120,9320,0.12017167381974249
27,238,26450,53660,0.49291837495341034
27,240,1830,3540,0.5169491525423728
27,243,24230,47580,0.5092475830180748
27,244,14240,77190,0.1844798549034849
27,247,1620,3510,0.46153846153846156
27,251,75280,97890,0.7690264582694861
27,253,34690,37960,0.9138566912539515
27,254,19550,26310,0.7430634739642722
27,257,20300,23610,0.8598051673019906
27,259,7540,42590,0.1770368631134069
27,262,6850,43500,0.15747126436781608
27,263,33410,180410,0.1851892910592539
27,265,53950,189020,0.28541953232462175
27,266,4990,40120,0.12437686939182453
27,268,6600,43390,0.1521087808250749
27,270,12880,36960,0.3484848484848485
27,271,25240,39360,0.641260162601626
27,273,150,3660,0.040983606557377046
27,282,28740,35530,0.8088938924852238
27,283,1410,27210,0.05181918412348401
27,285,1960,43130,0.04544400649200093
27,301,15610,41850,0.3729988052568698
27,305,1790,49910,0.03586455620116209
27,308,7260,44750,0.16223463687150838
27,310,38900,106920,0.36382341937897494
27,320,2110,29010,0.072733540158566
27,323,9420,30790,0.30594348814550176
27,327,2610,46500,0.056129032258064517
27,328,6090,44310,0.13744075829383887
27,333,9490,31930,0.29721265267773256
27,336,4030,44130,0.09132109675957399
27,337,5690,45360,0.1254409171075838
27,340,15930,43230,0.3684941013185288
27,344,13380,25100,0.5330677290836653
27,350,2640,3300,0.8
27,354,19040,28350,0.671604938271605
27,355,8640,30930,0.2793404461687682
27,359,4660,44290,0.10521562429442312
27,363,350,43970,0.007959972708665
27,365,18300,42570,0.4298801973220578
27,366,12720,39350,0.3232528589580686
27,367,720,43730,0.016464669563228906
27,372,2890,56430,0.051213893319156475
27,373,23910,42010,0.5691502023327779
27,374,26170,41890,0.6247314394843638
27,377,10050,43560,0.23071625344352617
27,381,22800,34520,0.660486674391657
27,384,28050,68120,0.4117733411626541
27,391,29770,46450,0.6409041980624327
27,392,13770,51460,0.267586474931986
28,206,2350,38300,0.06135770234986945
29,52,31550,56200,0.5613879003558719
29,59,4110,15840,0.25946969696969696
29,61,42290,74880,0.5647702991452992
29,62,18840,35380,0.532504239683437
29,63,27260,37740,0.7223105458399576
29,71,21930,76870,0.2852868479250683
29,83,12540,54710,0.22920855419484554
29,85,43180,72690,0.5940294400880451
29,132,24690,55960,0.44120800571837027
29,168,28400,57020,0.4980708523325149
29,212,27800,57170,0.4862690222144481
29,213,28180,56960,0.49473314606741575
29,220,15120,27520,0.5494186046511628
29,238,19050,61180,0.3113762667538411
29,481,23520,51190,0.45946473920687636
29,605,105940,269570,0.3929962532922803
29,607,50740,87920,0.577115559599636
29,635,29060,29590,0.9820885434268334
29,672,5190,15760,0.3293147208121827
29,676,7460,26550,0.2809792843691149
29,680,35700,74500,0.4791946308724832
30,119,11470,36580,0.3135593220338983
30,142,12560,36600,0.34316939890710385
30,152,14380,20340,0.7069813176007866
30,177,10070,20490,0.4914592484138604
30,188,9240,38300,0.2412532637075718
30,199,22200,52020,0.42675893886966554
30,222,13170,35610,0.36983993260320136
30,271,14880,19840,0.75
30,287,28240,34810,0.8112611318586613
30,301,25620,36040,0.7108768035516093
30,324,19460,35550,0.5473980309423347
30,339,10990,38350,0.2865710560625815
30,390,5330,37970,0.1403739794574664
30,404,21080,34910,0.6038384417072472
30,417,26890,32790,0.8200670936261055
31,33,290,28290,0.010250972074938141
31,58,7210,64080,0.11251560549313358
31,59,13180,60740,0.21699045110306223
31,143,12570,55810,0.22522845368213582
31,451,11410,39780,0.28682755153343387
31,499,4960,22820,0.21735319894829097
31,505,10080,26660,0.37809452363090773
31,543,14390,73630,0.19543664267282357
31,546,35780,71670,0.49923259383284496
31,554,26750,63290,0.42265760783694106
31,555,30020,66070,0.45436658089904647
31,622,16040,24050,0.666943866943867
31,634,105920,172280,0.6148130949616902
31,657,111480,186370,0.5981649407093417
32,37,66820,115580,0.5781277037549749
32,43,42160,74150,0.5685772083614296
32,44,18310,80790,0.22663696001980443
32,68,58220,76090,0.765146536995663
32,82,11360,25680,0.4423676012461059
32,85,50620,68340,0.7407082235879426
32,86,50650,69260,0.7313023390124169
32,89,78760,96410,0.816927704594959
32,90,100410,333240,0.30131436802304645
32,92,158670,274460,0.5781170298039787
32,127,103270,119600,0.8634615384615385
32,128,121130,215940,0.5609428544966194
32,162,31990,96360,0.33198422581984227
32,163,27770,36040,0.7705327413984462
32,177,129290,144550,0.8944309927360775
32,178,118080,175930,0.6711760359233786
32,273,27600,35340,0.7809847198641766
32,317,48780,54710,0.8916103089014805
32,318,47080,52700,0.893358633776091
32,321,37070,103290,0.3588924387646432
32,322,39860,94840,0.42028679881906367
32,385,272820,286010,0.9538827313730289
32,386,39630,51150,0.7747800586510264
32,388,159220,246900,0.6448764682057513
32,446,33970,102140,0.3325827295868416
32,447,51490,92260,0.5580966832863646
32,482,21770,50220,0.4334926324173636
32,495,18050,31570,0.5717453278428888
32,496,24060,31160,0.7721437740693197
32,506,162760,209840,0.7756385817765917
32,509,85180,244020,0.34906974838128024
32,511,83160,88240,0.942429737080689
32,522,4030,7350,0.5482993197278911
32,533,1980,26990,0.07336050389032975
33,13,3350,26650,0.12570356472795496
33,28,2210,9910,0.22300706357214933
33,39,21340,91810,0.23243655375231456
33,41,12650,39830,0.3175997991463721
33,44,800,17830,0.044868199663488505
33,51,990,36720,0.02696078431372549
33,55,30710,266110,0.11540340460711736
33,118,2830,22070,0.12822836429542364
33,119,10950,18490,0.5922120064899946
33,155,2850,9930,0.28700906344410876
33,199,9990,51030,0.19576719576719576
33,200,1950,31490,0.0619244204509368
33,216,3880,9610,0.4037460978147763
33,281,40,37650,0.0010624169986719787
33,282,940,9910,0.09485368314833502
33,337,4100,18220,0.22502744237102085
33,340,7680,45950,0.16713819368879215
33,341,250,181310,0.0013788538966411118
33,342,18150,156180,0.11621206300422589
33,352,1540,21650,0.07113163972286374
33,381,790,20440,0.038649706457925634
33,451,1540,10200,0.15098039215686274
33,453,3080,9160,0.33624454148471616
34,8,36010,119010,0.30257961515839005
34,9,19730,135450,0.14566260612772242
34,11,7110,59370,0.11975745325922182
34,15,12310,71660,0.17178342171364777
34,16,1740,32000,0.054375
34,24,4510,12010,0.3755203996669442
34,27,580,19990,0.029014507253626812
34,28,1760,12480,0.14102564102564102
34,29,1250,41860,0.029861442904921164
34,30,570,12950,0.044015444015444015
34,35,5580,20610,0.27074235807860264
34,42,16070,142980,0.11239334172611554
34,43,31200,120450,0.2590286425902864
34,51,630,34890,0.018056749785038694
34,52,1450,13100,0.11068702290076336
34,53,3340,10880,0.3069852941176471
34,54,2810,12270,0.22901385493072535
34,55,4630,33070,0.1400060477774418
34,56,180,13790,0.01305293691080493
34,58,1820,18190,0.1000549752611325
34,59,7030,11700,0.6008547008547008
34,61,3050,19780,0.15419615773508594
34,76,4140,16590,0.24954792043399637
34,77,4350,11930,0.36462699077954736
34,84,540,11310,0.04774535809018567
34,88,2480,110270,0.022490251201596083
34,91,7000,62460,0.11207172590457894
34,94,290,12660,0.022906793048973143
34,98,2260,12670,0.17837411207576953
34,101,11570,139920,0.08269010863350486
34,102,15830,59020,0.26821416468993564
34,107,3320,12380,0.2681744749596123
34,112,6690,22250,0.30067415730337077
34,119,4840,11890,0.40706476030277544
34,120,370,23390,0.01581872595126122
34,121,8090,11820,0.6844331641285956
34,136,180,20100,0.008955223880597015
34,138,1500,12570,0.11933174224343675
34,142,3170,12470,0.25421010425020046
34,143,1530,29680,0.051549865229110516
34,159,6430,11960,0.5376254180602007
34,161,5240,11870,0.44144903117101936
34,163,1260,13990,0.09006433166547534
34,165,2240,36880,0.06073752711496746
34,166,7810,15490,0.5041962556488057
34,180,27150,51240,0.5298594847775175
34,181,4060,10890,0.37281910009182734
34,182,5130,21140,0.24266792809839166
34,195,2750,12560,0.21894904458598727
34,201,2450,12290,0.19934906427990237
34,202,3970,10980,0.36156648451730417
34,220,4250,19170,0.22170057381324987
34,221,390,11670,0.033419023136246784
34,224,360,11210,0.032114183764495985
34,239,630,11160,0.056451612903225805
34,242,560,11560,0.04844290657439446
34,243,3100,23790,0.13030685161832703
34,245,6660,19810,0.33619384149419484
34,247,3410,12310,0.2770105605199025
34,248,530,11230,0.04719501335707925
34,249,4050,11920,0.33976510067114096
34,252,1880,10920,0.17216117216117216
34,263,620,12020,0.051580698835274545
34,268,1550,19100,0.08115183246073299
34,270,650,12600,0.051587301587301584
34,307,10020,26330,0.38055450056969237
34,310,14050,34280,0.4098599766627771
34,371,10900,24980,0.4363490792634107
34,373,10170,25630,0.39680062426843543
35,3,6000,18730,0.3203416978109984
35,11,7530,38150,0.19737876802096985
35,26,4140,21830,0.1896472743930371
35,37,12290,21000,0.5852380952380952
35,38,8830,28030,0.31501962183374954
35,43,13820,34560,0.39988425925925924
35,53,19890,50500,0.3938613861386139
35,67,13330,18190,0.7328202308960967
35,70,3700,12850,0.28793774319066145
35,84,15600,25290,0.6168446026097272
35,88,8350,27440,0.3043002915451895
35,89,20340,33690,0.603739982190561
35,98,8360,12870,0.6495726495726496
35,107,14640,16870,0.8678126852400712
35,118,13120,21060,0.6229819563152896
35,125,22580,50220,0.44962166467542813
35,129,26890,50120,0.536512370311253
35,130,8610,18400,0.46793478260869564
35,133,6170,37380,0.16506153023006956
35,138,12070,18070,0.6679579413392362
35,139,26850,32770,0.8193469636862984
35,147,18140,33630,0.5393993458221826
35,148,12880,22860,0.5634295713035871
35,158,9130,18410,0.4959261271048343
35,163,15530,35260,0.44044242768009073
35,172,11730,17800,0.6589887640449438
35,176,22850,49620,0.46049979846835953
35,179,3090,32390,0.09539981475764124
35,182,70,30700,0.002280130293159609
35,185,22430,33890,0.6618471525523754
35,202,23710,33360,0.7107314148681055
35,215,26340,48390,0.5443273403595784
35,224,17110,51420,0.33274990276157135
35,233,11590,18610,0.6227834497581946
35,234,19540,58320,0.3350480109739369
35,242,16080,17450,0.9214899713467049
35,243,12670,35210,0.35984095427435386
35,253,16480,33940,0.48556275780789626
35,258,23960,74580,0.3212657548940735
35,260,28080,62290,0.4507946700915075
35,266,2160,31530,0.06850618458610847
35,272,19710,26090,0.7554618627826754
35,277,28170,55960,0.5033952823445318
35,282,19190,33930,0.5655761862658414
35,287,19680,31820,0.6184789440603394
35,289,29510,62440,0.47261370916079437
35,292,19730,63500,0.31070866141732284
35,300,20310,33260,0.610643415514131
35,309,28330,31330,0.9042451324609001
35,310,14600,17220,0.8478513356562137
35,315,23400,50140,0.46669325887514956
35,322,14850,34000,0.43676470588235294
35,333,16130,23180,0.6958584987057809
35,335,47430,64390,0.7366050628979656
35,336,22340,32320,0.6912128712871287
35,351,4980,18100,0.2751381215469613
35,352,784680,999620,0.7849782917508653
35,363,329360,1025630,0.32112945214161054
35,365,160220,289330,0.5537621401168217
35,370,1480,36160,0.04092920353982301
35,373,12680,35380,0.3583945732052007
35,380,23260,51460,0.45200155460551883
35,385,6810,27370,0.24881256850566313
35,390,21610,32850,0.6578386605783866
35,391,10610,31030,0.3419271672574927
35,396,16690,20660,0.8078412391093901
35,398,3170,48250,0.06569948186528497
35,399,16680,47730,0.34946574481458204
35,409,10110,36290,0.2785891430146046
35,410,9200,22140,0.41553748870822044
35,414,7430,11500,0.6460869565217391
35,416,24100,33060,0.7289776164549304
35,433,2310,32510,0.07105505998154414
35,434,26830,32110,0.8355652444721271
35,436,19640,44240,0.44394213381555153
35,437,20680,42940,0.4816022356776898
35,443,29680,31450,0.9437201907790143
35,448,13340,46410,0.2874380521439345
35,458,9130,73600,0.12404891304347826
35,460,23450,34550,0.678726483357453
35,470,12270,65000,0.18876923076923077
35,476,6060,59120,0.10250338294993235
35,477,27300,41030,0.6653668047769924
35,479,22270,48700,0.4572895277207392
35,480,21050,63420,0.3319142226426995
35,481,34790,48640,0.7152549342105263
35,487,12600,60840,0.20710059171597633
35,490,21870,55140,0.39662676822633297
35,493,1010,19230,0.05252210088403536
35,498,10920,39210,0.27850038255547055
35,502,24200,32850,0.7366818873668188
35,514,12500,45160,0.27679362267493357
35,516,5200,24160,0.2152317880794702
35,522,21730,52120,0.41692248656945513
35,523,22470,33520,0.670346062052506
35,525,24770,32830,0.7544928419128846
35,526,680,19480,0.03490759753593429
35,529,27390,32380,0.845892526250772
35,530,11930,45350,0.2630650496141125
35,531,11960,46260,0.25853869433635973
35,547,5030,46370,0.10847530731076127
35,548,15840,46330,0.3418951003669329
35,554,25330,32510,0.7791448784989234
35,555,9870,45230,0.21821799690470928
35,556,18990,44280,0.42886178861788615
35,562,39830,65160,0.6112645794966237
35,565,12860,53470,0.24050869646530765
35,583,7490,18280,0.4097374179431072
35,590,3550,21100,0.16824644549763032
35,594,17190,34380,0.5
35,595,8530,18510,0.46083198271204756
35,603,38320,47670,0.8038598699391651
35,604,23920,33320,0.7178871548619448
35,605,6320,36850,0.17150610583446405
35,607,28940,31830,0.9092051523719761
35,610,14740,17180,0.8579743888242142
35,616,25390,30020,0.845769487008661
35,619,17890,49830,0.3590206702789484
35,621,16930,41150,0.4114216281895504
35,624,7690,47530,0.16179255207237533
35,625,23050,44380,0.5193780982424515
35,632,36150,67040,0.5392303102625299
35,643,16020,31060,0.5157759175788796
35,646,14630,35590,0.41107052542849115
35,648,22480,42200,0.5327014218009478
35,650,6500,23840,0.2726510067114094
36,305,18580,35460,0.523970671178793
37,9,2850,63210,0.045087802562885616
37,10,16410,56630,0.28977573724174466
37,14,7710,53990,0.14280422300426004
37,24,23810,50980,0.46704590035307963
37,26,16840,56260,0.2993245645218628
37,29,14630,43380,0.3372521899492854
37,31,28590,40360,0.708374628344896
37,35,7320,43100,0.16983758700696056
37,37,12560,69170,0.181581610524794
37,39,20450,41210,0.49623877699587476
37,42,9700,70790,0.13702500353157226
37,50,27130,52140,0.5203298810893747
37,53,23800,55670,0.42751931022094486
37,56,13550,34910,0.38814093382984816
37,57,3860,43780,0.08816811329374144
37,63,17940,44790,0.40053583389149366
37,64,22650,83700,0.27060931899641577
37,67,18710,39570,0.4728329542582765
37,70,23200,56220,0.4126645321949484
37,72,4670,45670,0.10225530983139917
37,74,29980,54800,0.5470802919708029
37,75,900,9030,0.09966777408637874
37,77,2800,73220,0.03824091778202677
37,80,20760,55670,0.37291180168852167
37,107,110,58510,0.0018800205093146471
37,116,300,30320,0.009894459102902375
37,118,3700,18760,0.19722814498933902
37,151,670,29390,0.02279686968356584
37,158,1200,59240,0.02025658338960162
37,159,5400,48120,0.11221945137157108
37,220,4510,23320,0.19339622641509435
37,221,5500,30450,0.180623973727422
37,242,4790,32860,0.14576993304930005
37,244,37700,100960,0.37341521394611726
37,245,42490,108600,0.3912523020257827
37,247,24000,138740,0.17298544039210034
37,248,1450,46780,0.030996152201795638
37,256,53770,68000,0.7907352941176471
37,260,38350,123800,0.30977382875605813
37,267,40920,125050,0.32722910835665736
37,272,69330,113400,0.6113756613756614
37,341,18920,45780,0.4132809086937527
37,342,140,9540,0.014675052410901468
37,348,14760,45860,0.3218491059747056
37,372,340,36370,0.009348364036293648
37,374,7370,43910,0.16784331587337736
38,3,5330,42210,0.12627339493011136
38,4,30010,57890,0.5183969597512523
38,8,33160,41300,0.802905569007264
38,12,28450,38950,0.730423620025674
38,17,41380,50600,0.8177865612648222
38,18,22220,38960,0.5703285420944558
38,23,40280,49150,0.8195320447609359
38,24,23100,38730,0.5964368706429125
38,56,23660,41140,0.5751093825960136
38,57,31940,69690,0.458315396757067
38,90,59510,73590,0.8086696562032885
38,91,18280,50720,0.36041009463722395
38,99,31290,85680,0.36519607843137253
38,100,34230,42320,0.8088374291115312
38,103,3030,87600,0.03458904109589041
38,104,9340,15880,0.5881612090680101
38,107,16320,86110,0.18952502612936942
38,108,43420,68990,0.6293665748659226
38,109,4190,28070,0.14926968293551834
38,111,39030,71430,0.5464090718185636
38,117,46470,70240,0.6615888382687927
38,121,32740,74410,0.4399946243784438
38,122,48570,67080,0.7240608228980322
38,127,160,18780,0.008519701810436636
38,128,6160,16290,0.37814610190300796
38,134,7220,10620,0.67984934086629
38,140,11020,20310,0.5425898572131955
38,144,141870,637500,0.22254117647058824
38,146,42620,72500,0.5878620689655173
38,147,10030,54180,0.18512366186784793
38,151,32770,39560,0.8283619817997978
38,152,34450,40920,0.8418866080156403
38,155,22120,44180,0.5006790402897239
38,156,30650,43320,0.7075253924284395
38,160,523330,544000,0.9620036764705883
38,161,22300,25440,0.8765723270440252
38,164,13540,14920,0.9075067024128687
38,165,11280,32520,0.34686346863468637
38,167,11390,20010,0.5692153923038481
38,180,44260,81140,0.5454769534138526
38,181,32540,42280,0.7696310312204352
38,183,26080,31530,0.8271487472248652
38,189,13330,14890,0.8952316991269308
38,196,13630,19730,0.6908261530663964
38,199,11540,14390,0.8019457956914524
38,201,13620,17500,0.7782857142857142
38,203,7290,18820,0.3873538788522848
38,204,19580,26470,0.7397053267850396
38,206,7280,32230,0.22587651256593236
38,209,38050,40500,0.9395061728395062
38,210,6080,15920,0.38190954773869346
38,212,26740,31120,0.859254498714653
38,213,8460,33840,0.25
38,220,2080,18670,0.11140867702196036
38,221,11160,15600,0.7153846153846154
38,224,27030,30980,0.8724983860555197
38,227,16720,27350,0.6113345521023766
38,228,10650,13910,0.7656362329259525
38,229,1050,11520,0.09114583333333333
38,230,12550,28300,0.44346289752650175
38,232,43780,219610,0.19935339920768635
38,234,16290,17990,0.90550305725403
38,246,11190,15900,0.7037735849056603
38,248,3390,19230,0.17628705148205928
38,249,210,18680,0.011241970021413276
38,252,2540,19010,0.13361388742766964
38,253,11090,15520,0.7145618556701031
38,256,21690,44000,0.4929545454545455
38,257,26440,64040,0.41286695815115554
38,260,38460,71000,0.5416901408450704
38,261,57410,62200,0.9229903536977492
38,269,12150,50170,0.24217659956149093
38,270,5590,16290,0.34315531000613875
38,282,12640,47040,0.2687074829931973
38,294,1920,3480,0.5517241379310345
38,296,17680,45720,0.3867016622922135
38,300,7440,18900,0.39365079365079364
38,301,5250,21510,0.24407252440725244
38,302,41650,51360,0.8109423676012462
38,310,10680,54770,0.1949972612744203
38,311,13270,15230,0.871306631648063
38,314,9530,31770,0.29996852376455774
38,316,26570,47880,0.5549289891395155
38,321,1190,3540,0.3361581920903955
38,324,2510,3360,0.7470238095238095
38,333,12440,54660,0.22758873033296745
38,353,12000,17830,0.6730229949523275
38,363,24830,32030,0.7752107399313144
38,364,2880,9010,0.3196448390677026
38,365,4000,57330,0.06977149834292691
38,367,5640,16400,0.3439024390243902
38,370,2790,49570,0.056284042767803105
38,371,21870,36080,0.6061529933481153
38,372,20750,44670,0.4645175733154242
38,373,13900,15260,0.9108781127129751
38,384,22980,46400,0.49525862068965515
38,387,9990,15450,0.6466019417475728
38,396,4770,21840,0.2184065934065934
38,398,14560,45190,0.322195175923877
38,399,16450,36960,0.44507575757575757
38,402,15740,15740,1.0
38,406,12810,20530,0.6239649293716513
38,410,5320,58570,0.09083148369472425
38,411,10050,31100,0.32315112540192925
38,413,12900,17770,0.7259425998874508
38,414,16150,26930,0.5997029335313776
38,415,8350,15300,0.545751633986928
38,416,24930,46230,0.5392602206359507
38,417,10090,15870,0.6357908002520479
38,418,14520,17290,0.8397917871602082
38,421,14200,46470,0.3055734882720034
38,423,52200,60990,0.8558780127889818
38,424,3220,51910,0.06203043729531882
38,430,17180,52980,0.3242733106832767
38,433,23490,35880,0.6546822742474916
38,439,17010,46070,0.36922075103103974
38,441,5550,8760,0.6335616438356164
38,442,10780,17990,0.5992217898832685
38,444,5770,50000,0.1154
38,445,13090,121380,0.10784313725490197
38,446,4590,21620,0.21230342275670674
38,448,2340,22650,0.10331125827814569
38,455,9560,33900,0.2820058997050148
38,456,18290,32150,0.568895800933126
38,460,21230,67560,0.31423919478981643
38,465,20780,42900,0.48438228438228437
38,468,6590,18170,0.36268574573472756
38,479,14410,37080,0.38861920172599784
38,481,8010,21870,0.3662551440329218
38,484,12480,14560,0.8571428571428571
38,489,3730,34840,0.10706084959816303
38,490,12320,34180,0.3604447045055588
38,491,23710,42890,0.5528095127069247
38,492,21440,31750,0.6752755905511811
38,495,18550,46340,0.4003021148036254
38,496,26720,29210,0.9147552208147894
38,497,10070,10940,0.9204753199268738
38,499,30570,44850,0.6816053511705685
38,500,12390,17400,0.7120689655172414
38,502,24620,28680,0.8584379358437936
38,507,17850,32820,0.5438756855575868
38,510,31390,60070,0.5225570168137174
39,26,2510,58940,0.04258568035290126
39,34,13530,62940,0.2149666348903718
39,38,26260,98840,0.2656819101578308
39,40,3300,15010,0.21985343104596936
39,53,2190,77490,0.028261711188540456
39,86,1370,65600,0.020884146341463416
39,87,13480,61550,0.2190089358245329
39,94,7340,56390,0.13016492285866288
39,95,10200,32840,0.3105968331303289
39,96,21770,33660,0.6467617349970292
39,99,2320,21150,0.10969267139479906
39,111,9570,20980,0.4561487130600572
39,112,8680,16720,0.5191387559808612
39,157,6290,34330,0.18322167200699097
39,163,1320,36720,0.03594771241830065
39,167,410,44250,0.009265536723163843
39,190,6320,16480,0.38349514563106796
39,220,28760,110730,0.25973087690779373
39,237,7630,26230,0.2908882958444529
39,308,15750,40030,0.3934549088183862
39,309,51400,148160,0.3469222462203024
39,310,4380,16770,0.26118067978533094
39,335,5960,40130,0.14851731871417892
39,353,3190,10770,0.29619312906220985
40,10,235800,372980,0.6322054801866052
40,13,210680,324850,0.6485454825303987
40,17,7240,56710,0.12766707811673425
40,26,97520,148100,0.6584740040513167
40,28,100050,143950,0.6950329975686003
40,34,11530,44370,0.25986026594545863
40,40,30720,210400,0.14600760456273765
40,41,29490,34510,0.854534917415242
40,44,72450,194440,0.3726085167660975
40,70,160760,448810,0.35819166239611416
40,78,318380,406760,0.7827219982299144
40,80,474570,556620,0.8525924328985663
40,93,40090,64730,0.6193418816622895
40,95,129900,144410,0.8995221937538952
40,96,177410,234780,0.7556435812249765
40,101,2350,8400,0.27976190476190477
40,102,48220,65320,0.7382118799755052
40,103,523090,633620,0.8255579053691487
40,122,69850,253360,0.27569466371960843
40,123,98390,176230,0.5583044884525904
40,132,61200,158930,0.38507519033536775
40,133,96190,144080,0.6676152137701277
40,137,146890,202590,0.7250604669529592
40,153,157710,197660,0.797885257512901
40,159,52910,112830,0.46893556678188425
40,160,64700,196010,0.3300851997347074
40,161,63740,158920,0.4010823055625472
40,171,44810,167760,0.2671077730090606
40,172,102430,143570,0.7134498850734833
40,203,7040,127190,0.05535026338548628
40,207,103470,136940,0.7555863881992113
40,221,26950,63050,0.4274385408406027
40,223,30450,84900,0.3586572438162544
40,235,64150,214180,0.2995144271173779
40,250,98360,149070,0.6598242436439257
40,252,86010,147380,0.5835934319446329
40,255,161320,205740,0.7840964323903956
40,256,161590,192930,0.8375576634012336
40,279,14620,58130,0.25150524686048514
40,290,20500,48930,0.41896586960964644
40,297,90610,151930,0.596393075758573
40,298,88590,148100,0.5981769074949359
40,299,54130,94470,0.5729861331639674
40,301,99020,144060,0.687352492017215
40,338,23530,52760,0.44598180439727064
40,339,23430,68860,0.3402555910543131
40,366,410520,455450,0.901350312877374
40,371,453180,587810,0.7709634065429305
40,376,8530,61270,0.13921984658070835
40,377,6160,49890,0.123471637602726
40,412,2090,58190,0.035916824196597356
40,413,27940,65890,0.4240400667779633
41,1,530,221480,0.002392992595268196
41,25,6600,20280,0.3254437869822485
41,27,4930,47030,0.10482670635764406
41,44,2490,81450,0.030570902394106814
41,46,19940,85380,0.2335441555399391
41,56,1200,16920,0.07092198581560284
41,62,12470,47000,0.2653191489361702
41,63,1700,39110,0.04346714395295321
41,65,5680,46550,0.12201933404940923
41,89,4480,16030,0.2794759825327511
41,91,2180,39400,0.05532994923857868
41,95,7870,38650,0.2036222509702458
41,102,2070,39620,0.05224634023220596
41,105,10090,39750,0.25383647798742137
41,115,4790,23050,0.20780911062906723
41,149,9310,44300,0.21015801354401806
41,157,15060,38780,0.38834450747808147
41,158,12310,43760,0.2813071297989031
41,159,14350,38800,0.3698453608247423
41,160,6230,46390,0.1342961845225264
41,162,3270,16530,0.19782214156079855
41,163,3310,16860,0.1963226571767497
41,184,15010,38200,0.39293193717277486
41,191,18700,59450,0.31455004205214465
41,202,16390,43210,0.3793103448275862
41,209,12060,28340,0.4255469301340861
41,275,22920,44290,0.5174983066154888
41,330,41000,111110,0.36900369003690037
41,362,21780,200520,0.10861759425493717
41,368,11600,38730,0.2995094242189517
41,460,8720,38880,0.2242798353909465
