Event,Driver,Trip,Starttime,Endtime
19999,103,99,16940,30790
20000,103,99,52430,52580
20001,103,99,54550,54620
20002,103,99,60350,61150
20003,103,102,37790,44860
20004,103,102,45960,59060
20005,103,102,71290,71330
20006,103,102,72440,83300
20007,103,104,17770,29340
20008,103,104,30670,31350
20009,103,104,43170,47740
20010,103,104,51460,74450
20011,103,104,77360,81420
20012,103,104,116330,118790
20013,103,104,124230,127410
20014,103,104,129910,135030
20015,103,106,78490,78790
20016,103,106,82510,84950
20017,103,106,87280,87570
20018,103,106,92180,106370
20019,103,112,77890,89200
20020,103,112,90930,93430
20021,103,112,94620,103150
20022,103,112,108640,110550
20023,103,112,115940,120080
20024,103,113,21440,21520
20025,103,113,25950,30720
20026,103,113,61070,62670
20027,103,114,73700,87240
20028,103,114,90800,91430
20029,103,114,93740,97290
20030,103,114,105340,108270
20031,103,114,110330,115220
20032,103,114,117910,120070
20033,103,118,152700,153220
20034,103,118,287720,300780
20035,103,118,302000,302430
20036,103,118,317860,319890
20037,103,118,326630,330610
20038,103,118,334230,334820
20039,103,120,95830,103490
20040,103,127,39540,42830
20041,103,128,9240,9250
20042,103,128,10580,17370
20043,103,128,23940,36690
20044,103,130,21670,25280
20045,103,130,26360,33870
20046,103,130,54050,55220
20047,103,130,59190,66660
20048,103,136,14810,15890
20049,103,136,19160,19460
20050,103,136,23640,24330
20051,103,136,32440,35310
20052,103,136,36580,38390
20053,103,136,48820,49190
20054,103,136,51930,52900
20055,103,139,44100,47070
20056,103,139,55560,72070
20057,103,139,74160,76100
20058,103,144,18460,31990
20059,103,144,47340,47340
20060,103,147,73320,77840
20061,103,147,78970,90760
20062,103,147,96840,98720
20063,103,147,104700,111340
20064,103,150,9030,25720
20065,103,150,34900,37260
20066,103,150,50560,51080
20067,103,150,52190,58690
20068,103,151,180740,187690
20069,103,153,46600,46940
20070,103,157,34890,43880
20071,103,157,45860,57230
20072,103,157,65940,73860
20073,103,157,76530,79920
20074,103,158,25180,29300
20075,103,158,34690,34920
20076,103,158,45050,45330
20077,103,158,47030,47750
20078,103,158,50670,55620
20079,103,158,56780,63070
20080,103,158,67000,68200
20081,103,160,92630,93060
20082,103,160,94260,101050
20083,103,160,102700,110660
20084,103,160,120370,120710
20085,103,160,122710,123800
20086,103,160,125740,126690
20087,103,160,422690,423910
20088,103,160,430410,430860
20089,103,160,451750,452850
20090,103,160,459190,460280
20091,103,165,47060,53470
20092,103,165,60120,62100
20093,103,165,67780,69210
20094,103,166,14870,17860
20095,103,166,18860,22380
20096,103,166,27160,38730
20097,103,166,40470,68770
20098,103,166,72440,72740
20099,103,166,91590,91900
20100,103,166,156850,156860
20101,103,166,158090,165820
20102,103,166,177270,183010
20103,103,166,184410,195590
20104,103,166,197790,226360
20105,103,166,237140,250570
20106,103,170,27440,37970
20107,103,170,39580,42290
20108,103,170,52590,55910
20109,103,170,72260,75890
20110,103,174,91410,100430
20111,103,174,103460,111580
20112,103,174,116170,117770
20113,103,174,132810,137660
20114,104,1,34940,35920
20115,104,1,45770,60310
20116,104,1,62820,76710
20117,104,1,77840,80940
20118,104,1,84060,86670
20119,104,11,76880,96260
20120,104,11,98010,98480
20121,104,11,101420,105140
20122,104,13,47860,48900
20123,104,13,71910,107450
20124,104,14,55360,58220
20125,104,16,10070,15100
20126,104,16,17140,20950
20127,104,16,22690,26810
20128,104,16,30050,35120
20129,104,16,36800,37660
20130,104,19,174750,176450
20131,104,19,178660,184400
20132,104,19,195050,201010
20133,104,19,210230,211340
20134,104,19,216810,224210
20135,104,19,240820,246480
20136,104,19,255310,256990
20137,104,19,260020,262090
20138,104,19,264370,269900
20139,104,20,59530,62440
20140,104,20,70830,72270
20141,104,20,78250,93380
20142,104,20,94540,98760
20143,104,20,103040,103160
20144,104,20,104350,106210
20145,104,20,116410,167480
20146,104,20,169810,170620
20147,104,32,110790,153910
20148,104,37,166610,169530
20149,104,37,171960,178610
20150,104,37,188340,196650
20151,104,39,80420,81600
20152,104,39,82790,86130
20153,104,42,30990,59880
20154,104,42,62360,62990
20155,104,42,71290,84730
20156,104,42,85880,88230
20157,104,42,92650,92970
20158,104,42,97780,101040
20159,104,47,23830,48400
20160,104,47,49700,51640
20161,104,47,54590,54960
20162,104,47,56220,59820
20163,104,47,62940,67800
20164,104,48,74110,78970
20165,104,48,80280,94530
20166,104,48,95980,96060
20167,104,48,100320,116420
20168,104,49,27600,30550
20169,104,49,34040,61320
20170,104,49,68800,71860
20171,104,49,74550,75620
20172,104,49,77650,80410
20173,104,50,75550,103980
20174,104,59,30710,31240
20175,104,59,40980,43430
20176,104,59,46630,57300
20177,104,60,23970,24780
20178,104,60,27510,35250
20179,104,60,37230,54230
20180,104,61,14120,16520
20181,104,61,31150,36410
20182,104,61,37600,38380
20183,104,61,40780,41620
20184,104,61,85860,89790
20185,104,61,92140,94410
20186,104,61,97170,100090
20187,104,69,15450,22980
20188,104,75,42810,51760
20189,104,75,53000,54020
20190,104,75,60910,61070
20191,104,75,64050,71930
20192,104,75,74360,75610
20193,104,75,87980,89390
20194,104,84,28840,53670
20195,104,84,55070,59800
20196,104,84,75960,79070
20197,104,84,81380,83380
20198,104,84,85560,85870
20199,104,84,88530,89280
20200,104,84,99270,99850
20201,104,87,37790,38490
20202,104,87,39730,54970
20203,104,87,57110,71570
20204,104,101,69310,71030
20205,104,101,73200,79320
20206,104,101,80340,87470
20207,104,101,90320,92640
20208,104,101,93660,109760
20209,104,102,25480,37670
20210,104,102,38890,49610
20211,104,102,59850,64850
20212,104,104,32580,38930
20213,104,104,40320,44040
20214,104,104,45500,58310
20215,104,104,60510,61700
20216,104,114,58850,67150
20217,104,114,89980,90580
20218,104,114,100370,104060
20219,104,114,105470,117270
20220,104,114,118720,119360
20221,104,114,124550,138630
20222,104,114,148750,159460
20223,104,115,21270,64810
20224,104,128,134070,148040
20225,104,128,149450,151170
20226,104,128,154490,174310
20227,104,128,180910,186590
20228,104,128,193160,193540
20229,104,129,52690,53050
20230,104,129,78630,79010
20231,104,129,83020,84360
20232,104,129,92480,95250
20233,104,129,126720,127080
20234,104,129,139600,140120
20235,104,129,141630,176210
20236,104,129,180740,181520
20237,104,131,27610,32160
20238,104,131,33870,51730
20239,104,131,58970,59870
20240,104,131,61690,78050
20241,104,132,62220,64760
20242,104,132,67140,78320
20243,104,132,81180,85590
20244,104,132,87700,107320
20245,104,133,28840,30400
20246,104,133,34900,43300
20247,104,133,51140,54360
20248,104,134,26490,34220
20249,104,134,40650,41230
20250,104,134,46020,51510
20251,104,134,53500,54810
20252,104,134,57410,76930
20253,104,134,80740,80910
20254,104,134,85510,85870
20255,104,134,89830,93830
20256,104,134,103170,105510
20257,104,134,107550,111940
20258,104,134,114490,114730
20259,104,134,121090,121750
20260,104,134,125080,126260
20261,104,134,133260,138680
20262,104,134,141020,150030
20263,104,134,159800,160610
20264,104,134,161780,170330
20265,104,134,171910,202830
20266,104,134,203860,204720
20267,104,135,33530,37430
20268,104,135,66740,67270
20269,104,135,73040,73440
20270,104,135,88060,94820
20271,104,135,105070,109080
20272,104,135,110630,111080
20273,104,135,113340,114270
20274,104,135,116970,149090
20275,104,135,155180,160930
20276,104,135,165070,174410
20277,104,135,176500,183590
20278,104,135,185470,188240
20279,104,135,192500,207700
20280,104,135,208830,209050
20281,104,135,213780,214210
20282,104,135,219190,219930
20283,104,135,229600,240130
20284,104,135,241370,246710
20285,104,135,251460,255330
20286,104,135,257830,262540
20287,104,145,26490,29490
20288,104,145,59640,59700
20289,104,145,79960,84090
20290,104,145,110470,132260
20291,104,145,133670,137910
20292,104,145,140830,145040
20293,104,145,146600,148250
20294,104,145,149360,159350
20295,104,145,160360,160950
20296,104,145,161960,168010
20297,104,146,12410,14500
20298,104,146,15520,19700
20299,104,146,27450,40910
20300,104,146,44830,67010
20301,104,146,71180,72530
20302,104,146,73700,84750
20303,104,146,85850,89410
20304,104,146,91720,92620
20305,104,146,107750,122560
20306,104,146,124320,139250
20307,104,151,28410,49940
20308,104,151,53150,59680
20309,104,151,63080,69970
20310,104,151,71090,72480
20311,104,151,74170,74880
20312,104,151,79460,81260
20313,104,152,51590,99080
20314,104,161,29800,36610
20315,104,161,38380,62030
20316,104,161,72180,80010
20317,104,161,84240,85440
20318,104,161,88430,92840
20319,104,161,96270,96680
20320,104,161,100210,103980
20321,104,161,107040,107290
20322,104,161,108320,109310
20323,104,161,111010,111880
20324,104,161,112910,135010
20325,104,161,141040,152560
20326,104,161,157260,157810
20327,104,161,159340,161940
20328,104,161,163810,165900
20329,104,161,167210,169010
20330,104,161,170220,170400
20331,104,161,173000,179030
20332,104,161,180280,180690
20333,104,161,181750,183170
20334,104,161,186580,194250
20335,104,161,196200,210640
20336,104,162,8400,22920
20337,104,162,26280,33800
20338,104,169,26580,26830
20339,104,169,44970,47300
20340,104,169,54980,55120
20341,104,169,59930,60470
20342,104,169,65050,65060
20343,104,169,75720,78550
20344,104,169,80340,81270
20345,104,169,87920,90170
20346,104,169,130600,131040
20347,104,169,136310,136380
20348,104,169,141620,161910
20349,104,169,164460,187950
20350,104,169,189120,189270
20351,104,169,194220,201590
20352,104,169,211080,230930
20353,104,169,232060,234580
20354,104,169,236420,238660
20355,104,169,253500,256260
20356,104,169,259510,261870
20357,104,169,269370,270340
20358,104,169,272080,282420
20359,104,172,135290,136170
20360,104,172,138360,143350
20361,104,172,147370,166010
20362,104,172,167300,175010
20363,104,172,233820,235530
20364,104,172,241370,247740
20365,104,172,249460,253150
20366,104,172,254270,255180
20367,104,172,260890,264610
20368,104,172,267290,268110
20369,104,172,270650,283420
20370,104,172,289050,305190
20371,104,172,328670,329540
20372,104,172,332490,332830
20373,104,172,334750,335950
20374,104,182,27690,33710
20375,104,182,40030,41280
20376,104,182,47110,50230
20377,104,182,51340,52340
20378,104,182,65120,65370
20379,104,182,68140,80030
20380,104,183,54010,61830
20381,104,183,62980,67140
20382,104,185,23770,43840
20383,104,186,98150,100040
20384,104,186,111920,115870
20385,104,186,117440,120250
20386,104,186,123750,125090
20387,104,186,126810,128250
20388,104,186,132680,157770
20389,104,186,160250,165680
20390,104,186,184710,185570
20391,104,186,187820,189030
20392,104,186,190220,197680
20393,104,186,206390,207780
20394,104,187,39190,40110
20395,104,187,51250,51390
20396,104,187,82910,83930
20397,104,187,115170,118910
20398,104,187,120630,121680
20399,104,187,127360,128690
20400,104,187,134390,136460
20401,104,187,138260,138260
20402,104,187,140680,149270
20403,104,187,172960,172960
20404,104,187,176390,177860
20405,104,187,183280,184330
20406,104,187,185450,187660
20407,104,187,190080,190450
20408,104,187,192210,193130
20409,104,187,198820,201950
20410,104,187,207860,218020
20411,104,187,219170,229270
20412,104,190,89890,94410
20413,104,190,95630,110740
20414,104,190,112840,113160
20415,104,207,25480,29550
20416,104,207,30620,31620
20417,104,207,32960,42580
20418,104,207,44850,46640
20419,104,207,48190,53780
20420,105,21,173630,174130
20421,105,23,188020,189970
20422,105,23,210960,214840
20423,105,64,77200,81240
20424,105,64,86280,94790
20425,105,64,96070,97570
20426,105,64,99140,99980
20427,105,64,105140,105170
20428,105,64,108910,108920
20429,105,64,113490,113620
20430,105,64,120330,126030
20431,105,64,129770,130620
20432,105,64,134060,134360
20433,105,64,135600,155330
20434,105,64,156870,163670
20435,105,64,165730,175230
20436,105,64,176290,178970
20437,105,64,184290,194950
20438,105,65,97830,101460
20439,105,65,111180,115320
20440,105,65,117200,136810
20441,105,65,140720,142210
20442,105,65,143350,144260
20443,105,65,149060,153480
20444,105,65,172170,176180
20445,105,65,177580,179290
20446,105,65,184250,187820
20447,105,81,62180,63540
20448,105,81,64610,66060
20449,105,107,12310,14830
20450,105,107,18150,28850
20451,105,128,54870,55570
20452,105,129,67750,68920
20453,105,133,21170,22050
20454,105,159,28260,33490
20455,105,159,36250,36740
20456,105,159,42980,43790
20457,105,194,53070,56130
20458,105,194,60370,61000
20459,105,209,234020,234150
20460,105,209,241160,241820
20461,106,11,286660,287250
20462,106,11,293000,293580
20463,106,11,296260,296620
20464,106,11,300310,302490
20465,106,11,345440,347030
20466,106,16,68630,69060
20467,106,16,72320,73540
20468,106,16,78940,82550
20469,106,20,76200,77890
20470,106,27,75480,75570
20471,106,27,123790,127480
20472,106,27,130820,133660
20473,106,27,134790,137480
20474,106,27,138960,139110
20475,106,27,140940,141750
20476,106,27,145940,146820
20477,106,27,149080,150030
20478,106,27,151580,152410
20479,106,27,157750,159100
20480,106,27,160620,161200
20481,106,27,170670,171630
20482,106,27,172810,173800
20483,106,27,182890,182960
20484,106,35,136570,136610
20485,106,35,212560,212620
20486,106,35,293080,293760
20487,106,35,299810,300300
20488,106,35,305430,306190
20489,106,35,308880,309380
20490,106,35,442440,443820
20491,106,41,188190,258150
20492,106,42,22800,22980
20493,106,42,27960,29120
20494,106,42,44530,44550
20495,106,42,52510,52880
20496,106,42,56590,56590
20497,106,42,64010,64020
20498,106,42,66650,66650
20499,106,42,92180,93330
20500,106,42,103120,103440
20501,106,42,106440,107180
20502,106,42,113460,114010
20503,106,42,115450,115970
20504,106,42,158890,160360
20505,106,42,173080,174420
20506,106,42,184260,184760
20507,106,42,193240,193820
20508,106,42,196670,197900
20509,106,42,203500,203750
20510,106,42,207400,207540
20511,106,42,218610,218750
20512,106,42,220880,224360
20513,106,42,227240,227670
20514,106,42,228730,229170
20515,106,42,232140,233490
20516,106,42,238660,238700
20517,106,42,245060,245620
20518,106,42,249930,250670
20519,106,42,261730,264600
20520,106,42,267060,269200
20521,106,42,297300,300400
20522,106,42,302340,308610
20523,106,42,310590,322220
20524,106,42,348040,349710
20525,106,42,352090,353330
20526,106,42,354730,361720
20527,106,44,31120,34550
20528,106,44,62840,66950
20529,106,45,125060,128980
20530,106,45,134690,137210
20531,106,45,139000,139000
20532,106,45,140190,143420
20533,106,45,144420,147040
20534,106,45,148580,151160
20535,106,45,152550,154720
20536,106,45,158620,162620
20537,106,45,164220,164640
20538,106,45,170450,175800
20539,106,45,188120,241360
20540,106,45,246350,247000
20541,106,45,248360,248980
20542,106,45,254910,254910
20543,106,45,268230,347890
20544,106,45,349060,351680
20545,106,45,395350,396090
20546,106,47,44200,60950
20547,106,58,269120,269570
20548,106,58,456280,463330
20549,106,58,482710,486520
20550,106,58,487820,491080
20551,106,58,597180,598100
20552,106,58,611680,611830
20553,106,58,615180,615660
20554,106,58,630100,630550
20555,106,58,632430,680710
20556,106,58,681790,743680
20557,106,58,750430,752210
20558,106,58,756130,758770
20559,106,58,761090,766550
20560,106,58,767770,771890
20561,106,58,773270,773870
20562,106,58,789690,790250
20563,106,58,791880,793490
20564,106,58,831990,835670
20565,106,58,858090,858990
20566,106,65,68200,68590
20567,106,99,140250,145090
20568,106,99,146150,147860
20569,106,99,149060,153870
20570,106,99,154930,157440
20571,106,99,158920,161940
20572,106,99,163110,163900
20573,106,99,164940,167630
20574,106,99,169510,172330
20575,106,99,174560,178850
20576,106,99,179860,179940
20577,106,99,181920,182930
20578,106,99,184420,191610
20579,106,99,197350,200480
20580,106,99,202650,212150
20581,106,99,213370,214650
20582,106,99,217630,234170
20583,106,99,235580,235690
20584,106,99,239040,239970
20585,106,99,246600,247650
20586,106,99,249980,273000
20587,106,99,274960,275870
20588,106,99,277180,280210
20589,106,99,281560,283250
20590,106,99,284930,285320
20591,106,99,287190,323890
20592,106,99,328760,329380
20593,106,99,337350,338220
20594,106,99,362570,363880
20595,106,99,368070,368440
20596,106,99,375550,376320
20597,106,123,309200,309400
20598,106,124,56990,61020
20599,106,124,196730,204030
20600,106,124,212580,212890
20601,106,124,228800,230530
20602,106,124,234570,239150
20603,106,124,240350,256190
20604,106,125,51740,80220
20605,106,125,85920,132380
20606,106,125,162220,165100
20607,106,125,166840,167600
20608,106,125,169030,172860
20609,106,125,175930,179040
20610,106,125,181410,184090
20611,106,125,215370,219500
20612,106,125,221050,221380
20613,106,136,141400,190820
20614,106,136,198590,336190
20615,106,136,338240,349260
20616,106,136,353060,360760
20617,106,143,317710,318900
20618,106,143,408100,408580
20619,106,144,50890,51350
20620,106,144,68440,68770
20621,106,144,70550,71360
20622,106,144,76090,94590
20623,106,144,118160,120880
20624,106,144,123130,131310
20625,106,144,148640,195570
20626,106,144,208980,209120
20627,106,144,212090,239170
20628,106,144,252380,256770
20629,106,144,272380,279920
20630,106,144,282210,282900
20631,106,144,290280,291170
20632,106,144,294890,298750
20633,106,144,300080,300940
20634,106,144,304990,306580
20635,106,151,67900,68460
20636,106,151,74830,75250
20637,106,151,79420,81430
20638,106,151,92350,96700
20639,106,151,98750,114110
20640,106,159,158640,165530
20641,106,159,166740,166780
20642,106,159,187380,187820
20643,106,159,190250,191770
20644,106,159,221280,221820
20645,106,159,251050,252210
20646,106,159,258870,260410
20647,106,159,291430,291860
20648,106,159,446030,447310
20649,106,159,449400,451870
20650,106,159,490040,492410
20651,106,160,31430,31610
20652,106,160,39070,39130
20653,106,160,40480,40900
20654,106,161,54900,56910
20655,106,161,59010,62900
20656,106,161,65500,68630
20657,106,161,180850,181210
20658,106,161,185140,188080
20659,106,161,197200,200460
20660,106,161,202790,204000
20661,106,161,205800,208430
20662,106,161,222950,223020
20663,107,52,77270,77440
20664,107,52,80980,82060
20665,107,147,104890,106170
20666,107,147,117010,120090
20667,107,148,58600,60600
20668,107,148,67240,69190
20669,107,148,73140,73710
20670,107,148,75890,79400
20671,107,148,82990,89140
20672,107,148,102370,102450
20673,108,1,187390,191530
20674,108,1,193870,194260
20675,108,1,196260,196540
20676,108,1,199410,202310
20677,108,1,205250,233070
20678,108,2,109510,126630
20679,108,2,130650,131850
20680,108,2,133120,134200
20681,108,2,148700,149980
20682,108,2,154170,156310
20683,108,2,158700,160800
20684,108,14,166770,166810
20685,108,15,173450,173790
20686,108,15,175100,175290
20687,108,15,181630,181810
20688,108,24,107190,115000
20689,108,24,134330,139420
20690,108,24,158360,160010
20691,108,24,162750,172470
20692,108,28,116050,118150
20693,108,28,121650,133820
20694,108,40,131760,135300
20695,108,42,118030,121160
20696,108,42,174530,175450
20697,108,46,103770,103870
20698,108,46,108230,115890
20699,108,46,121490,123700
20700,108,47,111740,117260
20701,108,47,118270,119600
20702,108,47,129350,129420
20703,108,50,202280,214110
20704,108,50,216550,217390
20705,108,51,104640,105360
20706,108,51,107670,112800
20707,108,51,117470,117790
20708,108,51,120240,135790
20709,108,51,151130,157540
20710,108,51,160780,162500
20711,108,51,168570,168690
20712,108,51,170050,170660
20713,108,51,174350,174470
20714,108,56,73170,85790
20715,108,56,87150,87380
20716,108,56,93550,94530
20717,108,56,98350,104940
20718,108,66,55680,120590
20719,108,67,56680,57090
20720,108,67,58700,59230
20721,108,67,75540,75800
20722,108,67,77830,78220
20723,108,67,84020,87540
20724,108,67,91520,98920
20725,108,73,167590,171090
20726,108,73,172120,180550
20727,108,75,108880,111280
20728,108,75,113280,116720
20729,108,76,107110,115470
20730,108,76,116950,117570
20731,108,76,119390,120290
20732,108,76,121440,121740
20733,108,76,129010,136280
20734,108,76,147510,148040
20735,108,76,155940,159810
20736,108,76,162620,168390
20737,108,76,169650,170810
20738,108,90,214710,217110
20739,108,90,218220,225080
20740,108,90,227950,228580
20741,108,91,113940,115950
20742,108,93,204430,224700
20743,108,94,112330,113460
20744,108,94,114890,119900
20745,108,94,130280,132110
20746,108,94,135630,139320
20747,108,94,147490,150770
20748,108,94,152690,153900
20749,108,94,156660,167690
20750,108,94,168790,170510
20751,108,103,199880,203220
20752,108,104,106200,117660
20753,108,104,122300,122490
20754,108,104,123550,125200
20755,108,104,126210,137910
20756,108,104,147550,149960
20757,108,104,162830,164700
20758,108,104,166250,172000
20759,108,118,34230,35410
20760,108,118,38900,49260
20761,108,118,52600,55740
20762,108,118,59230,67150
20763,108,118,71070,71880
20764,108,118,78130,78670
20765,108,118,82620,84190
20766,108,118,87300,87890
20767,108,118,97420,98140
20768,108,135,89860,106980
20769,108,135,108250,111450
20770,108,135,119650,123360
20771,108,135,126650,127010
20772,108,135,128600,134500
20773,108,135,135600,155040
20774,108,138,165380,178630
20775,108,138,183160,183560
20776,108,139,102740,114570
20777,108,155,104280,105630
20778,108,155,106900,107780
20779,108,155,144680,145630
20780,108,155,155870,157730
20781,108,155,161840,163810
20782,108,155,170080,171010
20783,108,155,173520,174140
20784,108,156,177650,182000
20785,108,156,184750,196170
20786,108,158,110220,119100
20787,108,160,177080,178370
20788,108,165,108320,119150
20789,108,165,120860,121220
20790,108,165,123240,124200
20791,108,165,125590,125910
20792,108,166,102470,115110
20793,108,166,123770,124680
20794,108,166,130060,133950
20795,108,166,137240,150210
20796,108,166,157770,159520
20797,108,166,162950,164870
20798,108,167,185100,188690
20799,108,167,189910,198020
20800,108,167,199560,202090
20801,108,169,114110,121490
20802,108,169,125390,127150
20803,108,180,127630,136540
20804,108,180,143920,145470
20805,108,180,149850,150400
20806,108,181,117110,131950
20807,108,181,136850,137050
20808,108,181,147460,148290
20809,108,187,113880,124490
20810,108,187,128000,133440
20811,108,187,141870,142390
20812,108,187,145070,146190
20813,108,187,150780,151900
20814,108,197,85270,97620
20815,108,197,102740,106020
20816,108,197,107960,118790
20817,108,197,122070,123230
20818,108,197,127180,127650
20819,108,197,129480,131720
20820,108,197,135860,138380
20821,108,213,88520,89310
20822,108,213,95120,101030
20823,108,213,102110,132850
20824,108,213,137560,139990
20825,108,213,141290,141660
20826,108,213,143880,144010
20827,108,215,65070,67250
20828,108,215,70750,76640
20829,108,215,88980,102740
20830,108,226,114390,114860
20831,108,233,126690,130100
20832,108,233,132650,140860
20833,108,234,67130,68050
20834,108,234,85480,85980
20835,108,234,92840,94980
20836,108,234,102600,102880
20837,109,1,74710,77130
20838,109,1,88330,88450
20839,109,1,90180,90850
20840,109,1,105640,109650
20841,109,1,118100,119130
20842,109,1,120830,122010
20843,109,1,123020,123740
20844,109,1,124840,126250
20845,109,1,136450,151060
20846,109,1,157630,158030
20847,109,4,133600,137860
20848,109,4,147250,147440
20849,109,4,148750,150030
20850,109,4,151310,160610
20851,109,4,161720,162220
20852,109,4,164800,165050
20853,109,4,173100,173360
20854,109,4,174570,181060
20855,109,4,183900,186090
20856,109,4,188400,189350
20857,109,4,191340,201960
20858,109,4,204430,208600
20859,109,4,212620,214380
20860,109,4,215610,218890
20861,109,4,220410,235580
20862,109,4,237140,242820
20863,109,4,256580,256580
20864,109,4,258110,276890
20865,109,4,278150,293080
20866,109,4,297950,300030
20867,109,4,310450,315870
20868,109,4,319200,321120
20869,109,4,327060,338410
20870,109,4,340130,345770
20871,109,4,347980,398840
20872,109,4,403000,408770
20873,109,4,414140,416830
20874,109,4,429730,430240
20875,109,4,431850,432450
20876,109,4,437580,442990
20877,109,4,446130,564550
20878,109,4,566000,577910
20879,109,4,579360,580380
20880,109,5,34860,38120
20881,109,5,39520,44040
20882,109,5,48190,48970
20883,109,5,50680,83460
20884,109,5,85170,110590
20885,109,5,111890,117390
20886,109,5,123990,128730
20887,109,5,130680,130970
20888,109,5,133450,164260
20889,109,5,167080,168440
20890,109,5,170250,179830
20891,109,5,180960,183330
20892,109,5,184950,189020
20893,109,5,194780,208860
20894,109,5,213970,232990
20895,109,5,234510,235350
20896,109,5,236970,249970
20897,109,5,251020,263360
20898,109,5,265440,307380
20899,109,5,310430,315370
20900,109,5,316740,317240
20901,109,5,327250,331160
20902,109,5,332850,333390
20903,109,5,339680,350350
20904,109,5,353420,358280
20905,109,5,360960,366170
20906,109,5,371240,379040
20907,109,5,381950,390780
20908,109,5,409620,425060
20909,109,5,427060,429710
20910,109,5,439540,440850
20911,109,14,55880,71450
20912,109,14,72500,82200
20913,109,14,84350,84990
20914,109,14,87170,87570
20915,109,14,92630,102300
20916,109,14,131760,133920
20917,109,14,139150,142100
20918,109,21,49380,49690
20919,109,21,51220,57500
20920,109,21,59850,61570
20921,109,21,63030,63180
20922,109,21,64220,65240
20923,109,21,69810,71780
20924,109,27,88010,88170
20925,109,27,89480,90350
20926,109,27,91660,91930
20927,109,27,103190,103240
20928,109,27,106400,106770
20929,109,30,100200,101540
20930,109,30,106620,109830
20931,109,30,111070,112090
20932,109,30,134840,140200
20933,109,37,85240,86360
20934,109,37,100660,102470
20935,109,37,123410,124370
20936,109,53,22840,23230
20937,109,53,26090,26090
20938,109,53,30400,37190
20939,109,61,48340,49790
20940,109,64,40530,42850
20941,109,64,46590,46620
20942,109,64,53600,55500
20943,109,65,12210,12870
20944,109,65,13980,13980
20945,109,65,25460,26120
20946,109,65,29330,29570
20947,109,65,31010,31640
20948,109,68,35040,36420
20949,109,68,41400,43170
20950,109,68,47210,47770
20951,109,72,16390,17140
20952,109,72,18170,18220
20953,109,72,20790,36790
20954,109,72,38120,38400
20955,109,80,36130,37070
20956,109,80,42730,42790
20957,109,87,84020,84810
20958,109,87,89420,97200
20959,109,87,98360,107220
20960,109,87,109760,115620
20961,109,87,117110,138660
20962,109,87,139890,145530
20963,109,87,147070,147380
20964,109,87,148600,149140
20965,109,87,153060,153920
20966,109,87,157830,172270
20967,109,87,176450,179580
20968,109,87,184150,194460
20969,109,87,204430,207920
20970,109,87,213580,216440
20971,109,87,222430,223530
20972,109,87,227720,228500
20973,109,87,229970,231090
20974,109,87,238140,240250
20975,109,87,242290,250170
20976,109,87,252100,290060
20977,109,87,293280,300670
20978,109,87,302110,302490
20979,109,87,304610,331950
20980,109,87,339120,343800
20981,109,87,344950,346950
20982,109,87,350590,358610
20983,109,87,359680,359830
20984,109,87,366820,367330
20985,109,87,369220,370100
20986,109,87,374240,376480
20987,109,87,383660,386190
20988,109,87,389640,424210
20989,109,87,429450,439010
20990,109,87,447440,448100
20991,109,87,460860,460960
20992,109,87,464260,466940
20993,109,87,468590,476430
20994,109,87,478120,484730
20995,109,87,486470,492080
20996,109,87,493650,498220
20997,109,87,504080,512690
20998,109,87,514300,515590
20999,109,87,519160,519290
21000,109,87,520580,521540
21001,109,87,523070,523720
21002,109,87,527160,530040
21003,109,87,533500,534910
21004,109,89,60270,67680
21005,109,89,71130,71600
21006,109,89,171220,172740
21007,109,89,178710,182510
21008,109,89,261780,263370
21009,109,89,265100,265110
21010,109,89,272440,272730
21011,109,89,288670,297510
21012,109,89,300480,302120
21013,109,89,304950,325010
21014,109,89,326700,331740
21015,109,89,339830,345830
21016,109,89,351300,353050
21017,109,89,505480,506210
21018,109,90,22320,45370
21019,109,90,49220,49660
21020,109,90,55930,67390
21021,109,90,73630,76900
21022,109,90,78290,78610
21023,109,90,84720,87770
21024,109,90,109930,111170
21025,109,93,52330,59120
21026,109,93,61380,63410
21027,109,93,68520,72330
21028,109,93,106280,111640
21029,109,93,126930,129380
21030,109,93,140600,142730
21031,109,96,89110,91970
21032,109,96,94080,96710
21033,109,96,98040,99570
21034,109,96,110800,111360
21035,109,96,117240,117690
21036,109,96,127950,138760
21037,109,96,149090,151070
21038,109,96,156520,160060
21039,109,96,193100,196390
21040,109,97,23220,23340
21041,109,97,28850,40080
21042,109,97,43200,44740
21043,109,102,43650,44160
21044,109,102,49480,50940
21045,109,103,87580,88010
21046,109,103,91370,91830
21047,109,103,94050,94250
21048,109,103,95880,106660
21049,109,103,108420,113590
21050,109,103,123520,139880
21051,109,103,143200,144690
21052,109,103,146710,149980
21053,109,103,151390,164500
21054,109,103,166070,166200
21055,109,103,174580,175060
21056,109,103,183310,187100
21057,109,103,189000,191400
21058,109,103,194500,195410
21059,109,104,23540,28150
21060,109,104,53770,55480
21061,109,104,57230,57720
21062,109,104,191780,192560
21063,109,104,193650,203420
21064,109,104,204810,206430
21065,109,107,72580,84870
21066,109,107,108020,126040
21067,109,107,128650,129110
21068,109,107,140150,143730
21069,109,107,170870,171740
21070,109,107,173770,180810
21071,109,108,26410,32460
21072,109,112,17070,23910
21073,109,112,36580,37310
21074,109,112,45360,55280
21075,109,112,58440,63390
21076,109,112,102230,103340
21077,109,117,75140,77810
21078,109,117,83600,99440
21079,109,117,102800,102800
21080,109,117,104070,112140
21081,109,117,115010,120610
21082,109,117,124430,126310
21083,109,117,128160,130980
21084,109,117,132700,133600
21085,109,118,23460,24970
21086,109,118,28490,31340
21087,109,118,50410,61720
21088,109,118,67200,68110
21089,109,118,71540,74710
21090,109,124,97440,115960
21091,109,124,129220,129900
21092,109,124,131230,143570
21093,109,124,144820,153490
21094,109,124,156900,169020
21095,109,124,174470,175620
21096,109,124,190790,191920
21097,109,127,17170,34700
21098,109,127,41260,52460
21099,109,127,54390,55520
21100,109,127,66650,69530
21101,109,139,37820,39490
21102,109,139,43040,43810
21103,109,139,44870,45390
21104,109,139,50970,51930
21105,109,139,53540,53660
21106,109,139,59110,60080
21107,109,139,62300,62780
21108,109,139,64330,65390
21109,109,139,69120,69250
21110,109,139,78360,78730
21111,109,139,82090,82650
21112,109,139,104430,108640
21113,109,140,238260,246060
21114,109,140,251610,252150
21115,109,140,255760,258740
21116,109,140,267930,271830
21117,109,140,274990,276120
21118,109,143,17920,20280
21119,109,143,109020,109760
21120,109,143,117140,127770
21121,109,153,45490,47720
21122,109,153,50160,52390
21123,109,154,21300,37920
21124,109,162,31050,34650
21125,109,176,104470,106380
21126,109,188,65440,66020
21127,109,188,135850,135920
21128,109,190,26890,27300
21129,109,199,110030,113520
21130,109,199,142750,143970
21131,109,200,115110,115480
21132,109,203,61640,61860
21133,109,210,77490,78800
21134,109,211,43420,44070
21135,109,211,55760,56220
21136,109,212,23690,23810
21137,109,212,29870,34340
21138,109,212,37350,37800
21139,109,212,42930,46320
21140,109,212,49490,50750
21141,109,213,22790,23550
21142,109,213,52370,52920
21143,109,219,36690,37900
21144,109,219,41050,41860
21145,109,219,46230,47770
21146,109,220,25630,29590
21147,109,225,110940,111610
21148,109,225,131400,132510
21149,109,238,35720,37380
21150,109,238,40790,41140
21151,109,238,44470,45740
21152,109,239,45740,48850
21153,109,239,50120,53470
21154,109,239,54830,62730
21155,109,240,20000,22460
21156,109,240,24050,35750
21157,109,240,38130,63820
21158,109,240,71690,74830
21159,109,240,80280,80380
21160,109,240,87740,89320
21161,109,240,91890,108160
21162,109,241,36920,43510
21163,109,242,149330,152970
21164,109,242,183490,183960
21165,109,242,185710,187630
21166,109,248,111320,119980
21167,109,248,122150,124350
21168,109,248,142310,142540
21169,109,248,148030,169670
21170,109,248,172470,178120
21171,109,248,180260,184740
21172,109,248,191850,198570
21173,109,248,203330,204730
21174,109,248,208150,217440
21175,109,248,218580,228470
21176,109,248,233830,239810
21177,109,248,254360,255930
21178,109,248,258600,268190
21179,109,248,274240,275060
21180,109,248,298450,308790
21181,109,248,312690,312830
21182,109,248,314490,322290
21183,109,248,335230,341210
21184,109,248,342620,345440
21185,109,248,347230,347360
21186,109,248,348750,349100
21187,109,248,357330,357980
21188,109,248,363110,363270
21189,109,248,364370,370240
21190,109,248,371400,372090
21191,109,248,378620,392490
21192,109,248,398070,398850
21193,109,248,406540,410970
21194,109,248,411990,419960
21195,109,248,423510,431700
21196,109,248,435330,441120
21197,109,248,445090,452780
21198,109,248,454020,454880
21199,109,248,456590,457610
21200,109,248,459320,489930
21201,109,248,496140,513120
21202,109,248,515700,526880
21203,109,248,528550,543210
21204,109,248,546190,560610
21205,109,251,56060,65970
21206,109,251,66980,71490
21207,109,251,72600,99220
21208,109,251,100270,100640
21209,109,253,69270,70430
21210,109,253,84660,84950
21211,109,253,91580,94170
21212,109,253,95540,96670
21213,109,253,110520,110520
21214,109,253,118650,119210
21215,109,253,122260,136220
21216,109,253,147090,150160
21217,109,253,155280,170270
21218,109,253,171460,172250
21219,109,253,186130,186780
21220,109,253,187850,188540
21221,109,253,201210,202330
21222,109,253,203610,205720
21223,109,253,210320,214370
21224,109,253,218330,218800
21225,109,253,219990,225550
21226,109,253,232320,234170
21227,109,253,239610,242840
21228,109,253,246370,252390
21229,109,253,263940,264520
21230,109,253,271050,277470
21231,109,253,280700,282400
21232,109,253,284170,287820
21233,109,253,317810,319720
21234,109,253,335810,336210
21235,109,253,346800,347490
21236,109,253,362570,363230
21237,109,253,379150,381400
21238,109,255,119140,121750
21239,109,255,122950,127760
21240,109,255,131050,134410
21241,109,263,103680,105870
21242,109,263,108840,109240
21243,109,263,113800,113890
21244,109,263,116190,117880
21245,109,276,31180,32140
21246,109,283,16620,18200
21247,109,283,21220,25200
21248,109,283,29590,29590
21249,109,283,39030,40540
21250,109,288,19610,22950
21251,109,288,24860,35100
21252,109,288,36140,36540
21253,109,288,40280,41060
21254,109,301,50130,50580
21255,109,302,13380,13580
21256,109,302,15680,16700
21257,109,302,17750,24190
21258,109,302,25390,40340
21259,109,309,28490,28690
21260,109,309,32180,38540
21261,109,316,18000,51180
21262,109,316,53460,56560
21263,109,316,70740,72110
21264,109,316,81490,83590
21265,109,316,90980,95420
21266,109,316,100360,101660
21267,109,316,103620,104920
21268,109,319,65660,71070
21269,109,319,73800,74620
21270,109,319,127350,128410
21271,109,319,148770,149230
21272,109,319,153030,153850
21273,109,319,157180,171250
21274,109,320,28720,34510
21275,109,321,82680,86630
21276,109,322,26430,28290
21277,109,322,32420,33720
21278,109,322,49170,50220
21279,109,337,31210,33200
21280,109,340,21740,21940
21281,109,342,108170,108760
21282,109,342,171110,172730
21283,109,342,179930,183040
21284,110,1,66250,66270
21285,110,1,70670,71910
21286,110,1,104260,104730
21287,110,2,156620,160140
21288,110,2,187810,189730
21289,110,9,65320,66020
21290,110,17,290110,294630
21291,110,17,306490,307840
21292,110,17,310630,313100
21293,110,17,323910,324450
21294,110,17,326150,329500
21295,110,17,331140,331650
21296,110,17,396110,396740
21297,110,18,54060,55440
21298,110,18,67990,68950
21299,110,18,175760,179060
21300,110,18,186550,186970
21301,110,19,296560,296810
21302,110,19,337230,339060
21303,110,19,340760,343720
21304,110,19,346510,354490
21305,110,19,381930,382490
21306,110,20,54490,54780
21307,110,20,78000,78360
21308,110,20,168520,172380
21309,110,20,173420,174420
21310,110,20,176610,178500
21311,110,20,183900,187460
21312,110,20,189060,192740
21313,110,20,196470,198980
21314,110,20,200170,202350
21315,110,20,206020,206100
21316,110,20,218550,218720
21317,110,20,225580,226570
21318,110,20,230640,233080
21319,110,20,253710,253710
21320,110,20,261540,264300
21321,110,20,267640,268740
21322,110,20,270050,271560
21323,110,20,288370,290340
21324,110,20,303900,305330
21325,110,20,307350,307780
21326,110,20,308900,311900
21327,110,20,322190,326720
21328,110,20,336760,340580
21329,110,20,342360,344750
21330,110,20,346320,346510
21331,110,20,348100,351290
21332,110,20,354740,362190
21333,110,20,365620,372720
21334,110,20,374880,387250
21335,110,20,389710,399130
21336,110,20,401270,402270
21337,110,20,404440,417380
21338,110,21,180530,181280
21339,110,26,44710,44820
21340,110,43,52950,53610
21341,110,43,59330,60760
21342,110,43,64410,67610
21343,110,43,74740,75400
21344,110,43,82230,83040
21345,110,43,86140,87070
21346,110,43,88900,94400
21347,110,43,101590,101900
21348,110,43,132090,133810
21349,110,43,135330,143480
21350,110,43,146880,147800
21351,110,43,149910,161900
21352,110,43,163440,166300
21353,110,43,176430,179440
21354,110,43,191180,195310
21355,110,43,197560,199090
21356,110,43,201660,216850
21357,110,84,153730,154210
21358,110,84,159150,162950
21359,110,84,170290,176090
21360,110,88,60960,61440
21361,110,88,71140,71140
21362,110,88,206430,208020
21363,110,88,209840,211070
21364,110,88,215920,216500
21365,110,88,221380,222790
21366,110,88,243480,243560
21367,110,88,261110,262390
21368,110,88,267650,273080
21369,110,89,80510,80770
21370,110,89,81780,84540
21371,110,89,86180,86950
21372,110,89,97920,98080
21373,110,89,102170,103090
21374,110,89,127130,129470
21375,110,92,99220,99810
21376,110,92,105670,107420
21377,110,92,112450,113240
21378,110,92,114920,114930
21379,110,92,135030,136210
21380,110,92,165400,166120
21381,110,92,183550,183800
21382,110,92,185360,186230
21383,110,92,188270,190400
21384,110,92,192390,193450
21385,110,92,196480,199630
21386,110,92,201580,203790
21387,110,94,62500,63070
21388,110,94,64510,64560
21389,110,94,74660,75400
21390,110,94,140870,145520
21391,110,97,16220,17450
21392,110,97,31280,31600
21393,110,97,48350,51600
21394,110,97,79650,81460
21395,110,97,132650,137890
21396,110,97,141640,141790
21397,110,97,169070,170710
21398,110,98,47010,51270
21399,110,109,85010,86270
21400,110,109,92900,92900
21401,110,109,97400,97470
21402,110,114,32390,32590
21403,110,114,36390,42420
21404,110,122,103210,104230
21405,110,123,19520,20590
21406,110,123,27640,28620
21407,110,123,38480,42170
21408,110,123,44620,44960
21409,110,141,98370,100390
21410,110,141,123600,130520
21411,110,141,147760,148250
21412,110,141,182270,185800
21413,110,141,193890,196440
21414,110,141,200630,204970
21415,110,141,210600,210860
21416,110,141,215530,216040
21417,110,141,232490,232820
21418,110,142,28240,28490
21419,110,142,49210,54030
21420,110,142,117750,119600
21421,110,143,74210,76610
21422,110,151,31450,33210
21423,110,151,39190,41210
21424,110,151,43290,43990
21425,110,160,39350,40380
21426,110,160,47070,47360
21427,110,160,58540,59280
21428,110,160,68260,69430
21429,110,160,74690,75480
21430,110,160,81560,81860
21431,110,182,59350,60740
21432,110,198,63300,63670
21433,110,198,82670,84230
21434,110,198,88970,98650
21435,110,198,99910,100090
21436,110,198,130190,130190
21437,110,198,149570,150370
21438,110,198,160150,160830
21439,110,198,165350,167690
21440,110,198,182150,196730
21441,110,202,71470,73100
21442,110,202,74340,76110
21443,110,202,86770,87090
21444,110,212,155550,155730
21445,110,212,158170,161660
21446,110,212,164620,168640
21447,110,212,172240,173020
21448,110,212,174190,174600
21449,110,216,36350,37470
21450,110,216,89670,89670
21451,110,224,100370,101310
21452,110,224,105450,106530
21453,110,224,115170,115960
21454,110,224,117480,118590
21455,110,224,120220,121700
21456,110,224,123220,123500
21457,110,224,124570,130230
21458,110,224,132530,145010
21459,110,224,157760,160960
21460,110,224,162690,173350
21461,110,228,211510,213370
21462,110,228,232280,233200
21463,110,228,237400,241530
21464,110,228,242650,243540
21465,110,232,71990,72940
21466,110,260,38520,39400
21467,110,260,74030,75580
21468,110,260,88650,89170
21469,110,260,107630,109480
21470,110,260,110880,112100
21471,110,260,119550,119820
21472,110,266,166350,166620
21473,110,267,72520,74280
21474,110,267,76190,78040
21475,110,267,130650,137210
21476,110,267,139010,139200
21477,110,284,188730,192770
21478,110,284,194520,197980
21479,110,284,201140,209870
21480,110,284,212890,216140
21481,110,285,27970,28860
21482,110,287,56980,57690
21483,110,287,78140,79950
21484,110,288,51230,52020
21485,110,288,70910,71380
21486,111,5,58850,59000
21487,111,5,94200,94200
21488,111,5,104330,105080
21489,111,5,107550,107890
21490,111,5,119910,119910
21491,111,5,126110,126880
21492,111,5,133990,133990
21493,111,5,145070,145250
21494,111,5,158810,158990
21495,111,5,175520,175930
21496,111,5,179870,181690
21497,111,5,183000,183600
21498,111,5,184690,184690
21499,111,5,188020,191710
21500,111,5,195650,198480
21501,111,5,200800,202980
21502,111,5,204440,204820
21503,111,5,207840,210090
21504,111,5,212810,214680
21505,111,5,216400,216400
21506,111,5,221290,222960
21507,111,5,224060,227710
21508,111,5,236640,237360
21509,111,5,238600,241150
21510,111,5,313370,336490
21511,111,5,337910,342760
21512,111,5,344810,361840
21513,111,5,368230,369390
21514,111,5,373360,376640
21515,111,5,403070,411510
21516,111,5,415380,415740
21517,111,5,421920,422080
21518,111,5,431400,434430
21519,111,5,469970,477310
21520,111,5,478480,507400
21521,111,5,511230,514190
21522,111,10,75140,134810
21523,111,10,148490,158340
21524,111,10,161160,191280
21525,111,10,195350,455540
21526,111,10,464110,706390
21527,111,11,8160,8760
21528,111,11,11080,43590
21529,111,11,45880,113590
21530,111,12,43390,52900
21531,111,12,54940,232520
21532,111,12,233540,309850
21533,111,12,314450,324470
21534,111,12,325650,353960
21535,111,12,356460,388290
21536,111,12,392100,397090
21537,111,12,401820,417330
21538,111,12,418470,419430
21539,111,12,432110,436880
21540,111,12,441560,450230
21541,111,12,454600,464920
21542,111,12,477180,484760
21543,111,12,713580,724510
21544,111,12,738500,794550
21545,111,12,798270,799590
21546,111,12,801360,802330
21547,111,12,803770,805270
21548,111,12,806360,809990
21549,111,12,811210,816610
21550,111,12,820050,824090
21551,111,12,827990,830190
21552,111,17,31200,174960
21553,111,17,378110,378720
21554,111,17,380460,405700
21555,111,17,408090,436410
21556,111,17,438110,462290
21557,111,17,464040,464690
21558,111,17,466280,466360
21559,111,17,467550,483420
21560,111,17,485580,493510
21561,111,17,495120,495940
21562,111,17,497630,498040
21563,111,17,500610,544480
21564,111,17,546490,584600
21565,111,18,8780,102620
21566,111,18,115680,211910
21567,111,18,214020,217620
21568,111,18,219920,242650
21569,111,18,336910,430950
21570,111,18,434700,464690
21571,111,18,466490,467780
21572,111,18,469720,536390
21573,111,18,537870,694280
21574,111,18,703020,710820
21575,111,18,712750,731130
21576,111,18,738300,740920
21577,111,18,744000,759410
21578,111,19,2590,42430
21579,111,19,49430,53690
21580,111,19,55330,60390
21581,111,19,61450,76730
21582,111,19,82960,96100
21583,111,19,97280,116990
21584,111,19,119260,131800
21585,111,19,135860,157300
21586,111,19,160550,171840
21587,111,19,177550,217480
21588,111,20,5660,15270
21589,111,20,18330,21530
21590,111,20,24040,32560
21591,111,20,43930,44200
21592,111,20,46300,47120
21593,111,20,48390,64640
21594,111,20,66060,87650
21595,111,20,88780,105490
21596,111,21,23860,74850
21597,111,21,81180,94960
21598,111,21,102220,103820
21599,111,21,105170,106000
21600,111,21,112150,113110
21601,111,21,114110,114910
21602,111,21,116840,117230
21603,111,21,120340,122590
21604,111,21,133090,137000
21605,111,21,141380,141510
21606,111,21,164040,166550
21607,111,21,169970,174600
21608,111,21,177380,198360
21609,111,21,206160,206200
21610,111,21,229850,230340
21611,111,22,17240,23860
21612,111,22,24970,27360
21613,111,22,29070,30100
21614,111,22,32520,34520
21615,111,22,35790,38170
21616,111,22,39270,41010
21617,111,22,42130,65710
21618,111,22,69280,69470
21619,111,22,72280,81170
21620,111,22,92440,92550
21621,111,22,94010,94620
21622,111,22,96060,96140
21623,111,22,294230,294230
21624,111,22,295230,295250
21625,111,22,303560,303850
21626,111,22,307330,316590
21627,111,25,38190,54370
21628,111,25,58360,59240
21629,111,25,61090,86990
21630,111,25,95920,110480
21631,111,25,116000,121010
21632,111,25,151740,151740
21633,111,25,157120,163920
21634,111,25,179610,188680
21635,111,25,189740,189810
21636,111,25,192670,196560
21637,111,25,197730,198970
21638,111,25,199990,213000
21639,111,25,221610,224150
21640,111,25,225260,231950
21641,111,25,241880,241920
21642,111,25,244290,246420
21643,111,30,118800,120620
21644,111,30,125710,146010
21645,111,30,262910,263350
21646,111,32,25910,77150
21647,111,32,82390,105380
21648,111,32,106750,108150
21649,111,32,112210,112550
21650,111,32,113820,115210
21651,111,32,117110,117950
21652,111,32,124880,126050
21653,111,32,136120,136340
21654,111,32,144880,148480
21655,111,32,166830,176290
21656,111,32,179080,200170
21657,111,32,201270,201900
21658,111,32,213450,213480
21659,111,32,215410,233750
21660,111,33,14550,15110
21661,111,33,17500,18900
21662,111,33,24580,30200
21663,111,33,31780,67890
21664,111,33,70300,78710
21665,111,33,94280,94370
21666,111,33,97940,98360
21667,111,33,99380,116770
21668,111,42,27500,74860
21669,111,42,76240,78560
21670,111,42,84950,96940
21671,111,42,115730,121270
21672,111,42,122450,127520
21673,111,42,171960,175820
21674,111,42,178060,179260
21675,111,42,181600,182810
21676,111,42,186110,197680
21677,111,42,199140,236720
21678,111,43,15750,62090
21679,111,43,63970,64750
21680,111,43,66900,67610
21681,111,43,70060,71130
21682,111,43,105770,105770
21683,111,43,107380,107530
21684,111,43,108610,109820
21685,111,43,111030,120750
21686,111,43,153850,154970
21687,111,43,156030,158330
21688,111,43,162000,165400
21689,111,43,166640,167090
21690,111,43,172990,185400
21691,111,43,187350,188560
21692,111,43,189690,194500
21693,111,43,198880,199670
21694,111,43,201520,219340
21695,111,48,30840,43480
21696,111,48,45410,55160
21697,111,48,57060,68440
21698,111,48,69890,73260
21699,111,48,74690,80280
21700,111,48,92970,93240
21701,111,48,95220,102320
21702,111,48,103490,104080
21703,111,48,107760,112390
21704,111,48,176290,185950
21705,111,48,188740,196780
21706,111,48,198480,208400
21707,111,48,227870,228930
21708,111,49,13120,13300
21709,111,49,20760,21760
21710,111,50,47190,63680
21711,111,50,66310,74960
21712,111,50,91810,112810
21713,111,50,114020,138630
21714,111,50,141720,143000
21715,111,50,147830,155760
21716,111,50,159790,209270
21717,111,51,32690,82810
21718,111,51,90370,109450
21719,111,51,122100,122140
21720,111,51,123760,124500
21721,111,51,129140,130080
21722,111,51,190610,198200
21723,111,51,201540,231430
21724,111,51,232520,240120
21725,111,51,247570,247870
21726,111,51,252280,254060
21727,111,52,17000,18190
21728,111,52,25950,28090
21729,111,52,30120,30730
21730,111,52,32040,39790
21731,111,52,42420,68460
21732,111,52,70940,79660
21733,111,52,100730,100970
21734,111,52,103190,103500
21735,111,52,128000,131220
21736,111,52,135210,137930
21737,111,52,142480,142740
21738,111,52,146690,147520
21739,111,52,152610,152970
21740,111,52,172790,173000
21741,111,52,175210,200390
21742,111,52,204520,213800
21743,111,52,217980,219580
21744,111,61,86730,131130
21745,111,61,134880,134890
21746,111,61,137640,147140
21747,111,62,267340,291570
21748,111,62,292810,330290
21749,111,70,119730,158840
21750,111,70,168740,168850
21751,111,72,86540,86840
21752,111,72,92690,93980
21753,111,72,96450,101550
21754,111,72,102860,109560
21755,111,72,112050,113280
21756,111,72,114470,135210
21757,111,73,25590,76970
21758,111,73,84320,128110
21759,111,73,143470,145930
21760,111,73,165050,168330
21761,111,73,169600,174890
21762,111,73,177700,193750
21763,111,73,195030,200140
21764,111,73,202350,208190
21765,111,73,210130,220770
21766,111,73,222560,230700
21767,111,74,16060,24930
21768,111,74,38780,69030
21769,111,74,71430,80630
21770,111,74,114270,122630
21771,111,74,124140,125500
21772,111,74,126510,127470
21773,111,74,134310,136340
21774,111,78,54650,103080
21775,111,78,111300,111610
21776,111,78,113790,114290
21777,111,78,142500,145490
21778,111,78,149110,149800
21779,111,78,182170,183300
21780,111,78,197140,206410
21781,111,78,209170,262010
21782,111,81,19920,70060
21783,111,81,71210,72140
21784,111,81,74590,83810
21785,111,81,94870,95730
21786,111,81,99080,161210
21787,111,81,171080,216210
21788,111,81,217240,219400
21789,111,101,24250,27490
21790,111,104,36670,36830
21791,111,104,38020,38250
21792,111,105,49080,49440
21793,111,106,44830,60960
21794,111,106,62280,83270
21795,111,106,84300,96580
21796,111,106,100050,101870
21797,111,107,16770,23490
21798,111,107,24750,59640
21799,111,115,31930,33930
21800,111,115,39840,40850
21801,111,115,45950,79370
21802,111,115,84770,92890
21803,111,115,96110,116050
21804,111,115,124240,124760
21805,111,115,170000,180700
21806,111,115,183540,187450
21807,111,115,188670,188950
21808,111,115,190940,191400
21809,111,115,192610,194450
21810,111,115,196140,196350
21811,111,115,198390,199730
21812,111,115,201910,201920
21813,111,115,204240,205680
21814,111,115,208460,208600
21815,111,115,216540,220000
21816,111,115,222560,223410
21817,111,115,224750,227400
21818,111,115,229770,233270
21819,111,115,234420,237030
21820,111,117,19480,25270
21821,111,117,28640,33860
21822,111,117,45190,67060
21823,111,117,71020,71580
21824,111,117,74240,74900
21825,111,117,104250,139950
21826,111,117,144240,148090
21827,111,117,151510,151820
21828,111,117,153310,153460
21829,111,117,172890,173360
21830,111,117,175290,205290
21831,111,117,206300,218120
21832,111,117,221820,221900
21833,111,121,59890,59990
21834,111,121,61970,62370
21835,111,121,66440,67480
21836,111,121,68820,68990
21837,111,121,70650,72210
21838,111,121,73510,74420
21839,111,121,76650,81400
21840,111,121,86140,86150
21841,111,121,89330,89730
21842,111,121,93390,95710
21843,111,121,99160,102160
21844,111,121,105460,106580
21845,111,121,108420,108590
21846,111,121,109880,110030
21847,111,121,116180,120300
21848,111,121,125740,132520
21849,111,121,210710,219370
21850,111,121,222290,238180
21851,111,121,279990,280850
21852,111,122,51010,73630
21853,111,122,76620,85090
21854,111,122,102010,110740
21855,111,122,153980,155340
21856,111,122,158170,158690
21857,111,122,173780,224060
21858,111,127,34400,34910
21859,111,127,36170,38140
21860,111,127,39960,57210
21861,111,127,59500,65430
21862,111,127,66480,70780
21863,111,127,73080,75910
21864,111,127,77860,79600
21865,111,127,80960,82760
21866,111,127,83770,84270
21867,111,127,90920,94530
21868,111,127,104050,105570
21869,111,127,109100,109910
21870,111,127,111080,112750
21871,111,127,114960,115570
21872,111,127,124250,127730
21873,111,127,134970,137600
21874,111,127,155020,157920
21875,111,127,173980,184120
21876,111,127,186890,203550
21877,111,128,50120,51430
21878,111,128,72060,72070
21879,111,128,79850,80470
21880,111,128,95020,95340
21881,111,128,101110,106710
21882,111,128,107760,109830
21883,111,128,113000,113200
21884,111,128,142240,142470
21885,111,128,143670,149530
21886,111,128,177330,179840
21887,111,128,181070,219350
21888,111,131,41990,57950
21889,111,131,59780,60550
21890,111,131,63430,64230
21891,111,131,68970,70800
21892,111,131,72270,82910
21893,111,131,84090,94330
21894,111,131,99150,103610
21895,111,131,108370,126020
21896,111,131,127180,132650
21897,111,131,135170,136770
21898,111,131,139060,141350
21899,111,131,152160,153300
21900,111,131,184450,193050
21901,111,131,195860,199950
21902,111,131,201000,211760
21903,111,131,251530,253700
21904,111,133,78010,79800
21905,111,133,86110,90740
21906,111,133,97670,100140
21907,111,133,103160,110860
21908,112,60,78840,80180
21909,112,103,50050,50110
21910,112,103,51640,52710
21911,112,103,61110,61180
21912,112,103,85980,86170
21913,112,103,88260,88390
21914,112,106,113920,114320
21915,112,196,106060,106510
21916,112,196,111310,113240
21917,112,196,117640,119150
21918,112,253,5490,5920
21919,112,291,41970,42450
21920,112,291,55490,55840
21921,112,291,57680,59840
21922,112,299,31770,36720
21923,112,299,39450,40710
21924,112,299,42510,43290
21925,112,325,16040,16110
21926,112,325,26380,30700
21927,112,325,34450,47090
21928,112,325,54730,55470
21929,112,325,57310,58870
21930,112,338,7910,10540
21931,112,345,24610,26890
21932,112,346,60970,62080
21933,113,145,178750,180980
21934,113,218,52870,54080
21935,113,218,118210,118840
21936,113,264,165600,167460
21937,113,265,353640,355030
21938,113,265,356120,359320
21939,113,265,370180,370730
21940,113,265,375030,376270
21941,113,265,377730,378020
21942,114,4,22120,25300
21943,114,4,26470,30990
21944,114,4,34410,39310
21945,114,4,40340,74710
21946,114,5,42810,55930
21947,114,5,57190,61050
21948,114,5,70190,73950
21949,114,5,77590,80210
21950,114,5,82030,89930
21951,114,5,94780,95430
21952,114,7,34730,35050
21953,114,7,46050,46940
21954,114,7,55070,55870
21955,114,7,57660,57760
21956,114,7,58770,60250
21957,114,7,67590,67720
21958,114,7,71140,72220
21959,114,7,73960,75470
21960,114,8,7540,13200
21961,114,8,33940,35400
21962,114,8,38420,38920
21963,114,8,40290,42500
21964,114,8,45220,52330
21965,114,8,56840,57170
21966,114,8,60450,90120
21967,114,8,120800,122300
21968,114,8,140320,140680
21969,114,8,146030,147330
21970,114,8,174050,175330
21971,114,8,185760,191870
21972,114,8,212310,213230
21973,114,9,5780,6330
21974,114,9,45490,45880
21975,114,9,83090,83280
21976,114,9,147460,149310
21977,114,11,37230,37870
21978,114,11,59420,60320
21979,114,11,71590,72550
21980,114,12,40500,40750
21981,114,12,42350,45120
21982,114,13,29400,31190
21983,114,13,32570,32710
21984,114,13,34900,35640
21985,114,13,37000,37560
21986,114,13,38970,39520
21987,114,14,54390,55780
21988,114,14,59380,64040
21989,114,14,65140,77170
21990,114,14,79010,87250
21991,114,16,834590,834700
21992,114,16,907310,908330
21993,114,18,504950,505360
21994,114,18,513660,513700
21995,114,18,514900,515380
21996,114,18,519440,519690
21997,114,18,524850,525230
21998,114,18,552790,553160
21999,114,18,581350,581760
22000,114,18,583820,585340
22001,114,18,599100,599650
22002,114,18,673540,681140
22003,114,18,683270,683970
22004,114,18,717570,720070
22005,114,18,725430,725550
22006,114,18,728980,729720
22007,114,18,738050,740260
22008,114,18,743790,744990
22009,114,18,751320,752180
22010,114,18,755750,767490
22011,114,18,770050,786010
22012,114,18,787240,787450
22013,114,18,788930,791410
22014,114,18,792920,806440
22015,114,18,808850,818620
22016,114,18,824310,824850
22017,114,18,829560,833760
22018,114,18,837600,842220
22019,114,18,849970,850260
22020,114,18,854390,863710
22021,114,18,864990,865100
22022,114,18,868840,901900
22023,114,18,904600,917400
22024,114,18,920450,921060
22025,114,20,50020,57490
22026,114,20,60560,62910
22027,114,20,64760,67340
22028,114,20,74770,82600
22029,114,21,41550,43530
22030,114,21,47480,60260
22031,114,21,62560,64380
22032,114,21,68340,73170
22033,114,21,74930,78370
22034,114,21,79940,84610
22035,114,23,37300,44780
22036,114,23,48420,74960
22037,114,23,76530,77790
22038,114,23,78830,86010
22039,114,23,91850,93800
22040,114,23,94940,95680
22041,114,24,42410,46520
22042,114,24,48280,50720
22043,114,24,51750,56180
22044,114,24,60900,61280
22045,114,24,64960,65370
22046,114,24,68190,69190
22047,114,24,73820,80910
22048,114,24,90500,97710
22049,114,25,30610,34110
22050,114,25,39540,43880
22051,114,25,46200,48550
22052,114,25,50400,52620
22053,114,25,57480,59060
22054,114,25,63970,69540
22055,114,25,71150,78040
22056,114,25,79360,83610
22057,114,25,85330,88950
22058,114,25,97990,98180
22059,114,25,104220,104590
22060,114,36,55540,57510
22061,114,36,58890,64840
22062,114,36,68710,71480
22063,114,36,75850,77280
22064,114,36,78600,79230
22065,114,36,82480,84180
22066,114,36,92440,92670
22067,114,36,94130,94860
22068,114,36,97300,116040
22069,114,36,119220,119670
22070,114,38,29580,30340
22071,114,38,36120,39260
22072,114,38,43210,48370
22073,114,38,49380,52490
22074,114,41,24260,31720
22075,114,41,33540,36220
22076,114,41,39710,49840
22077,114,41,52330,54470
22078,114,41,58860,61890
22079,114,41,64050,68370
22080,114,41,72260,74930
22081,114,41,75980,78360
22082,114,42,49710,53480
22083,114,42,58900,63370
22084,114,42,67290,68120
22085,114,42,92210,93010
22086,114,42,94410,95480
22087,114,43,103250,104560
22088,114,43,138310,146140
22089,114,43,156410,158590
22090,114,43,167460,171400
22091,114,43,174660,175100
22092,114,43,215930,219550
22093,114,43,220900,221530
22094,114,44,35200,35890
22095,114,44,43000,43500
22096,114,44,58710,59280
22097,114,44,74600,77440
22098,114,44,80260,82810
22099,114,44,97960,98110
22100,114,48,21790,22050
22101,114,48,48370,49710
22102,114,48,60840,62080
22103,114,48,67090,67380
22104,114,51,41770,43130
22105,114,51,46110,46370
22106,114,51,56610,57150
22107,114,51,64000,73000
22108,114,51,74360,74630
22109,114,51,76860,80240
22110,114,51,81980,82430
22111,114,51,83450,85550
22112,114,51,92150,92410
22113,114,51,93440,97340
22114,114,51,98540,99600
22115,114,55,20720,24730
22116,114,55,26270,26500
22117,114,55,31370,33960
22118,114,55,40100,54350
22119,114,55,56180,59190
22120,114,55,61140,64100
22121,114,55,66230,75110
22122,114,63,25480,26600
22123,114,64,118200,118930
22124,114,64,124770,125870
22125,114,65,23220,32220
22126,114,65,33480,49450
22127,114,65,50470,64310
22128,114,65,69710,80120
22129,114,72,30570,32110
22130,114,72,36830,37090
22131,114,81,31680,32400
22132,114,81,35910,37590
22133,114,81,39230,41350
22134,114,81,42700,59290
22135,114,81,60940,73430
22136,114,82,49900,63550
22137,114,82,66550,69710
22138,114,82,75120,78480
22139,114,82,79690,87350
22140,114,82,89570,90790
22141,114,82,92780,93080
22142,114,83,26160,26160
22143,114,83,28750,32310
22144,114,83,34320,34720
22145,114,83,45310,52280
22146,114,83,55220,56490
22147,114,83,57710,76760
22148,114,83,78350,80460
22149,114,87,63740,65350
22150,114,87,66820,73980
22151,114,87,81330,84630
22152,114,97,22410,24850
22153,114,97,27000,27250
22154,114,97,32190,57950
22155,114,97,59950,77020
22156,114,102,49440,58710
22157,114,102,62630,70650
22158,114,102,73420,75080
22159,114,102,76240,83490
22160,114,102,87810,95470
22161,114,109,26010,31780
22162,114,109,33460,37140
22163,114,109,38350,39620
22164,114,109,42540,43370
22165,114,109,45340,71570
22166,114,110,52420,64390
22167,114,110,65620,80650
22168,114,112,21610,34500
22169,114,112,36740,74610
22170,114,113,40270,41270
22171,114,113,42510,45190
22172,114,113,50450,51400
22173,114,113,55310,57820
22174,114,113,59480,84890
22175,114,115,20650,21230
22176,114,115,22500,22880
22177,114,115,53240,53650
22178,114,115,57010,57310
22179,114,115,66320,68860
22180,114,115,69970,73160
22181,114,128,19570,28410
22182,114,128,30290,32770
22183,114,128,38950,40700
22184,114,128,43330,76910
22185,114,129,47270,51820
22186,114,129,56020,60280
22187,114,129,62080,63190
22188,114,129,68980,69070
22189,114,129,70990,72960
22190,114,129,74250,75510
22191,114,129,78700,79280
22192,114,129,98360,98360
22193,114,131,40530,47000
22194,114,131,52340,57810
22195,114,131,60550,67080
22196,114,131,69670,86700
22197,114,131,88240,92250
22198,114,131,95000,95520
22199,114,131,97020,97330
22200,114,134,26190,35840
22201,114,134,40650,41410
22202,114,134,42530,49280
22203,114,134,50360,55050
22204,114,134,56830,60210
22205,114,134,66730,82960
22206,114,135,39650,44680
22207,114,135,51940,56630
22208,114,135,58200,67060
22209,114,135,74460,77160
22210,114,135,81120,85850
22211,114,135,92230,93200
22212,114,136,21670,39020
22213,114,136,44740,48030
22214,114,136,50910,58610
22215,114,136,65410,66840
22216,114,136,70620,71910
22217,114,136,74010,75100
22218,114,137,49240,87130
22219,114,137,91870,93230
22220,115,5,71700,86390
22221,115,5,89390,93940
22222,115,5,96280,101790
22223,115,5,103120,106030
22224,115,5,112560,115410
22225,115,5,117900,120100
22226,115,5,121400,122510
22227,115,5,136740,136910
22228,115,6,70470,73710
22229,115,6,77620,78860
22230,115,6,83090,84000
22231,115,8,87460,90890
22232,115,8,109280,113650
22233,115,8,115220,154100
22234,115,8,167020,173830
22235,115,12,39330,52500
22236,115,12,66380,68660
22237,115,12,72490,74850
22238,115,12,76240,83140
22239,115,12,85750,93830
22240,115,12,95290,113640
22241,115,12,123070,123890
22242,115,12,138160,141430
22243,115,12,143190,145110
22244,115,12,163480,172100
22245,115,12,260530,260540
22246,115,12,269440,274910
22247,115,12,281300,287070
22248,115,12,292010,296980
22249,115,12,301940,305890
22250,115,12,308870,310640
22251,115,12,312000,315170
22252,115,12,316340,316530
22253,115,12,324150,326330
22254,115,12,328030,329410
22255,115,12,331720,333470
22256,115,12,334500,334600
22257,115,12,336800,336810
22258,115,12,338430,342500
22259,115,12,354270,362410
22260,115,12,363590,382860
22261,115,12,384100,389210
22262,115,13,34770,38780
22263,115,13,40550,152410
22264,115,13,159740,161750
22265,115,13,225190,230030
22266,115,13,233830,233900
22267,115,13,237990,242130
22268,115,13,248520,249290
22269,115,13,252840,253730
22270,115,13,255360,267480
22271,115,13,270680,275900
22272,115,13,278740,289350
22273,115,13,290460,301680
22274,115,13,306280,335460
22275,115,13,337170,347890
22276,115,15,11060,14620
22277,115,15,15640,16870
22278,115,15,21380,26930
22279,115,15,29230,31060
22280,115,15,36480,37670
22281,115,16,17830,24880
22282,115,20,100290,102370
22283,115,20,109660,110200
22284,115,20,113150,113620
22285,115,20,119490,119570
22286,115,20,138430,140100
22287,115,20,142710,142830
22288,115,20,159360,160240
22289,115,20,169850,172470
22290,115,20,176680,177070
22291,115,20,184370,225870
22292,115,21,9350,10470
22293,115,21,11610,15990
22294,115,21,18170,23270
22295,115,21,27210,28540
22296,115,21,29760,32100
22297,115,22,42200,43470
22298,115,22,47300,50310
22299,115,22,55070,55700
22300,115,22,57920,61200
22301,115,22,72010,75980
22302,115,22,79900,138140
22303,115,22,140220,140520
22304,115,22,144870,238290
22305,115,22,239430,246430
22306,115,22,248310,248320
22307,115,55,42350,43530
22308,115,55,45500,48640
22309,115,55,49650,85750
22310,115,55,88310,92230
22311,115,55,96020,119210
22312,115,55,121230,129890
22313,115,55,131820,134090
22314,115,55,135850,142280
22315,115,55,143750,144900
22316,115,55,146340,150380
22317,115,55,152040,155390
22318,115,55,157810,159120
22319,115,56,24200,24330
22320,115,56,33550,34440
22321,115,56,35770,35930
22322,115,56,41680,78310
22323,115,56,107440,107470
22324,115,56,109070,127270
22325,115,56,135010,141270
22326,115,56,144490,159760
22327,115,56,164950,176170
22328,115,56,179970,212610
22329,115,56,220780,242060
22330,115,56,243290,262930
22331,115,56,263960,265580
22332,115,56,267890,270260
22333,115,56,271420,271850
22334,115,56,283350,289190
22335,115,57,6580,8020
22336,115,58,103830,132740
22337,115,58,134890,147430
22338,115,58,149470,151580
22339,115,58,153060,156600
22340,115,58,158100,158440
22341,115,58,159500,164560
22342,115,58,175310,199100
22343,115,58,201650,221990
22344,115,58,225410,232120
22345,115,58,241730,244650
22346,115,58,245670,249820
22347,115,58,253450,270740
22348,115,58,271910,272330
22349,115,58,274020,298310
22350,115,58,302910,305930
22351,115,63,58390,58450
22352,115,63,60920,78990
22353,115,63,81840,82930
22354,115,63,84820,85110
22355,115,63,88500,88620
22356,115,63,95560,105320
22357,115,63,107130,114910
22358,115,65,58440,62110
22359,115,65,63830,64010
22360,115,65,71810,73410
22361,115,65,75380,80260
22362,115,65,84240,85440
22363,115,65,86720,87890
22364,115,70,124340,125550
22365,115,70,137020,140680
22366,115,70,144260,144310
22367,115,70,145370,156280
22368,115,70,161050,162170
22369,115,70,173150,173200
22370,115,70,174640,177960
22371,115,70,180870,181330
22372,115,71,200060,200210
22373,115,71,202020,203850
22374,115,71,206430,217420
22375,115,71,219110,223040
22376,115,71,224570,231700
22377,115,71,238170,238890
22378,115,71,243840,245130
22379,115,71,256680,257410
22380,115,71,268200,268690
22381,115,71,270760,277530
22382,115,71,278900,279020
22383,115,71,282370,288300
22384,115,71,289380,313270
22385,115,71,315170,320060
22386,115,71,322710,323330
22387,115,71,324540,351340
22388,115,71,355540,367270
22389,115,71,369190,370110
22390,115,71,371540,372120
22391,115,71,376160,380670
22392,115,71,381760,382010
22393,115,71,384760,398260
22394,115,71,400410,400480
22395,115,71,403360,403460
22396,115,71,404560,409220
22397,115,74,6760,17750
22398,115,74,21140,21510
22399,115,74,24140,26070
22400,115,74,34490,71890
22401,115,74,73630,73770
22402,115,74,76480,77040
22403,115,74,79150,84310
22404,115,74,85780,123600
22405,115,74,125840,202520
22406,115,74,203830,205840
22407,115,74,208160,208230
22408,115,74,210960,211360
22409,115,74,214350,218970
22410,115,74,226490,231330
22411,115,74,237100,238720
22412,115,74,241040,248250
22413,115,74,250300,250630
22414,115,74,251840,252230
22415,115,78,116070,118830
22416,115,78,126220,315050
22417,115,78,324820,336840
22418,115,78,338190,360750
22419,115,78,362890,401250
22420,115,78,402760,485470
22421,115,78,488470,493980
22422,115,82,21730,24720
22423,115,82,37650,38400
22424,115,82,40710,53040
22425,115,82,62350,62550
22426,115,82,64480,65360
22427,115,82,74060,81680
22428,115,82,83630,89600
22429,115,82,92350,99800
22430,115,99,45090,47230
22431,115,99,67460,69050
22432,115,100,71910,73260
22433,115,100,77440,78100
22434,115,100,79180,99850
22435,115,100,101830,105150
22436,115,100,121670,123340
22437,115,100,152760,152940
22438,115,100,154940,155990
22439,115,101,77700,81930
22440,115,101,88100,88170
22441,115,102,79320,82040
22442,115,102,83210,83840
22443,115,102,91150,92650
22444,115,102,94240,95210
22445,115,102,124360,128220
22446,115,102,134740,135590
22447,115,102,141950,144780
22448,115,102,160230,160930
22449,115,102,165700,165810
22450,115,102,168120,170470
22451,115,102,178490,192620
22452,115,102,195130,204970
22453,115,102,206810,209400
22454,115,102,217360,221830
22455,115,108,6410,6670
22456,115,108,14990,16090
22457,115,108,22060,25990
22458,115,109,62430,113940
22459,115,109,115490,116800
22460,115,110,18670,22550
22461,115,110,23590,24420
22462,115,110,25700,35550
22463,115,110,39010,74490
22464,115,110,75860,86790
22465,115,110,88270,99610
22466,115,110,101270,101320
22467,115,110,103590,107010
22468,115,110,108340,113850
22469,115,110,118580,118750
22470,115,110,120180,120490
22471,115,110,121770,122090
22472,115,110,133400,153450
22473,115,114,81640,89510
22474,115,114,92860,103490
22475,115,114,108340,114650
22476,115,114,116620,118150
22477,115,114,120090,125290
22478,115,114,127210,182340
22479,115,114,183510,187080
22480,115,114,188190,195040
22481,115,114,198530,199940
22482,115,114,201100,215780
22483,115,114,219080,221380
22484,115,115,4150,13850
22485,115,115,16380,21850
22486,115,115,24480,27910
22487,115,115,30600,45120
22488,115,115,48960,63940
22489,115,117,34840,35620
22490,115,117,37530,38320
22491,115,117,41650,47290
22492,115,117,50300,61310
22493,115,117,62310,64610
22494,115,117,65920,67240
22495,115,117,69430,69520
22496,115,117,75530,77790
22497,115,117,79140,92750
22498,115,117,97410,97810
22499,115,117,104910,129810
22500,115,117,131370,139970
22501,115,117,141230,143920
22502,115,117,148920,148980
22503,115,117,150060,150740
22504,115,117,152220,153670
22505,115,117,156860,160970
22506,115,117,161990,162570
22507,115,117,163900,170890
22508,115,117,173390,183200
22509,115,117,184630,188320
22510,115,117,189410,190360
22511,115,117,192170,195310
22512,115,117,204940,207530
22513,115,117,208720,227050
22514,115,117,234910,243260
22515,115,120,47600,51100
22516,115,120,53490,54000
22517,115,120,56900,63400
22518,115,120,68380,90790
22519,115,120,92060,95230
22520,115,120,97200,103520
22521,115,120,104950,108930
22522,115,120,113320,115120
22523,115,120,116800,148060
22524,115,120,149390,153100
22525,115,120,155100,178330
22526,115,120,180340,184280
22527,115,120,185520,186760
22528,115,120,190450,191900
22529,115,120,193660,193660
22530,115,120,195840,195870
22531,115,120,197450,197740
22532,115,120,204250,206130
22533,115,120,211020,211120
22534,115,120,216050,217070
22535,115,120,227100,229280
22536,115,120,230720,230980
22537,115,120,233790,244350
22538,115,120,248270,249230
22539,115,120,253160,257230
22540,115,138,25340,25510
22541,115,138,27210,33180
22542,115,139,10990,12280
22543,115,139,21670,28500
22544,115,139,29550,38120
22545,115,141,8990,23650
22546,115,141,26950,53030
22547,115,141,54690,63170
22548,115,141,65510,88990
22549,115,141,90350,90540
22550,115,141,92240,104980
22551,115,141,109790,110830
22552,115,141,114800,115240
22553,115,141,117390,127280
22554,115,141,129470,129690
22555,115,141,136970,139470
22556,115,141,202170,203230
22557,115,141,206180,206910
22558,115,141,224870,226260
22559,115,141,228560,288980
22560,115,141,290300,329850
22561,115,141,331650,332360
22562,115,142,29600,45400
22563,115,142,48670,50860
22564,115,142,51980,64500
22565,115,142,66120,69080
22566,115,142,73470,79970
22567,115,142,81230,81460
22568,115,142,83620,83920
22569,115,142,85250,88730
22570,115,142,94560,96900
22571,115,142,106880,109270
22572,115,142,110880,119010
22573,115,142,120110,129350
22574,115,142,132580,141250
22575,115,142,145880,148960
22576,115,142,151900,152230
22577,115,142,243240,243300
22578,115,142,244530,245600
22579,115,142,247940,252700
22580,115,142,256450,268570
22581,115,142,271940,279360
22582,115,142,280470,282610
22583,115,142,283620,286050
22584,115,142,288590,299710
22585,115,142,303030,304720
22586,115,142,306530,309010
22587,115,142,310820,312080
22588,115,142,314840,319490
22589,115,142,321150,321190
22590,115,142,322990,326310
22591,115,142,336510,336660
22592,115,142,338340,340500
22593,115,142,343890,351330
22594,115,142,355290,356340
22595,115,147,43240,76290
22596,115,147,83440,106030
22597,115,147,107630,126100
22598,115,147,142140,156200
22599,115,147,157430,178320
22600,115,147,179980,195520
22601,115,147,197410,197530
22602,115,147,203570,219970
22603,115,147,227350,229800
22604,115,147,231250,238940
22605,115,147,240110,249150
22606,115,151,42990,44350
22607,115,151,56940,67130
22608,115,151,70270,86050
22609,115,151,87530,102860
22610,115,151,103990,131290
22611,115,151,132670,138690
22612,115,151,139990,141320
22613,115,151,145040,171890
22614,115,151,177880,178550
22615,115,151,179630,204090
22616,115,151,205360,212430
22617,115,151,215630,219680
22618,115,151,224800,229290
22619,115,151,231900,232450
22620,115,152,76080,76320
22621,115,152,86210,113430
22622,115,152,115700,126640
22623,115,152,128730,136340
22624,115,152,147620,153480
22625,115,153,54800,60770
22626,115,153,62600,66190
22627,115,153,72400,116900
22628,115,153,118590,124110
22629,115,160,59200,82300
22630,115,160,90420,117880
22631,115,160,119320,120320
22632,115,160,122890,124520
22633,115,160,126600,145760
22634,115,160,147080,154270
22635,115,160,156840,219980
22636,115,160,222110,223260
22637,115,160,224770,250590
22638,115,161,6400,7740
22639,115,161,10730,13130
22640,115,163,44170,50720
22641,115,163,53810,92650
22642,115,163,99800,101810
22643,115,163,105130,109540
22644,115,163,111620,112820
22645,115,163,119500,138440
22646,115,163,140240,156240
22647,115,163,158060,161130
22648,115,163,162730,171250
22649,115,163,181700,182060
22650,115,163,193340,193680
22651,115,163,195320,195600
22652,115,163,196700,201580
22653,115,163,203590,215490
22654,115,163,217050,228680
22655,115,163,230280,230610
22656,115,163,241140,241400
22657,115,178,37740,54670
22658,115,184,28170,28930
22659,115,184,34520,45620
22660,115,184,47560,47680
22661,115,184,48900,49140
22662,115,184,51370,53870
22663,115,184,56330,60630
22664,115,184,62150,64360
22665,115,184,66640,70030
22666,115,184,75810,86030
22667,115,184,104350,120720
22668,115,184,123040,162010
22669,115,184,168030,195070
22670,115,184,196210,200880
22671,115,184,202570,207560
22672,115,184,212840,230550
22673,115,184,231730,238050
22674,115,187,18270,20810
22675,115,187,21890,28400
22676,115,187,29880,31600
22677,115,187,37960,39070
22678,115,187,42770,44570
22679,115,187,47150,48640
22680,115,187,51740,56890
22681,115,187,58960,59350
22682,115,187,61910,63160
22683,115,187,65290,67440
22684,115,187,69690,70490
22685,115,187,82430,83360
22686,115,187,88400,88460
22687,115,187,89920,118180
22688,115,187,120090,124020
22689,115,187,125350,159980
22690,115,187,162620,163160
22691,115,187,164880,165980
22692,115,187,178170,178800
22693,115,187,180060,189810
22694,115,187,191050,202220
22695,115,187,204120,210550
22696,115,187,214450,223980
22697,115,192,39010,47870
22698,115,192,51450,52580
22699,115,192,65570,67280
22700,115,192,84330,84720
22701,115,192,88650,90530
22702,115,192,93040,94300
22703,115,192,111880,114640
22704,115,192,124870,124870
22705,115,192,127510,127950
22706,115,192,129040,130430
22707,115,192,136730,136920
22708,115,192,138080,141240
22709,115,192,143860,158240
22710,115,192,159460,179940
22711,115,192,182850,203890
22712,115,192,220790,238870
22713,115,195,39690,72080
22714,115,195,74220,82090
22715,115,195,84030,85450
22716,115,195,93590,94670
22717,115,195,106530,139870
22718,115,195,147760,167610
22719,115,195,169530,179320
22720,115,195,181720,183470
22721,115,195,185720,185750
22722,115,195,186840,197410
22723,115,195,198460,201140
22724,115,195,202240,207500
22725,115,195,210700,217250
22726,115,195,220710,230600
22727,115,195,236060,244750
22728,115,201,34640,70000
22729,115,201,71880,72950
22730,115,201,73960,92390
22731,115,201,94460,96960
22732,115,201,101580,103390
22733,115,201,104450,108280
22734,115,201,112430,113400
22735,115,202,83080,92130
22736,115,202,94110,105570
22737,115,202,115650,129390
22738,115,202,133580,151000
22739,115,202,154010,157700
22740,115,205,68250,72450
22741,115,205,74010,74840
22742,115,205,79330,86390
22743,115,207,7120,16670
22744,115,207,24460,25050
22745,115,207,28730,32810
22746,115,207,34360,35060
22747,115,207,36160,37680
22748,115,207,39210,55310
22749,115,209,17740,17830
22750,115,209,22480,64920
22751,115,209,66700,68570
22752,115,209,74050,100900
22753,115,209,102070,108140
22754,115,209,113900,120300
22755,115,209,123710,126430
22756,115,209,128100,137200
22757,115,209,139310,155550
22758,115,209,169800,170710
22759,115,215,32990,33140
22760,115,215,35060,42190
22761,115,215,45640,47630
22762,115,219,37030,38900
22763,115,219,40950,41010
22764,115,220,12250,15990
22765,115,231,35260,45930
22766,115,231,52020,61400
22767,115,231,66680,66820
22768,115,231,68380,68380
22769,115,231,69750,101120
22770,115,231,103260,129120
22771,115,231,131220,168220
22772,115,231,172100,176620
22773,115,231,181290,186920
22774,115,231,188300,188860
22775,115,231,191960,193820
22776,115,231,195070,211890
22777,115,231,214970,218490
22778,115,231,227710,228890
22779,115,231,231410,233290
22780,115,231,239510,239550
22781,115,233,40200,43420
22782,115,233,45600,55820
22783,115,233,56940,61860
22784,115,233,64050,84330
22785,115,233,85990,91930
22786,115,233,96610,106020
22787,115,233,107090,117040
22788,115,233,118220,173510
22789,115,233,175980,181670
22790,115,233,185150,199470
22791,115,233,207700,218820
22792,115,233,220690,229990
22793,115,233,233790,236560
22794,115,233,239390,239670
22795,115,233,242970,245510
22796,115,237,34570,34980
22797,115,237,36860,37390
22798,115,237,38410,69040
22799,115,237,72490,83740
22800,115,237,85120,89050
22801,115,237,92070,93930
22802,115,237,96940,184660
22803,115,237,185700,199840
22804,115,237,201460,222020
22805,115,237,227580,236080
22806,115,240,46290,93140
22807,115,241,14040,47720
22808,115,241,49040,87610
22809,115,241,89410,100440
22810,115,241,109660,122040
22811,115,241,123890,128170
22812,115,241,131650,161760
22813,115,241,163590,163620
22814,115,246,60020,83600
22815,115,246,84940,85590
22816,115,246,87190,89310
22817,115,246,92830,125220
22818,115,246,129160,156020
22819,115,246,158200,162510
22820,115,246,167320,170320
22821,115,246,180680,191810
22822,115,246,192860,196310
22823,115,246,198150,199530
22824,115,246,201270,204860
22825,115,246,206560,219550
22826,115,246,220930,222990
22827,115,246,224220,224260
22828,115,246,226620,233780
22829,115,246,234830,247750
22830,115,246,254020,257030
22831,115,246,258400,262600
22832,115,249,46100,49180
22833,115,249,51440,86110
22834,115,249,90070,91470
22835,115,249,92900,93170
22836,115,249,94610,97050
22837,115,249,98060,98930
22838,115,249,100370,105570
22839,115,249,110440,120910
22840,115,249,122610,138920
22841,115,249,140300,153280
22842,115,249,155250,159830
22843,115,249,160870,181330
22844,115,249,189600,202330
22845,115,249,217300,217850
22846,115,249,219310,228020
22847,115,249,232180,236620
22848,115,249,238250,240620
22849,115,249,242620,242620
22850,115,249,244650,245100
22851,115,249,247090,251890
22852,115,249,280310,283150
22853,115,251,45990,46510
22854,115,254,9010,12070
22855,115,254,16220,34430
22856,115,254,35730,39430
22857,115,254,40960,43790
22858,115,254,53050,54350
22859,115,254,57060,74870
22860,115,254,77330,79840
22861,115,254,85140,93150
22862,115,254,94650,107400
22863,115,254,108980,158020
22864,115,254,160130,160400
22865,115,256,145750,148220
22866,115,256,153360,154540
22867,115,256,159420,163460
22868,115,256,166930,167950
22869,115,256,171980,172070
22870,115,256,173280,183160
22871,115,256,187540,187540
22872,115,256,222370,226980
22873,115,256,229710,243700
22874,115,256,303970,316890
22875,115,256,329250,329530
22876,115,256,331000,331440
22877,115,256,333340,335670
22878,115,256,337660,339390
22879,115,256,340410,357150
22880,115,256,358310,362780
22881,115,256,364430,370640
22882,115,256,372010,386730
22883,115,256,389030,395480
22884,115,256,403730,403960
22885,115,256,412170,412440
22886,115,256,413610,417470
22887,115,256,418520,419000
22888,115,256,420130,421760
22889,115,256,423390,431460
22890,115,256,432840,436380
22891,115,256,438190,442180
22892,115,256,444520,460180
22893,115,256,461660,463200
22894,115,256,464220,475440
22895,115,256,482650,487650
22896,115,256,490630,491300
22897,115,256,493010,494190
22898,115,256,496650,498820
22899,115,256,500910,502030
22900,115,256,504330,504840
22901,115,256,507090,507820
22902,115,256,515430,515660
22903,115,256,527770,528880
22904,115,256,531100,534430
22905,115,256,542460,544590
22906,115,256,546160,557670
22907,115,256,589200,589580
22908,115,256,602750,603560
22909,115,256,604810,605660
22910,115,256,607440,607740
22911,115,256,611760,611810
22912,115,256,613540,616080
22913,115,256,617940,621140
22914,115,256,640240,655310
22915,115,256,660130,685810
22916,115,256,688910,720060
22917,115,256,721790,727730
22918,115,256,735000,744160
22919,115,256,747460,787260
22920,115,256,789740,792310
22921,115,256,796710,824140
22922,115,256,826210,834030
22923,115,256,835320,840450
22924,115,256,841550,849490
22925,115,257,15510,15740
22926,115,257,19200,20600
22927,115,257,21640,25270
22928,115,257,28350,29720
22929,115,257,31480,33270
22930,115,257,34890,35210
22931,115,257,37380,38720
22932,115,257,85130,189730
22933,115,257,192420,195880
22934,115,257,203250,227820
22935,115,257,229760,230040
22936,115,257,233870,238920
22937,115,257,242380,243020
22938,115,257,244560,245360
22939,115,257,247670,260220
22940,115,257,261540,261990
22941,115,257,263700,266520
22942,115,257,268370,283140
22943,115,257,307070,308240
22944,115,257,309580,311870
22945,115,257,315880,317930
22946,115,266,39520,40420
22947,115,266,157800,157940
22948,115,266,165690,166280
22949,115,266,168300,169160
22950,115,266,207240,209930
22951,115,266,215960,216250
22952,115,266,225340,226170
22953,115,266,238230,246190
22954,115,266,249320,250160
22955,115,266,252620,252650
22956,115,266,257080,262870
22957,115,266,265180,268190
22958,115,266,280730,283220
22959,115,266,292000,295140
22960,115,266,296220,296460
22961,115,266,298210,300400
22962,115,266,303500,343880
22963,115,266,347590,351270
22964,115,266,368080,368460
22965,115,266,391140,392490
22966,115,266,396330,409090
22967,115,266,410310,419130
22968,115,266,426950,427350
22969,115,266,428390,436720
22970,115,266,439080,439630
22971,115,266,442920,445630
22972,115,266,448690,449940
22973,115,266,451320,457770
22974,115,266,480040,492790
22975,115,266,495100,551970
22976,115,266,560320,609940
22977,115,266,613900,614400
22978,115,266,631190,632180
22979,115,267,49570,56540
22980,115,267,58250,79080
22981,115,267,81670,89460
22982,115,267,92320,99880
22983,115,267,108410,109960
22984,115,267,112090,113450
22985,115,267,114450,114690
22986,115,267,117510,130480
22987,115,267,138110,138530
22988,115,267,140410,141710
22989,115,267,146100,147980
22990,115,267,152120,152820
22991,115,267,154870,155190
22992,115,267,158000,158050
22993,115,267,159060,162510
22994,115,267,164070,164380
22995,115,267,166510,166930
22996,115,267,169290,175750
22997,115,267,178220,178700
22998,115,267,181620,234020
22999,115,267,235230,241850
23000,115,267,258870,264370
23001,115,267,267080,319330
23002,115,267,348470,354860
23003,115,267,356410,359340
23004,115,267,364990,366900
23005,115,267,405840,406110
23006,115,267,433280,433480
23007,115,267,489820,493030
23008,115,267,494130,494670
23009,115,267,506600,508110
23010,115,273,23880,27520
23011,115,273,33620,44870
23012,115,273,47040,106540
23013,115,273,107850,115460
23014,115,273,126930,150040
23015,115,274,37970,40370
23016,115,274,42730,43020
23017,115,274,44850,59660
23018,115,274,62660,63340
23019,115,274,69150,71170
23020,115,274,82840,93320
23021,115,274,95400,99570
23022,115,274,103220,105180
23023,115,274,109200,119990
23024,115,274,121610,121820
23025,115,274,124030,132020
23026,115,283,54510,82450
23027,115,283,97210,101600
23028,115,283,107590,107980
23029,115,284,14860,16200
23030,115,284,24740,25130
23031,115,286,39020,45730
23032,115,286,48360,48780
23033,115,286,51700,59880
23034,115,286,80110,80350
23035,115,286,85590,95570
23036,115,286,97250,105470
23037,115,286,115220,132760
23038,115,286,134720,142430
23039,115,287,41090,53000
23040,115,287,54270,78310
23041,115,287,80970,85760
23042,115,287,87020,125980
23043,115,287,128070,131490
23044,115,287,134600,149790
23045,115,287,156880,163090
23046,115,287,164680,204670
23047,115,287,205740,241400
23048,115,291,56350,95100
23049,115,291,97780,102660
23050,115,292,14670,30630
23051,115,292,31810,56980
23052,115,292,62760,86480
23053,115,292,88330,103120
23054,115,292,104960,123310
23055,115,292,125660,128650
23056,115,292,130570,132870
23057,115,292,137020,137940
23058,115,294,4940,11410
23059,115,297,40520,42150
23060,115,297,44150,89530
23061,115,298,10700,33420
23062,115,298,37020,37110
23063,115,298,39930,45970
23064,115,298,47610,59770
23065,115,298,66790,98410
23066,115,298,101040,101700
23067,115,298,104230,109460
23068,115,298,110710,124710
23069,115,298,131010,149690
23070,115,298,156850,160510
23071,115,298,161920,164770
23072,115,298,169270,169620
23073,116,1,19000,21420
23074,116,1,22550,22720
23075,116,1,23770,26050
23076,116,1,43400,45710
23077,116,1,47330,67480
23078,116,1,71850,81490
23079,116,1,93340,107780
23080,116,1,110930,134090
23081,116,4,41440,61870
23082,116,4,63590,67550
23083,116,4,71970,75220
23084,116,4,77090,82360
23085,116,4,86280,91600
23086,116,4,99670,101820
23087,116,4,105680,109050
23088,116,4,131120,131390
23089,116,5,42230,43020
23090,116,9,9850,10920
23091,116,9,21450,23080
23092,116,9,26030,38570
23093,116,9,40300,40540
23094,116,9,45010,57860
23095,116,14,73170,73670
23096,116,14,99540,99740
23097,116,21,14670,26340
23098,116,21,31330,31720
23099,116,21,34680,44210
23100,116,21,52910,53180
23101,116,21,54840,55370
23102,116,21,65740,66350
23103,116,21,69440,70680
23104,116,22,50980,52230
23105,116,22,53880,54230
23106,116,22,101030,103820
23107,116,22,115620,118190
23108,116,22,122950,124100
23109,116,29,91150,98120
23110,116,29,120890,121460
23111,116,29,130640,132730
23112,116,34,49830,50280
23113,116,34,65880,67550
23114,116,48,9160,54720
23115,116,49,48340,51770
23116,116,65,45080,45750
23117,116,65,54870,56840
23118,116,65,58530,62580
23119,116,65,70360,73850
23120,116,65,79070,87770
23121,116,65,89540,99630
23122,116,66,93860,103780
23123,116,66,110200,113910
23124,116,66,119240,119900
23125,116,73,112600,113100
23126,116,73,124770,133520
23127,116,73,136460,136800
23128,116,73,158800,162100
23129,116,73,163800,182420
23130,116,73,185820,187180
23131,116,76,50500,58400
23132,116,76,61710,89600
23133,116,76,91970,92990
23134,116,76,94980,107250
23135,116,76,111810,114090
23136,116,76,117150,117240
23137,116,86,185530,192310
23138,116,86,214780,214970
23139,116,86,230200,230540
23140,116,86,233130,233970
23141,116,90,63620,79180
23142,116,90,88020,94540
23143,116,90,100540,100760
23144,116,90,102420,109190
23145,116,99,139810,140360
23146,116,117,85930,93360
23147,116,117,113110,114640
23148,116,118,85070,109240
23149,116,118,120730,132700
23150,116,123,44150,45110
23151,116,123,46430,46720
23152,116,131,79530,90230
23153,116,131,97100,99500
23154,116,131,104620,111870
23155,116,131,127440,127610
23156,116,131,132790,135940
23157,116,131,139230,139420
23158,116,131,142410,142550
23159,116,131,143990,145210
23160,116,131,231830,246190
23161,116,131,252620,256380
23162,116,131,257550,259470
23163,116,131,261780,266700
23164,116,131,366460,367600
23165,116,131,383910,389230
23166,116,131,392060,395630
23167,116,131,397190,398530
23168,116,131,417460,417910
23169,116,131,453530,457890
23170,116,131,462080,464420
23171,116,131,474270,475490
23172,116,131,612690,613430
23173,116,131,627170,628150
23174,116,131,632750,633710
23175,116,131,649720,651280
23176,116,134,30690,81160
23177,116,134,83390,97510
23178,116,134,109740,110960
23179,116,134,114820,118430
23180,116,134,160290,162840
23181,116,134,239650,243010
23182,116,134,244390,250530
23183,116,137,53650,103230
23184,116,137,104440,104830
23185,116,139,60450,102420
23186,116,144,51510,75510
23187,116,144,78120,102150
23188,116,144,105160,112580
23189,116,144,146580,147250
23190,116,150,45000,45660
23191,116,150,79670,84080
23192,116,150,91340,92890
23193,116,150,95890,105130
23194,116,150,118430,118560
23195,116,150,124930,125130
23196,116,150,130990,137620
23197,116,151,88870,97480
23198,116,151,98640,99270
23199,116,151,102080,102310
23200,116,151,115050,115340
23201,116,151,123490,123910
23202,116,151,126180,126270
23203,116,158,54230,57340
23204,116,158,62230,83810
23205,116,158,85030,94230
23206,116,159,4120,25070
23207,116,159,26100,80840
23208,116,159,81840,83380
23209,116,159,88180,91450
23210,116,159,92640,125820
23211,116,159,132950,133200
23212,116,159,176480,176610
23213,116,159,184180,186620
23214,116,159,190960,194850
23215,116,159,202570,207100
23216,116,159,332520,332840
23217,116,160,91820,111960
23218,116,167,74850,76830
23219,116,167,90110,90470
23220,116,167,97580,109990
23221,116,167,112410,112890
23222,116,167,115090,115210
23223,116,169,84930,105540
23224,116,169,110480,118040
23225,116,169,133310,133620
23226,116,173,29510,36120
23227,116,173,40410,42180
23228,116,173,44050,45230
23229,116,174,65470,66810
23230,116,174,75270,77730
23231,116,177,61090,67410
23232,116,177,89210,93940
23233,116,178,13690,13690
23234,116,178,57660,58350
23235,116,181,93750,110050
23236,116,181,112610,115370
23237,116,187,71710,71780
23238,116,188,116190,120570
23239,116,188,135560,135580
23240,116,188,172270,172850
23241,116,188,175460,175510
23242,116,190,80640,81670
23243,116,190,83010,90760
23244,116,190,91860,105620
23245,116,190,106670,109900
23246,116,190,110980,112200
23247,116,190,113210,113500
23248,116,190,114510,134540
23249,116,190,135790,137550
23250,116,190,138700,148690
23251,116,190,150690,201140
23252,116,190,208140,212940
23253,116,191,54960,123100
23254,116,195,61890,62220
23255,116,195,105700,106090
23256,116,197,85430,91370
23257,116,197,95750,98830
23258,116,197,103080,104890
23259,116,197,106360,109000
23260,116,197,111560,111760
23261,116,201,56610,57340
23262,116,201,63780,65550
23263,116,201,67330,67590
23264,116,201,69570,79050
23265,116,201,81930,91260
23266,116,201,122460,122980
23267,116,203,97580,106320
23268,116,203,107480,118130
23269,116,203,119660,120440
23270,116,203,122300,124620
23271,116,203,137000,140310
23272,116,208,64110,69150
23273,116,208,75050,85360
23274,116,208,88450,93470
23275,116,208,99340,101290
23276,116,208,102740,103760
23277,116,208,105290,119870
23278,116,209,84190,90320
23279,116,209,92990,95640
23280,116,209,96870,105370
23281,116,209,118290,119200
23282,116,209,130390,131280
23283,116,223,21210,24050
23284,116,223,25740,26650
23285,116,223,29890,33140
23286,116,228,28440,29130
23287,116,228,35600,36510
23288,116,228,37850,43970
23289,116,228,51780,64410
23290,116,228,65530,66910
23291,116,228,68120,82020
23292,116,228,83420,84190
23293,116,228,88430,92890
23294,116,228,94110,95000
23295,116,228,96520,100040
23296,116,230,97160,122710
23297,116,230,125390,128070
23298,116,230,138580,142060
23299,116,230,144240,155620
23300,116,230,157070,157630
23301,116,230,158660,158940
23302,116,230,161300,162720
23303,116,230,164680,168830
23304,116,230,170190,170830
23305,116,230,171870,185800
23306,116,234,43950,57260
23307,116,234,60260,91380
23308,116,234,92630,92630
23309,116,234,96280,96480
23310,116,234,97910,102550
23311,116,234,108820,110770
23312,116,234,112430,112880
23313,116,235,85670,96440
23314,116,235,105040,106250
23315,116,237,69680,70640
23316,116,238,37980,39500
23317,116,239,45670,45800
23318,116,240,69390,86070
23319,116,240,94570,108570
23320,116,240,110230,110610
23321,116,240,112500,121680
23322,116,242,50140,50500
23323,116,242,56960,57290
23324,116,242,63710,64630
23325,116,242,77720,78050
23326,116,242,82220,83130
23327,116,242,85480,85800
23328,116,242,86920,87920
23329,116,242,90980,129650
23330,116,242,131290,133820
23331,116,242,134850,142920
23332,116,243,101650,117740
23333,116,243,126370,126370
23334,116,243,127560,143880
23335,116,252,71960,72260
23336,116,252,87020,87120
23337,116,252,91210,91830
23338,116,252,119700,170280
23339,116,253,72040,80020
23340,116,253,90430,96320
23341,116,253,97880,100980
23342,116,253,103310,104910
23343,116,253,106290,106950
23344,116,253,108020,109200
23345,116,253,114730,114890
23346,116,253,115890,128030
23347,116,253,129720,132030
23348,116,253,136930,137160
23349,116,262,110150,110830
23350,116,263,54410,77640
23351,116,263,78930,85050
23352,116,263,112790,113600
23353,116,263,132220,133090
23354,116,263,144540,144990
23355,116,264,40550,40920
23356,116,264,52420,53650
23357,116,264,55540,59140
23358,116,264,63380,66490
23359,116,278,86120,134490
23360,116,279,62790,94170
23361,116,279,106220,111680
23362,116,279,117440,117770
23363,116,279,121270,121750
23364,116,279,123480,127660
23365,116,289,32970,33880
23366,116,289,74540,124700
23367,116,292,88170,111290
23368,116,292,113820,114060
23369,116,292,127650,135930
23370,116,292,139700,140150
23371,116,297,151060,156250
23372,116,297,158520,211400
23373,116,299,29570,31740
23374,116,299,34870,76760
23375,116,299,84920,86000
23376,116,299,92710,93010
23377,116,299,98160,98920
23378,116,300,97860,100530
23379,116,302,104060,130130
23380,116,302,131580,135240
23381,116,302,136800,153290
23382,116,302,155560,175850
23383,116,302,177170,182210
23384,116,302,184260,186860
23385,116,302,188920,192140
23386,116,302,207760,208040
23387,116,302,212790,213380
23388,117,2,55610,55680
23389,117,2,92450,92650
23390,117,2,94600,95560
23391,117,2,118020,122220
23392,117,2,126640,126830
23393,117,2,128110,128280
23394,117,2,172340,175790
23395,117,2,178630,180360
23396,117,2,207830,209280
23397,117,2,231300,233400
23398,117,2,243750,245110
23399,117,71,248130,249090
